{"type": "FeatureCollection", "features": [{"type": "Feature", "properties": {"school_id": "лицей-вторая-школа-в-ф-овчинникова", "name": "Лицей «Вторая школа» им. В. Ф. Овчинникова", "min": 25, "mode": "driving", "method": "isochrone driving reverse:true", "status": "approx: гипотеза A (start_time = выезд), +8–14% (Гейт 2)", "start_time": "2026-10-14T05:05:00Z", "request_hash": null, "was_invalid": false}, "geometry": {"type": "MultiPolygon", "coordinates": [[[[37.504879, 55.645379], [37.509858, 55.64823], [37.512422, 55.647014], [37.51475, 55.647705], [37.515926, 55.649389], [37.499532, 55.65526], [37.503536, 55.656356], [37.509004, 55.661117], [37.515914, 55.657501], [37.521836, 55.656577], [37.517814, 55.653249], [37.521779, 55.651727], [37.528108, 55.651984], [37.52476, 55.655198], [37.526329, 55.656038], [37.528554, 55.655004], [37.529681, 55.656658], [37.531236, 55.65549], [37.53543, 55.656009], [37.543479, 55.65382], [37.548852, 55.657339], [37.553945, 55.656314], [37.553425, 55.653288], [37.558039, 55.654271], [37.562457, 55.652308], [37.564602, 55.653239], [37.561359, 55.655545], [37.563903, 55.658562], [37.571095, 55.656178], [37.575387, 55.658623], [37.578259, 55.658315], [37.579253, 55.661967], [37.586328, 55.660268], [37.58746, 55.661863], [37.581162, 55.66425], [37.585144, 55.665437], [37.583557, 55.666215], [37.586055, 55.668258], [37.597772, 55.665025], [37.597516, 55.660838], [37.601926, 55.664402], [37.603889, 55.663339], [37.607074, 55.664117], [37.593923, 55.668877], [37.595328, 55.670868], [37.599844, 55.66914], [37.601704, 55.669931], [37.60292, 55.67163], [37.598556, 55.673419], [37.599916, 55.674752], [37.612352, 55.66747], [37.618144, 55.66781], [37.619116, 55.665456], [37.623143, 55.665453], [37.62458, 55.668838], [37.627613, 55.669983], [37.628004, 55.673708], [37.62548, 55.676823], [37.626762, 55.679806], [37.624327, 55.68072], [37.624089, 55.690508], [37.627461, 55.688952], [37.626983, 55.686373], [37.633184, 55.68048], [37.635576, 55.682075], [37.648034, 55.682836], [37.652412, 55.684392], [37.635487, 55.684191], [37.630755, 55.686233], [37.627248, 55.694153], [37.627357, 55.701952], [37.629335, 55.691522], [37.632917, 55.686839], [37.640664, 55.684749], [37.658998, 55.686159], [37.659636, 55.687854], [37.654626, 55.687387], [37.653539, 55.68867], [37.646238, 55.686706], [37.645789, 55.689192], [37.632902, 55.690216], [37.64495, 55.6959], [37.645367, 55.700371], [37.642222, 55.702007], [37.655373, 55.701728], [37.665477, 55.707271], [37.667694, 55.705567], [37.667892, 55.707521], [37.66738, 55.70834], [37.670229, 55.709678], [37.666222, 55.71143], [37.665863, 55.713775], [37.669292, 55.719977], [37.663954, 55.718597], [37.659392, 55.726951], [37.663091, 55.726407], [37.664238, 55.731046], [37.673871, 55.731681], [37.669703, 55.734287], [37.671459, 55.736449], [37.667268, 55.737284], [37.665066, 55.739647], [37.676033, 55.740608], [37.675337, 55.744207], [37.680673, 55.74466], [37.678295, 55.748669], [37.670603, 55.749388], [37.673127, 55.752617], [37.670928, 55.757741], [37.678738, 55.760164], [37.673434, 55.761937], [37.666429, 55.757965], [37.66312, 55.757366], [37.66174, 55.758899], [37.67369, 55.764855], [37.669223, 55.767047], [37.658515, 55.765094], [37.650952, 55.76924], [37.655482, 55.771203], [37.652363, 55.775061], [37.648997, 55.775194], [37.645298, 55.771381], [37.642452, 55.77111], [37.637507, 55.773881], [37.632974, 55.773642], [37.630654, 55.778198], [37.623925, 55.776726], [37.621688, 55.777583], [37.624471, 55.778285], [37.622769, 55.781163], [37.614758, 55.781308], [37.610247, 55.774854], [37.607519, 55.777215], [37.608954, 55.780736], [37.605611, 55.781732], [37.603291, 55.780315], [37.599117, 55.781521], [37.597251, 55.779527], [37.600468, 55.778308], [37.599005, 55.776186], [37.596021, 55.778039], [37.586256, 55.775802], [37.58337, 55.778928], [37.58506, 55.781014], [37.580406, 55.780603], [37.576318, 55.782145], [37.581734, 55.782579], [37.580219, 55.786649], [37.576836, 55.785811], [37.574171, 55.787331], [37.577235, 55.789969], [37.575591, 55.791258], [37.579906, 55.791003], [37.590614, 55.792425], [37.591111, 55.793117], [37.588096, 55.792638], [37.572314, 55.796753], [37.571, 55.798588], [37.566502, 55.79873], [37.566395, 55.796116], [37.560686, 55.797457], [37.556412, 55.7946], [37.5573, 55.791982], [37.565383, 55.790311], [37.563084, 55.787964], [37.557389, 55.791733], [37.552405, 55.792389], [37.551815, 55.795198], [37.545885, 55.794846], [37.534582, 55.800414], [37.526122, 55.801972], [37.52599, 55.80076], [37.530164, 55.800495], [37.54032, 55.79524], [37.538532, 55.792341], [37.543778, 55.793324], [37.540259, 55.789109], [37.540923, 55.783959], [37.551528, 55.790185], [37.558916, 55.786458], [37.546865, 55.782559], [37.538629, 55.782957], [37.537419, 55.781906], [37.541915, 55.778479], [37.536505, 55.775423], [37.531406, 55.775058], [37.529942, 55.777541], [37.522477, 55.780626], [37.518967, 55.778256], [37.520243, 55.777001], [37.514767, 55.777192], [37.512195, 55.775857], [37.517932, 55.775077], [37.517219, 55.773645], [37.512008, 55.773357], [37.508245, 55.770408], [37.498684, 55.773638], [37.491012, 55.773367], [37.463346, 55.777651], [37.46629, 55.775598], [37.476101, 55.773994], [37.474143, 55.772477], [37.476041, 55.770288], [37.479686, 55.773402], [37.485757, 55.772494], [37.481801, 55.769179], [37.49526, 55.766401], [37.502527, 55.769334], [37.508964, 55.763114], [37.516015, 55.763528], [37.513727, 55.767969], [37.518363, 55.764007], [37.517176, 55.7613], [37.513103, 55.759754], [37.518021, 55.754361], [37.510185, 55.755981], [37.512922, 55.753697], [37.509035, 55.752326], [37.505316, 55.753545], [37.504479, 55.755914], [37.500555, 55.75404], [37.482279, 55.753856], [37.481157, 55.752888], [37.488557, 55.751268], [37.489707, 55.747715], [37.466189, 55.740258], [37.465629, 55.734102], [37.461024, 55.730878], [37.459615, 55.732558], [37.454035, 55.730444], [37.454099, 55.728301], [37.409048, 55.727709], [37.405963, 55.728479], [37.407225, 55.732005], [37.405521, 55.732726], [37.404776, 55.728337], [37.392108, 55.730256], [37.381124, 55.729036], [37.374107, 55.732374], [37.377143, 55.735598], [37.374004, 55.736449], [37.374946, 55.738753], [37.368401, 55.75415], [37.367021, 55.747559], [37.370554, 55.736281], [37.37363, 55.734889], [37.372319, 55.730969], [37.352602, 55.730745], [37.342219, 55.726265], [37.328199, 55.724073], [37.321183, 55.718701], [37.323005, 55.717292], [37.330462, 55.722836], [37.344522, 55.72495], [37.354177, 55.729968], [37.372095, 55.729891], [37.378034, 55.727854], [37.382052, 55.716855], [37.384847, 55.715948], [37.383245, 55.721984], [37.385295, 55.725157], [37.380469, 55.727815], [37.389038, 55.729246], [37.401991, 55.727909], [37.399901, 55.72517], [37.391381, 55.721673], [37.399099, 55.722169], [37.40206, 55.717078], [37.402413, 55.72201], [37.404543, 55.7227], [37.405061, 55.717515], [37.407892, 55.715262], [37.410387, 55.715355], [37.411253, 55.71781], [37.413601, 55.717234], [37.418497, 55.719582], [37.410224, 55.719122], [37.408588, 55.722204], [37.408815, 55.724707], [37.416574, 55.724821], [37.418577, 55.725902], [37.417036, 55.72653], [37.454217, 55.725931], [37.449223, 55.723584], [37.444342, 55.723425], [37.443132, 55.721171], [37.451411, 55.721712], [37.452739, 55.723513], [37.460288, 55.724934], [37.461906, 55.719934], [37.463404, 55.725216], [37.478024, 55.727223], [37.47711, 55.723755], [37.470593, 55.721919], [37.471165, 55.720417], [37.476213, 55.720997], [37.47174, 55.715443], [37.471953, 55.710973], [37.465908, 55.70869], [37.476354, 55.704489], [37.466005, 55.702723], [37.465298, 55.701061], [37.453535, 55.701388], [37.444728, 55.692102], [37.43765, 55.689318], [37.43322, 55.68985], [37.429989, 55.688447], [37.427374, 55.69055], [37.424674, 55.686962], [37.425726, 55.685527], [37.431559, 55.684791], [37.431832, 55.6868], [37.435394, 55.687299], [37.439737, 55.683595], [37.445716, 55.682862], [37.44423, 55.685044], [37.449218, 55.687996], [37.451894, 55.68634], [37.447685, 55.68375], [37.450652, 55.682956], [37.456649, 55.686671], [37.452055, 55.690893], [37.459106, 55.696062], [37.448927, 55.692138], [37.453722, 55.698074], [37.459601, 55.699972], [37.461389, 55.695453], [37.466894, 55.692135], [37.465281, 55.689189], [37.473888, 55.685705], [37.456999, 55.674191], [37.457712, 55.672716], [37.464542, 55.675789], [37.468383, 55.673695], [37.473617, 55.675809], [37.470829, 55.681106], [37.472505, 55.680363], [37.475494, 55.683232], [37.47711, 55.682623], [37.482089, 55.676859], [37.474819, 55.674048], [37.476038, 55.671435], [37.470771, 55.667927], [37.472151, 55.666672], [37.477515, 55.668235], [37.479996, 55.659612], [37.484179, 55.660598], [37.490897, 55.656518], [37.482299, 55.652143], [37.481842, 55.650018], [37.490506, 55.651591], [37.499083, 55.648571], [37.498928, 55.650187], [37.493596, 55.652652], [37.496284, 55.654079], [37.507989, 55.649476], [37.501846, 55.646294], [37.504879, 55.645379]]]]}}, {"type": "Feature", "properties": {"school_id": "лицей-вторая-школа-в-ф-овчинникова", "name": "Лицей «Вторая школа» им. В. Ф. Овчинникова", "min": 30, "mode": "driving", "method": "isochrone driving reverse:true", "status": "approx: гипотеза A (start_time = выезд), +8–14% (Гейт 2)", "start_time": "2026-10-14T05:00:00Z", "request_hash": null, "was_invalid": false}, "geometry": {"type": "MultiPolygon", "coordinates": [[[[37.509633, 55.636874], [37.511076, 55.638409], [37.506029, 55.640502], [37.50999, 55.64363], [37.508535, 55.641002], [37.513094, 55.638828], [37.515135, 55.639646], [37.513215, 55.642228], [37.517061, 55.645019], [37.525254, 55.640025], [37.529643, 55.640671], [37.530555, 55.644986], [37.536928, 55.644561], [37.532679, 55.646839], [37.533162, 55.648393], [37.540073, 55.646563], [37.540923, 55.644023], [37.544646, 55.644409], [37.55039, 55.642193], [37.546095, 55.646138], [37.552767, 55.649632], [37.560715, 55.649025], [37.557038, 55.643056], [37.554572, 55.643513], [37.556722, 55.64194], [37.562175, 55.644684], [37.565217, 55.648782], [37.570584, 55.648088], [37.56733, 55.650813], [37.577258, 55.647624], [37.582625, 55.651663], [37.584896, 55.650462], [37.585986, 55.651517], [37.587791, 55.650362], [37.594578, 55.651111], [37.596763, 55.653512], [37.590749, 55.653006], [37.589823, 55.654579], [37.594101, 55.657835], [37.598712, 55.653547], [37.603555, 55.655367], [37.603972, 55.652032], [37.60664, 55.651705], [37.607632, 55.655367], [37.614076, 55.655912], [37.613904, 55.657316], [37.608802, 55.657949], [37.611334, 55.659502], [37.617647, 55.658795], [37.619728, 55.659966], [37.612938, 55.661056], [37.614548, 55.663102], [37.61652, 55.662051], [37.628332, 55.663021], [37.622447, 55.664273], [37.626771, 55.665625], [37.626156, 55.668258], [37.630094, 55.668186], [37.627251, 55.669509], [37.628976, 55.674084], [37.632851, 55.673316], [37.638945, 55.678866], [37.650458, 55.676402], [37.656477, 55.677109], [37.661947, 55.680266], [37.661479, 55.676655], [37.664109, 55.675387], [37.661556, 55.675323], [37.664517, 55.674528], [37.668062, 55.678561], [37.665903, 55.679193], [37.667222, 55.684331], [37.669996, 55.684752], [37.673733, 55.682956], [37.674116, 55.685637], [37.677289, 55.687027], [37.666334, 55.68634], [37.682906, 55.692672], [37.685482, 55.699033], [37.688854, 55.700011], [37.687301, 55.701482], [37.682317, 55.699529], [37.678804, 55.701246], [37.6876, 55.704472], [37.684387, 55.710643], [37.687549, 55.712531], [37.686083, 55.713772], [37.68265, 55.712693], [37.681768, 55.71361], [37.69255, 55.717687], [37.695508, 55.717299], [37.696595, 55.718791], [37.693674, 55.720252], [37.680437, 55.716531], [37.676792, 55.720158], [37.687198, 55.723856], [37.695258, 55.721965], [37.697317, 55.719339], [37.700645, 55.719957], [37.704535, 55.717859], [37.708318, 55.718072], [37.705662, 55.719598], [37.70373, 55.718947], [37.703603, 55.722778], [37.691904, 55.724992], [37.682248, 55.729133], [37.682639, 55.732024], [37.685387, 55.730017], [37.688437, 55.731098], [37.68927, 55.729596], [37.693536, 55.729424], [37.688207, 55.733008], [37.69138, 55.734911], [37.690185, 55.73707], [37.702189, 55.735863], [37.702445, 55.737666], [37.697018, 55.7372], [37.696578, 55.739605], [37.692752, 55.740605], [37.688095, 55.746521], [37.696377, 55.746825], [37.69959, 55.743831], [37.707159, 55.742929], [37.704816, 55.746119], [37.700706, 55.745737], [37.700864, 55.747957], [37.711276, 55.748271], [37.711393, 55.749624], [37.714777, 55.748854], [37.719514, 55.751788], [37.711425, 55.753985], [37.710491, 55.75161], [37.705682, 55.752038], [37.704483, 55.750148], [37.698535, 55.749689], [37.692602, 55.75824], [37.685467, 55.759301], [37.691809, 55.759546], [37.686945, 55.764683], [37.690768, 55.768215], [37.694341, 55.768474], [37.695931, 55.772439], [37.700168, 55.775255], [37.697564, 55.775915], [37.694442, 55.773596], [37.691079, 55.774702], [37.687316, 55.773438], [37.684484, 55.77576], [37.685189, 55.7778], [37.681216, 55.777528], [37.674248, 55.781563], [37.668473, 55.782614], [37.658731, 55.790049], [37.656753, 55.789283], [37.664647, 55.782368], [37.663066, 55.779197], [37.653873, 55.776849], [37.653013, 55.782317], [37.650182, 55.782957], [37.649055, 55.778818], [37.645666, 55.781334], [37.643803, 55.78748], [37.640095, 55.788708], [37.63751, 55.786555], [37.634276, 55.792063], [37.632491, 55.788023], [37.627441, 55.786419], [37.623272, 55.792764], [37.612079, 55.793644], [37.614022, 55.795088], [37.61134, 55.795996], [37.607824, 55.796206], [37.602949, 55.793379], [37.599496, 55.795292], [37.595248, 55.793482], [37.586957, 55.79502], [37.587751, 55.799926], [37.585092, 55.802844], [37.587667, 55.806017], [37.581723, 55.809448], [37.574292, 55.806873], [37.572283, 55.802692], [37.567608, 55.805704], [37.553787, 55.803739], [37.549527, 55.807523], [37.545339, 55.808188], [37.548607, 55.804802], [37.544292, 55.803416], [37.543528, 55.800892], [37.54122, 55.802418], [37.541809, 55.800918], [37.535479, 55.799946], [37.527053, 55.805125], [37.527878, 55.810169], [37.519358, 55.807959], [37.519298, 55.812114], [37.516185, 55.809794], [37.5122, 55.809461], [37.515012, 55.806596], [37.511933, 55.806802], [37.511818, 55.808198], [37.509849, 55.807846], [37.50583, 55.813981], [37.501875, 55.814982], [37.496741, 55.821239], [37.494197, 55.819637], [37.500029, 55.815121], [37.493791, 55.813978], [37.490373, 55.810582], [37.469869, 55.815341], [37.468518, 55.814359], [37.467509, 55.816032], [37.46378, 55.815128], [37.46963, 55.811752], [37.473364, 55.811571], [37.474557, 55.808967], [37.481698, 55.808188], [37.482623, 55.805827], [37.485124, 55.80593], [37.485731, 55.808799], [37.488695, 55.809452], [37.493004, 55.80519], [37.495203, 55.806932], [37.500644, 55.806734], [37.493748, 55.804382], [37.495269, 55.802573], [37.504387, 55.801409], [37.505163, 55.804389], [37.509234, 55.804932], [37.50577, 55.800724], [37.50976, 55.800259], [37.506132, 55.788624], [37.509357, 55.785394], [37.510386, 55.779423], [37.504235, 55.778181], [37.501429, 55.787922], [37.497908, 55.78841], [37.494797, 55.785811], [37.499359, 55.783846], [37.49915, 55.780248], [37.491724, 55.778282], [37.494789, 55.776756], [37.497804, 55.777418], [37.495536, 55.776264], [37.487105, 55.775646], [37.478915, 55.776206], [37.482494, 55.784101], [37.486271, 55.785892], [37.490431, 55.792099], [37.482296, 55.789419], [37.481678, 55.787182], [37.478818, 55.787476], [37.475954, 55.784596], [37.473103, 55.784897], [37.472976, 55.783287], [37.478432, 55.7821], [37.475667, 55.776859], [37.469596, 55.777464], [37.46928, 55.781712], [37.466718, 55.778214], [37.462478, 55.77898], [37.465899, 55.784761], [37.464148, 55.785702], [37.454694, 55.784253], [37.453282, 55.780901], [37.450163, 55.780771], [37.448013, 55.790146], [37.444911, 55.780729], [37.440778, 55.782139], [37.445087, 55.784156], [37.444871, 55.788129], [37.44012, 55.788889], [37.433853, 55.785999], [37.432666, 55.782191], [37.437052, 55.782967], [37.436015, 55.781101], [37.439409, 55.779572], [37.430556, 55.7749], [37.435313, 55.77478], [37.445941, 55.778311], [37.436845, 55.773616], [37.407809, 55.772552], [37.40392, 55.773522], [37.409074, 55.770899], [37.415128, 55.771983], [37.423981, 55.770938], [37.428253, 55.764551], [37.430763, 55.764441], [37.433496, 55.766637], [37.430262, 55.76891], [37.432536, 55.771776], [37.440269, 55.772306], [37.439941, 55.773819], [37.448148, 55.777739], [37.452581, 55.77715], [37.467339, 55.767132], [37.473658, 55.76793], [37.467359, 55.764855], [37.464758, 55.761775], [37.466531, 55.759524], [37.463887, 55.759663], [37.461389, 55.756104], [37.466425, 55.757605], [37.468207, 55.755972], [37.475926, 55.756787], [37.476041, 55.759521], [37.47352, 55.760171], [37.47525, 55.761591], [37.479666, 55.760501], [37.484866, 55.762484], [37.496384, 55.762273], [37.499138, 55.76141], [37.496953, 55.757913], [37.502248, 55.75516], [37.501076, 55.754319], [37.481008, 55.754568], [37.480991, 55.752167], [37.488396, 55.751164], [37.489379, 55.748219], [37.464301, 55.739423], [37.463013, 55.74032], [37.459262, 55.738961], [37.457284, 55.735183], [37.452403, 55.736371], [37.452135, 55.732969], [37.447697, 55.731299], [37.434566, 55.740252], [37.432723, 55.739893], [37.426517, 55.744136], [37.424508, 55.743676], [37.424226, 55.747372], [37.422829, 55.745822], [37.415829, 55.747883], [37.415438, 55.746595], [37.418655, 55.744686], [37.416916, 55.743077], [37.412742, 55.743362], [37.413593, 55.740097], [37.405808, 55.743492], [37.403221, 55.742485], [37.398101, 55.744165], [37.390038, 55.737844], [37.391723, 55.736656], [37.39629, 55.737825], [37.399961, 55.735407], [37.391826, 55.73584], [37.380285, 55.733397], [37.380483, 55.735093], [37.375424, 55.736899], [37.372839, 55.747252], [37.369766, 55.747912], [37.36972, 55.751743], [37.37271, 55.754024], [37.371382, 55.764738], [37.377899, 55.765634], [37.394962, 55.756787], [37.397311, 55.757334], [37.388569, 55.764195], [37.384481, 55.763865], [37.386353, 55.76599], [37.383961, 55.767429], [37.382817, 55.765851], [37.380167, 55.765964], [37.379336, 55.768726], [37.370798, 55.771844], [37.370905, 55.773891], [37.378361, 55.775084], [37.377821, 55.776604], [37.372854, 55.776397], [37.370611, 55.784971], [37.373187, 55.789358], [37.378373, 55.788013], [37.375225, 55.790554], [37.380612, 55.796404], [37.377065, 55.79631], [37.371419, 55.789697], [37.366323, 55.792121], [37.363675, 55.790809], [37.369203, 55.787922], [37.367196, 55.784098], [37.369122, 55.782585], [37.36866, 55.774094], [37.363845, 55.77424], [37.359056, 55.777043], [37.362361, 55.783131], [37.359449, 55.785026], [37.352579, 55.78392], [37.356471, 55.780235], [37.355244, 55.778123], [37.352329, 55.779074], [37.342958, 55.773047], [37.345677, 55.77217], [37.352907, 55.77585], [37.364307, 55.771291], [37.359251, 55.769227], [37.364359, 55.768707], [37.363474, 55.766019], [37.344303, 55.760973], [37.327711, 55.749818], [37.329528, 55.748902], [37.333357, 55.75031], [37.344711, 55.757838], [37.364388, 55.76161], [37.365684, 55.747006], [37.370295, 55.736022], [37.37344, 55.734892], [37.372233, 55.731011], [37.352225, 55.730891], [37.342414, 55.725798], [37.33273, 55.725578], [37.325411, 55.723098], [37.326265, 55.726375], [37.323594, 55.72666], [37.321582, 55.724995], [37.314255, 55.728615], [37.313272, 55.727006], [37.31819, 55.725902], [37.318604, 55.723334], [37.309612, 55.718034], [37.308379, 55.715187], [37.311504, 55.709684], [37.307534, 55.709182], [37.304059, 55.706591], [37.30098, 55.701822], [37.296001, 55.70075], [37.293905, 55.697879], [37.290536, 55.698223], [37.27253, 55.693884], [37.269011, 55.697335], [37.270098, 55.698813], [37.267907, 55.699107], [37.270311, 55.703134], [37.267272, 55.703339], [37.266648, 55.69333], [37.248849, 55.690378], [37.240337, 55.68459], [37.249933, 55.689338], [37.257131, 55.689325], [37.26829, 55.691823], [37.271368, 55.690236], [37.271489, 55.683747], [37.26925, 55.682451], [37.27355, 55.68166], [37.277293, 55.683436], [37.275111, 55.691153], [37.297709, 55.696561], [37.309193, 55.703028], [37.312789, 55.707925], [37.316301, 55.706857], [37.315361, 55.696123], [37.320697, 55.696567], [37.317977, 55.697818], [37.319277, 55.698868], [37.325489, 55.694594], [37.324997, 55.69671], [37.327731, 55.697335], [37.326673, 55.70123], [37.325109, 55.702778], [37.32193, 55.701233], [37.319995, 55.707508], [37.322117, 55.708703], [37.321085, 55.712865], [37.328378, 55.721382], [37.346913, 55.724853], [37.34798, 55.72721], [37.353847, 55.729816], [37.372112, 55.72981], [37.377965, 55.726575], [37.376901, 55.725131], [37.371902, 55.725125], [37.368507, 55.727893], [37.366426, 55.724235], [37.361568, 55.723092], [37.364391, 55.721809], [37.35784, 55.720045], [37.365173, 55.719005], [37.366173, 55.716683], [37.371048, 55.716042], [37.372514, 55.718111], [37.369398, 55.719442], [37.369332, 55.722574], [37.377832, 55.722104], [37.382883, 55.714238], [37.366251, 55.711038], [37.353568, 55.703604], [37.358659, 55.703044], [37.362982, 55.707291], [37.367472, 55.703575], [37.369301, 55.705136], [37.36726, 55.708625], [37.369876, 55.707514], [37.37373, 55.709257], [37.379546, 55.706374], [37.378712, 55.703692], [37.380089, 55.705204], [37.383654, 55.70479], [37.384663, 55.70686], [37.381173, 55.70822], [37.380673, 55.71053], [37.382469, 55.711803], [37.390579, 55.707087], [37.387994, 55.704978], [37.393565, 55.703876], [37.395822, 55.701466], [37.387278, 55.695987], [37.380213, 55.695203], [37.381328, 55.693], [37.385085, 55.692031], [37.393968, 55.697581], [37.401183, 55.693975], [37.398067, 55.697695], [37.399711, 55.700222], [37.401804, 55.697219], [37.410408, 55.69299], [37.41545, 55.687108], [37.415191, 55.69147], [37.407105, 55.698693], [37.415849, 55.704058], [37.420897, 55.700847], [37.421161, 55.697442], [37.423619, 55.696924], [37.422346, 55.69543], [37.424953, 55.695349], [37.423671, 55.693959], [37.4247, 55.69391], [37.426517, 55.694562], [37.425703, 55.697348], [37.427779, 55.698045], [37.419825, 55.702989], [37.423303, 55.707407], [37.42094, 55.714795], [37.417123, 55.716414], [37.411296, 55.714015], [37.411187, 55.716861], [37.420509, 55.718186], [37.432338, 55.717561], [37.432646, 55.714912], [37.437716, 55.710753], [37.440887, 55.714364], [37.448298, 55.716252], [37.451747, 55.711472], [37.441761, 55.712577], [37.440735, 55.711009], [37.44396, 55.7103], [37.442994, 55.708434], [37.446041, 55.70787], [37.4501, 55.701751], [37.453239, 55.702545], [37.450339, 55.708625], [37.457338, 55.701855], [37.453153, 55.700974], [37.444667, 55.692144], [37.437642, 55.68951], [37.432758, 55.689999], [37.430803, 55.688187], [37.42704, 55.690715], [37.425324, 55.689137], [37.427471, 55.687565], [37.417896, 55.685193], [37.413245, 55.682178], [37.419267, 55.680869], [37.417884, 55.682571], [37.427405, 55.685786], [37.431984, 55.684049], [37.431895, 55.686402], [37.435388, 55.687056], [37.439654, 55.683319], [37.44582, 55.682642], [37.446855, 55.684583], [37.448654, 55.68214], [37.45321, 55.682065], [37.454884, 55.676386], [37.465172, 55.685134], [37.472378, 55.686408], [37.471108, 55.683708], [37.452601, 55.67257], [37.452638, 55.675015], [37.446628, 55.673254], [37.441468, 55.67613], [37.437159, 55.676305], [37.435698, 55.679352], [37.431706, 55.68001], [37.433988, 55.676464], [37.441701, 55.673371], [37.440117, 55.670194], [37.445087, 55.671374], [37.438593, 55.664052], [37.441453, 55.664146], [37.450767, 55.669736], [37.455657, 55.667554], [37.453346, 55.661542], [37.459287, 55.666267], [37.463073, 55.663381], [37.471441, 55.663605], [37.470392, 55.657216], [37.466071, 55.656541], [37.470015, 55.653648], [37.474767, 55.654712], [37.47519, 55.649437], [37.479433, 55.648772], [37.466198, 55.64303], [37.464467, 55.64023], [37.469912, 55.640548], [37.469912, 55.641807], [37.475954, 55.638851], [37.478263, 55.640528], [37.472651, 55.643565], [37.480289, 55.647539], [37.489071, 55.644383], [37.47972, 55.641281], [37.481137, 55.640142], [37.485906, 55.640028], [37.492889, 55.643221], [37.497238, 55.640142], [37.500561, 55.640327], [37.509633, 55.636874]]]]}}, {"type": "Feature", "properties": {"school_id": "лицей-вторая-школа-в-ф-овчинникова", "name": "Лицей «Вторая школа» им. В. Ф. Овчинникова", "min": 35, "mode": "driving", "method": "isochrone driving reverse:true", "status": "approx: гипотеза A (start_time = выезд), +8–14% (Гейт 2)", "start_time": "2026-10-14T04:55:00Z", "request_hash": "98b945c40bf3bb253d53eea115c0164e66140dd1", "was_invalid": false}, "geometry": {"type": "MultiPolygon", "coordinates": [[[[37.545166, 55.619376], [37.541815, 55.629589], [37.545333, 55.635041], [37.548952, 55.638516], [37.557579, 55.640785], [37.566234, 55.646874], [37.585983, 55.642533], [37.588285, 55.638867], [37.590749, 55.64121], [37.593517, 55.639341], [37.595271, 55.64192], [37.598999, 55.640746], [37.597648, 55.644454], [37.603371, 55.644039], [37.605381, 55.641508], [37.609796, 55.641356], [37.610653, 55.642858], [37.606559, 55.644951], [37.612941, 55.644944], [37.617563, 55.643481], [37.61777, 55.637757], [37.620533, 55.63741], [37.622295, 55.640943], [37.62095, 55.651763], [37.623131, 55.654572], [37.621556, 55.661789], [37.630824, 55.662476], [37.640049, 55.657125], [37.646335, 55.656327], [37.643061, 55.659165], [37.644386, 55.661224], [37.652832, 55.6664], [37.660013, 55.665226], [37.662212, 55.666092], [37.66659, 55.675682], [37.680609, 55.675819], [37.6791, 55.678801], [37.668605, 55.677764], [37.674791, 55.681157], [37.667599, 55.680412], [37.667544, 55.68436], [37.673431, 55.682768], [37.674498, 55.685753], [37.684093, 55.689506], [37.669916, 55.687027], [37.682981, 55.691331], [37.685479, 55.693703], [37.683723, 55.696127], [37.691898, 55.70283], [37.708752, 55.698894], [37.707976, 55.701068], [37.695781, 55.704482], [37.703865, 55.706759], [37.701473, 55.710102], [37.70237, 55.713581], [37.698466, 55.718186], [37.70465, 55.718157], [37.706613, 55.716058], [37.721834, 55.711641], [37.72629, 55.708683], [37.727471, 55.709989], [37.736955, 55.708236], [37.734767, 55.710501], [37.730613, 55.71016], [37.730053, 55.714348], [37.725384, 55.716939], [37.71206, 55.72133], [37.712474, 55.723312], [37.715978, 55.722412], [37.719692, 55.723775], [37.724643, 55.727828], [37.724976, 55.730616], [37.727989, 55.731451], [37.721455, 55.732186], [37.707697, 55.739423], [37.708959, 55.742119], [37.714326, 55.743323], [37.712371, 55.747931], [37.716752, 55.743783], [37.720868, 55.744158], [37.722303, 55.741731], [37.724855, 55.748103], [37.728127, 55.747233], [37.7266, 55.74932], [37.721368, 55.750494], [37.72798, 55.753083], [37.726592, 55.755791], [37.717976, 55.754396], [37.722113, 55.760831], [37.719899, 55.765285], [37.716493, 55.765333], [37.715973, 55.762542], [37.707567, 55.763034], [37.706435, 55.764204], [37.705351, 55.762607], [37.711086, 55.75966], [37.704331, 55.761387], [37.700757, 55.764082], [37.70488, 55.766676], [37.700642, 55.76729], [37.703704, 55.771329], [37.697529, 55.768322], [37.69383, 55.76991], [37.702934, 55.777192], [37.703615, 55.780222], [37.699605, 55.782194], [37.701341, 55.782815], [37.698705, 55.788184], [37.696394, 55.783733], [37.693838, 55.784244], [37.693249, 55.781997], [37.689943, 55.781263], [37.687342, 55.784796], [37.68441, 55.784758], [37.686149, 55.785213], [37.685174, 55.789416], [37.682685, 55.788349], [37.676915, 55.791569], [37.674598, 55.790951], [37.673331, 55.792768], [37.665391, 55.792296], [37.658225, 55.794985], [37.637812, 55.793579], [37.635104, 55.797027], [37.638169, 55.80349], [37.636634, 55.804531], [37.630847, 55.792994], [37.626641, 55.793792], [37.62427, 55.799125], [37.61865, 55.800007], [37.616764, 55.798789], [37.615195, 55.803322], [37.615373, 55.800605], [37.60733, 55.800572], [37.59906, 55.798569], [37.597812, 55.802347], [37.593833, 55.802996], [37.596688, 55.79641], [37.591005, 55.793728], [37.586932, 55.795318], [37.587397, 55.805413], [37.583318, 55.807419], [37.577928, 55.814701], [37.577149, 55.810427], [37.572329, 55.810246], [37.572254, 55.808825], [37.567332, 55.812117], [37.567913, 55.809141], [37.562207, 55.806722], [37.565565, 55.805478], [37.559603, 55.804059], [37.553764, 55.804088], [37.543502, 55.810166], [37.53618, 55.80782], [37.537465, 55.811277], [37.530854, 55.813952], [37.520531, 55.81232], [37.51678, 55.813312], [37.510016, 55.807985], [37.506463, 55.813816], [37.512103, 55.81577], [37.505281, 55.816261], [37.501653, 55.820254], [37.504669, 55.821743], [37.49704, 55.823099], [37.507245, 55.829377], [37.506756, 55.830678], [37.494823, 55.825692], [37.488729, 55.830623], [37.487712, 55.828915], [37.492138, 55.82265], [37.487829, 55.820906], [37.489867, 55.818335], [37.485745, 55.817208], [37.484817, 55.815315], [37.478855, 55.815276], [37.479056, 55.81371], [37.45384, 55.819853], [37.452342, 55.818594], [37.456709, 55.815774], [37.450106, 55.81496], [37.46297, 55.810944], [37.468906, 55.811933], [37.466897, 55.80865], [37.47364, 55.80688], [37.476337, 55.800941], [37.482968, 55.797651], [37.48283, 55.793175], [37.477906, 55.789587], [37.466074, 55.791381], [37.46159, 55.790069], [37.463289, 55.787376], [37.458014, 55.785233], [37.455269, 55.78884], [37.4524, 55.788769], [37.454035, 55.782381], [37.450747, 55.780775], [37.448901, 55.79034], [37.451894, 55.79121], [37.447217, 55.793298], [37.443701, 55.788569], [37.440821, 55.789455], [37.42886, 55.785621], [37.411373, 55.791475], [37.409649, 55.786742], [37.41127, 55.785824], [37.414714, 55.787541], [37.416257, 55.786054], [37.41012, 55.783138], [37.407547, 55.783603], [37.40638, 55.78134], [37.42048, 55.784984], [37.424174, 55.784221], [37.433304, 55.78158], [37.435123, 55.77943], [37.43899, 55.779565], [37.429739, 55.77661], [37.430421, 55.77457], [37.435776, 55.774641], [37.445849, 55.778288], [37.436612, 55.773732], [37.433059, 55.773053], [37.420469, 55.774722], [37.410143, 55.772794], [37.398507, 55.778188], [37.396989, 55.780645], [37.398878, 55.781667], [37.395759, 55.782181], [37.389115, 55.788026], [37.395135, 55.78885], [37.398625, 55.7863], [37.40463, 55.788459], [37.400821, 55.789264], [37.402405, 55.791391], [37.399875, 55.792121], [37.397472, 55.79035], [37.39596, 55.793346], [37.383202, 55.7945], [37.38869, 55.798365], [37.382351, 55.798963], [37.387641, 55.803507], [37.388049, 55.806676], [37.393447, 55.80835], [37.392812, 55.809574], [37.388793, 55.809526], [37.391214, 55.811458], [37.390883, 55.817925], [37.393298, 55.819427], [37.389512, 55.822466], [37.39086, 55.819039], [37.388655, 55.813215], [37.385148, 55.813193], [37.384737, 55.809833], [37.382443, 55.810611], [37.382619, 55.813425], [37.373052, 55.810104], [37.371342, 55.801561], [37.366633, 55.797557], [37.358377, 55.79481], [37.354376, 55.796717], [37.357477, 55.80106], [37.354646, 55.8017], [37.351484, 55.798734], [37.348322, 55.801697], [37.344487, 55.802385], [37.344131, 55.799687], [37.348897, 55.797205], [37.347776, 55.796213], [37.35134, 55.795996], [37.35554, 55.792293], [37.352156, 55.789859], [37.352769, 55.786587], [37.345349, 55.782158], [37.348808, 55.781101], [37.352533, 55.782291], [37.3542, 55.779801], [37.348805, 55.777845], [37.342653, 55.772432], [37.346879, 55.768364], [37.354157, 55.770518], [37.351375, 55.772076], [37.346675, 55.771853], [37.350202, 55.775087], [37.359619, 55.77314], [37.36423, 55.771164], [37.35869, 55.769227], [37.360631, 55.768073], [37.364198, 55.768619], [37.363054, 55.765948], [37.342998, 55.761057], [37.328438, 55.751015], [37.326078, 55.752668], [37.318843, 55.752144], [37.319343, 55.753539], [37.315258, 55.753998], [37.310802, 55.75153], [37.306913, 55.755797], [37.300629, 55.756441], [37.305864, 55.753694], [37.305996, 55.747915], [37.299609, 55.74844], [37.29743, 55.750679], [37.295849, 55.749193], [37.301239, 55.745718], [37.296021, 55.745178], [37.292793, 55.7481], [37.291304, 55.746585], [37.295923, 55.742197], [37.297165, 55.74411], [37.305404, 55.743838], [37.31236, 55.747116], [37.33423, 55.748954], [37.346767, 55.758285], [37.365193, 55.762199], [37.365506, 55.74655], [37.370108, 55.735993], [37.3734, 55.734898], [37.370071, 55.733665], [37.372181, 55.73104], [37.36868, 55.731024], [37.367576, 55.732225], [37.36638, 55.731004], [37.353778, 55.730998], [37.345729, 55.734047], [37.349219, 55.729722], [37.342279, 55.725857], [37.332069, 55.726766], [37.33104, 55.72518], [37.323054, 55.723095], [37.314674, 55.71543], [37.313303, 55.717593], [37.321887, 55.722842], [37.319705, 55.723613], [37.314407, 55.721486], [37.308132, 55.715297], [37.310368, 55.709079], [37.304907, 55.707407], [37.300905, 55.701884], [37.296234, 55.701123], [37.295136, 55.702111], [37.295141, 55.700595], [37.28834, 55.700867], [37.274815, 55.697708], [37.271564, 55.699953], [37.27376, 55.712204], [37.26831, 55.71872], [37.272159, 55.720909], [37.274456, 55.719352], [37.276563, 55.72371], [37.27071, 55.722784], [37.261411, 55.718092], [37.266709, 55.716363], [37.269178, 55.711181], [37.263535, 55.702211], [37.264354, 55.694024], [37.252295, 55.692971], [37.246828, 55.689293], [37.230195, 55.696911], [37.229871, 55.694727], [37.244724, 55.688324], [37.239673, 55.687147], [37.232153, 55.681028], [37.207748, 55.680075], [37.186473, 55.675673], [37.183704, 55.677533], [37.181531, 55.674603], [37.17759, 55.674823], [37.177791, 55.67327], [37.172979, 55.67482], [37.17552, 55.671215], [37.179073, 55.673014], [37.200101, 55.676237], [37.217501, 55.676953], [37.220971, 55.678217], [37.224248, 55.677264], [37.219861, 55.671111], [37.223058, 55.66496], [37.221833, 55.661759], [37.208849, 55.661909], [37.207285, 55.660015], [37.212344, 55.658717], [37.22066, 55.660543], [37.216964, 55.65549], [37.213448, 55.653664], [37.194524, 55.654222], [37.185625, 55.652133], [37.178726, 55.647591], [37.17623, 55.642949], [37.180424, 55.643387], [37.185492, 55.650235], [37.194352, 55.652272], [37.209653, 55.651157], [37.212384, 55.652876], [37.215797, 55.652409], [37.224938, 55.660238], [37.237606, 55.660666], [37.238707, 55.662408], [37.243723, 55.662836], [37.238768, 55.664088], [37.226956, 55.662846], [37.225668, 55.670369], [37.226944, 55.673338], [37.231989, 55.67624], [37.231616, 55.673886], [37.240248, 55.671889], [37.241889, 55.676204], [37.244928, 55.676645], [37.238417, 55.679864], [37.239851, 55.683167], [37.245586, 55.686382], [37.245741, 55.682869], [37.254135, 55.687883], [37.256222, 55.686829], [37.250315, 55.682039], [37.256044, 55.681397], [37.258712, 55.685507], [37.264303, 55.682606], [37.261762, 55.680859], [37.256038, 55.680286], [37.255593, 55.677349], [37.259499, 55.67625], [37.264119, 55.678862], [37.265642, 55.677277], [37.263685, 55.674509], [37.268112, 55.675627], [37.272216, 55.67316], [37.274427, 55.674418], [37.278302, 55.673854], [37.280205, 55.67661], [37.276336, 55.678519], [37.282651, 55.679754], [37.284057, 55.685744], [37.281441, 55.686609], [37.280527, 55.684243], [37.278779, 55.684901], [37.275511, 55.690936], [37.297892, 55.696457], [37.308353, 55.702224], [37.312323, 55.707764], [37.314608, 55.707819], [37.317095, 55.701252], [37.308554, 55.700601], [37.31364, 55.698754], [37.314482, 55.693978], [37.319685, 55.690897], [37.314419, 55.689733], [37.314718, 55.687996], [37.323833, 55.688699], [37.32615, 55.690692], [37.337683, 55.693816], [37.342731, 55.693081], [37.341911, 55.690858], [37.345723, 55.689205], [37.345257, 55.692118], [37.348138, 55.694124], [37.345335, 55.695411], [37.351119, 55.698813], [37.354137, 55.697815], [37.353545, 55.70201], [37.35598, 55.70272], [37.358748, 55.700711], [37.359369, 55.703264], [37.367585, 55.7034], [37.361303, 55.701012], [37.36193, 55.699687], [37.366015, 55.699697], [37.366173, 55.69591], [37.370267, 55.696846], [37.372279, 55.695151], [37.376824, 55.695819], [37.380425, 55.693476], [37.374466, 55.690077], [37.366136, 55.691681], [37.359806, 55.684908], [37.356756, 55.687889], [37.352033, 55.68353], [37.353723, 55.68223], [37.356072, 55.683977], [37.358642, 55.681978], [37.356848, 55.677916], [37.360401, 55.675815], [37.365293, 55.678136], [37.372115, 55.67636], [37.365569, 55.681164], [37.36874, 55.683375], [37.37359, 55.682305], [37.371689, 55.685018], [37.380256, 55.690359], [37.383202, 55.681864], [37.386246, 55.681663], [37.38572, 55.693421], [37.392941, 55.696817], [37.395316, 55.69612], [37.398771, 55.694108], [37.39249, 55.689578], [37.395879, 55.689276], [37.4036, 55.694121], [37.399536, 55.696114], [37.399749, 55.69901], [37.411526, 55.689545], [37.412722, 55.684428], [37.404388, 55.685355], [37.396078, 55.688343], [37.395014, 55.686142], [37.398001, 55.683783], [37.388655, 55.679686], [37.397365, 55.678937], [37.400617, 55.682584], [37.403221, 55.681592], [37.40665, 55.683313], [37.412641, 55.680486], [37.409502, 55.677248], [37.421659, 55.675358], [37.426525, 55.667531], [37.424528, 55.664937], [37.431073, 55.662366], [37.414719, 55.66127], [37.414435, 55.659619], [37.423524, 55.660748], [37.426793, 55.658811], [37.429417, 55.661172], [37.433123, 55.660728], [37.445389, 55.650475], [37.447177, 55.651491], [37.437429, 55.659946], [37.448835, 55.66078], [37.456051, 55.657754], [37.458669, 55.658617], [37.453394, 55.661036], [37.462001, 55.664344], [37.463206, 55.662346], [37.460334, 55.659758], [37.466833, 55.655176], [37.467972, 55.649415], [37.460305, 55.641583], [37.460992, 55.640145], [37.451026, 55.634723], [37.445636, 55.633866], [37.445484, 55.631718], [37.452535, 55.632312], [37.46205, 55.639091], [37.462493, 55.635116], [37.480304, 55.619951], [37.482825, 55.620983], [37.475127, 55.627638], [37.478694, 55.630598], [37.474224, 55.631049], [37.471821, 55.633146], [37.474905, 55.634827], [37.47918, 55.633574], [37.480079, 55.634476], [37.474261, 55.636261], [37.47423, 55.637838], [37.479689, 55.639295], [37.487056, 55.638731], [37.493958, 55.641758], [37.50337, 55.639039], [37.507564, 55.635606], [37.518297, 55.633577], [37.516331, 55.628203], [37.52137, 55.632665], [37.528586, 55.63251], [37.523429, 55.635326], [37.527413, 55.641051], [37.534749, 55.638922], [37.531253, 55.634447], [37.53286, 55.633658], [37.538644, 55.637848], [37.541452, 55.637238], [37.542619, 55.635768], [37.538348, 55.628946], [37.540705, 55.622795], [37.545166, 55.619376]]]]}}, {"type": "Feature", "properties": {"school_id": "школа-2007-фмш", "name": "Школа №2007 «ФМШ»", "min": 20, "mode": "driving", "method": "isochrone driving reverse:true", "status": "approx: гипотеза A (start_time = выезд), +8–14% (Гейт 2)", "start_time": "2026-10-14T05:10:00Z", "request_hash": null, "was_invalid": false}, "geometry": {"type": "MultiPolygon", "coordinates": [[[[37.557769, 55.450236], [37.561603, 55.454403], [37.564648, 55.453627], [37.561345, 55.457197], [37.560916, 55.461438], [37.563058, 55.463045], [37.56647, 55.462064], [37.56927, 55.458106], [37.566027, 55.45615], [37.567709, 55.453979], [37.570029, 55.453741], [37.570043, 55.455831], [37.580912, 55.457738], [37.577327, 55.459469], [37.580676, 55.462077], [37.579426, 55.464844], [37.571015, 55.465509], [37.569557, 55.467285], [37.579552, 55.472089], [37.583764, 55.472186], [37.59584, 55.467627], [37.606766, 55.470801], [37.611262, 55.467702], [37.612452, 55.469661], [37.616212, 55.470052], [37.618636, 55.464681], [37.618345, 55.455296], [37.620829, 55.456248], [37.622467, 55.461053], [37.629073, 55.461457], [37.628487, 55.462996], [37.621206, 55.462755], [37.617474, 55.478814], [37.619392, 55.481955], [37.626308, 55.483821], [37.630108, 55.480814], [37.631361, 55.482873], [37.627366, 55.4843], [37.635386, 55.485271], [37.636329, 55.486831], [37.623988, 55.48531], [37.621691, 55.487056], [37.614838, 55.482649], [37.609595, 55.48619], [37.609514, 55.490691], [37.605872, 55.492864], [37.601765, 55.491401], [37.604444, 55.487913], [37.586909, 55.494675], [37.593213, 55.494509], [37.592793, 55.497365], [37.598778, 55.499397], [37.607295, 55.500182], [37.615839, 55.498951], [37.623396, 55.50378], [37.624247, 55.505235], [37.617477, 55.506756], [37.609733, 55.50336], [37.610748, 55.513208], [37.608629, 55.516157], [37.613625, 55.525271], [37.621691, 55.523634], [37.637254, 55.52528], [37.626012, 55.527054], [37.621599, 55.531359], [37.619142, 55.530627], [37.619668, 55.529023], [37.613654, 55.528824], [37.615681, 55.537775], [37.619288, 55.537892], [37.621283, 55.536324], [37.620277, 55.533575], [37.623396, 55.535358], [37.622206, 55.539545], [37.61798, 55.540081], [37.616845, 55.542277], [37.621145, 55.541526], [37.625141, 55.538061], [37.630884, 55.539645], [37.633293, 55.538959], [37.647264, 55.532553], [37.648917, 55.529657], [37.652953, 55.531222], [37.664339, 55.525645], [37.668065, 55.528515], [37.663957, 55.528538], [37.666386, 55.531066], [37.671537, 55.531746], [37.659211, 55.534808], [37.654985, 55.533353], [37.653919, 55.535881], [37.649382, 55.534788], [37.649526, 55.538234], [37.64497, 55.541041], [37.640911, 55.538787], [37.621458, 55.545927], [37.62947, 55.553391], [37.6372, 55.557173], [37.635958, 55.558629], [37.629795, 55.559325], [37.625928, 55.55661], [37.621418, 55.558594], [37.621755, 55.555755], [37.617966, 55.556633], [37.616552, 55.554217], [37.621979, 55.551778], [37.6128, 55.547224], [37.610035, 55.548571], [37.60645, 55.554314], [37.61205, 55.555804], [37.611167, 55.561], [37.614482, 55.561243], [37.612326, 55.567329], [37.614525, 55.568171], [37.613588, 55.570177], [37.616698, 55.570353], [37.614778, 55.574055], [37.633368, 55.572855], [37.632307, 55.571295], [37.626029, 55.570297], [37.625831, 55.56888], [37.629459, 55.564803], [37.633765, 55.56785], [37.641509, 55.564446], [37.638364, 55.560392], [37.641187, 55.558873], [37.6471, 55.562606], [37.662425, 55.562381], [37.661844, 55.563916], [37.647244, 55.564495], [37.649391, 55.56651], [37.653835, 55.565337], [37.656218, 55.567885], [37.659901, 55.568045], [37.654787, 55.570639], [37.655859, 55.57216], [37.658532, 55.570554], [37.673434, 55.571214], [37.674984, 55.572361], [37.67793, 55.571178], [37.67925, 55.57294], [37.684059, 55.572592], [37.686146, 55.574861], [37.691234, 55.572426], [37.691516, 55.56994], [37.69412, 55.569764], [37.69067, 55.576024], [37.71509, 55.584942], [37.715093, 55.587184], [37.689779, 55.577932], [37.691806, 55.580626], [37.684654, 55.581686], [37.682915, 55.586534], [37.677344, 55.585634], [37.678295, 55.581699], [37.671304, 55.581344], [37.676904, 55.576915], [37.680049, 55.579404], [37.682926, 55.579417], [37.683958, 55.576505], [37.673026, 55.573106], [37.66195, 55.572644], [37.654896, 55.573951], [37.662304, 55.576002], [37.656658, 55.590884], [37.649348, 55.592466], [37.641328, 55.588717], [37.642682, 55.593808], [37.637826, 55.593321], [37.636099, 55.595069], [37.638545, 55.601604], [37.643096, 55.602189], [37.634998, 55.605238], [37.642138, 55.612526], [37.646666, 55.613659], [37.642929, 55.6165], [37.645243, 55.618558], [37.644378, 55.623457], [37.64305, 55.623399], [37.640557, 55.614389], [37.635556, 55.608694], [37.633155, 55.606823], [37.628539, 55.606814], [37.626989, 55.609103], [37.632359, 55.610158], [37.630456, 55.611756], [37.632615, 55.613029], [37.628539, 55.613565], [37.628119, 55.617516], [37.632057, 55.617123], [37.632511, 55.618815], [37.628266, 55.619292], [37.624856, 55.621951], [37.623925, 55.62694], [37.621312, 55.626015], [37.62197, 55.621996], [37.617457, 55.623395], [37.617744, 55.627949], [37.621229, 55.630773], [37.618682, 55.638627], [37.617354, 55.634307], [37.611015, 55.633428], [37.612403, 55.631338], [37.616497, 55.630874], [37.612832, 55.623778], [37.612714, 55.631153], [37.608152, 55.62457], [37.594305, 55.623386], [37.590907, 55.61613], [37.582628, 55.618607], [37.585146, 55.614172], [37.5804, 55.614594], [37.577526, 55.61297], [37.590025, 55.611409], [37.586817, 55.605885], [37.586351, 55.596839], [37.581355, 55.595881], [37.582096, 55.594214], [37.588616, 55.593695], [37.586817, 55.591593], [37.590646, 55.590634], [37.597783, 55.593971], [37.595331, 55.585052], [37.588392, 55.586017], [37.58623, 55.583083], [37.582134, 55.582761], [37.581453, 55.580477], [37.578359, 55.583583], [37.574574, 55.58243], [37.548903, 55.588844], [37.548326, 55.593081], [37.55066, 55.594357], [37.546848, 55.596407], [37.539828, 55.597287], [37.543465, 55.602416], [37.546072, 55.60214], [37.548205, 55.597823], [37.55181, 55.598574], [37.550505, 55.600955], [37.557579, 55.599814], [37.55298, 55.602796], [37.545336, 55.604647], [37.551551, 55.611944], [37.546379, 55.610775], [37.540038, 55.61325], [37.538124, 55.612396], [37.542838, 55.609733], [37.541099, 55.605618], [37.53499, 55.60657], [37.538132, 55.607833], [37.5352, 55.608976], [37.536166, 55.610931], [37.53288, 55.609934], [37.531937, 55.607557], [37.525541, 55.60883], [37.518501, 55.601838], [37.513261, 55.602484], [37.509863, 55.604751], [37.508688, 55.603001], [37.517306, 55.599548], [37.517912, 55.595994], [37.521646, 55.59895], [37.530178, 55.596085], [37.528453, 55.594572], [37.521655, 55.595705], [37.517073, 55.594763], [37.506698, 55.599386], [37.493464, 55.611074], [37.502369, 55.615461], [37.504491, 55.619532], [37.495105, 55.614065], [37.490526, 55.616516], [37.488318, 55.61512], [37.473747, 55.626917], [37.471875, 55.62507], [37.481488, 55.618932], [37.488516, 55.610928], [37.484846, 55.611532], [37.477895, 55.606278], [37.47525, 55.6063], [37.476906, 55.607801], [37.474511, 55.608697], [37.466186, 55.606378], [37.463769, 55.608486], [37.465626, 55.610587], [37.459017, 55.609782], [37.460647, 55.611983], [37.456991, 55.611233], [37.456114, 55.607619], [37.451434, 55.609645], [37.449936, 55.606349], [37.45831, 55.605505], [37.46437, 55.602475], [37.453742, 55.601182], [37.456197, 55.598769], [37.453438, 55.597732], [37.449169, 55.599642], [37.443517, 55.599132], [37.439723, 55.601484], [37.438395, 55.599447], [37.442695, 55.596794], [37.44304, 55.592691], [37.436567, 55.596355], [37.430441, 55.593954], [37.436825, 55.593688], [37.443098, 55.58834], [37.430817, 55.589858], [37.428612, 55.588867], [37.423757, 55.591502], [37.423044, 55.594351], [37.420469, 55.595705], [37.419129, 55.594763], [37.405946, 55.603267], [37.40897, 55.606749], [37.413282, 55.60444], [37.416545, 55.604553], [37.409649, 55.609191], [37.410991, 55.611227], [37.414001, 55.611116], [37.412713, 55.614526], [37.411238, 55.614997], [37.404607, 55.607606], [37.400956, 55.606323], [37.389708, 55.611233], [37.3847, 55.611253], [37.379704, 55.613259], [37.381078, 55.615821], [37.394338, 55.619126], [37.381477, 55.617841], [37.377631, 55.614831], [37.373598, 55.622272], [37.366029, 55.626823], [37.373696, 55.614987], [37.354151, 55.608694], [37.374768, 55.613159], [37.378781, 55.610288], [37.39546, 55.606044], [37.403368, 55.60149], [37.402577, 55.599389], [37.405745, 55.600113], [37.411474, 55.59616], [37.386793, 55.581621], [37.392016, 55.581046], [37.394419, 55.582531], [37.392985, 55.584051], [37.40235, 55.586235], [37.413509, 55.594416], [37.428245, 55.584942], [37.43567, 55.583369], [37.423645, 55.580048], [37.419325, 55.577077], [37.414993, 55.581348], [37.410974, 55.581409], [37.412147, 55.579742], [37.415935, 55.579294], [37.415004, 55.573863], [37.412414, 55.571874], [37.406567, 55.574312], [37.403991, 55.573395], [37.409298, 55.569056], [37.403118, 55.571061], [37.393853, 55.570723], [37.394287, 55.573545], [37.388264, 55.572384], [37.385718, 55.573232], [37.388218, 55.575631], [37.379957, 55.575173], [37.382837, 55.578741], [37.379063, 55.57698], [37.378313, 55.578754], [37.37223, 55.578631], [37.370945, 55.579759], [37.372727, 55.576964], [37.370399, 55.574702], [37.375527, 55.574965], [37.386448, 55.571045], [37.386821, 55.565444], [37.391323, 55.569829], [37.40237, 55.565155], [37.392588, 55.563152], [37.389383, 55.561019], [37.397115, 55.562089], [37.399772, 55.560177], [37.401677, 55.5627], [37.404411, 55.55952], [37.406389, 55.561851], [37.41056, 55.561786], [37.416174, 55.558395], [37.413173, 55.557625], [37.40897, 55.559956], [37.407441, 55.558441], [37.413294, 55.554386], [37.416165, 55.553742], [37.421225, 55.557296], [37.429791, 55.553891], [37.399498, 55.541688], [37.388923, 55.534349], [37.38854, 55.52791], [37.382607, 55.522576], [37.368136, 55.517134], [37.366147, 55.517593], [37.36504, 55.515653], [37.362706, 55.516294], [37.361513, 55.514045], [37.380503, 55.518592], [37.383677, 55.520916], [37.387399, 55.520552], [37.392867, 55.526123], [37.399539, 55.525258], [37.395212, 55.522342], [37.401215, 55.523813], [37.402344, 55.525414], [37.392384, 55.529215], [37.393551, 55.533662], [37.399516, 55.538383], [37.411273, 55.54174], [37.423286, 55.533698], [37.427106, 55.528577], [37.427629, 55.525765], [37.422515, 55.525755], [37.422317, 55.527438], [37.417772, 55.526091], [37.417896, 55.524457], [37.431082, 55.523162], [37.434646, 55.525261], [37.429472, 55.528362], [37.427707, 55.533035], [37.417554, 55.54391], [37.434664, 55.548854], [37.440097, 55.547439], [37.44248, 55.542879], [37.433698, 55.543152], [37.431033, 55.540673], [37.43218, 55.534421], [37.429006, 55.532221], [37.435077, 55.527441], [37.438881, 55.529234], [37.443535, 55.529218], [37.444909, 55.524389], [37.449324, 55.52132], [37.44816, 55.518735], [37.445765, 55.519875], [37.443785, 55.518755], [37.445139, 55.515793], [37.448128, 55.516177], [37.448174, 55.513579], [37.426218, 55.513781], [37.421532, 55.511476], [37.415869, 55.512456], [37.412152, 55.510438], [37.414823, 55.508068], [37.428624, 55.508387], [37.428587, 55.506306], [37.425925, 55.506528], [37.424513, 55.504763], [37.431194, 55.499433], [37.426419, 55.49389], [37.414446, 55.490903], [37.415559, 55.488037], [37.420175, 55.490916], [37.425448, 55.491756], [37.431662, 55.488646], [37.434511, 55.489314], [37.432312, 55.492489], [37.438188, 55.493414], [37.436305, 55.496762], [37.443362, 55.496345], [37.44634, 55.498566], [37.443675, 55.501253], [37.437794, 55.500217], [37.433008, 55.501732], [37.431625, 55.5042], [37.434186, 55.507081], [37.440114, 55.509051], [37.438067, 55.506176], [37.442695, 55.504613], [37.446507, 55.506831], [37.445714, 55.509031], [37.453271, 55.5119], [37.453734, 55.513579], [37.457206, 55.511704], [37.46255, 55.512505], [37.468483, 55.516574], [37.468725, 55.519429], [37.47341, 55.521407], [37.484897, 55.521388], [37.484064, 55.518953], [37.489755, 55.517502], [37.497919, 55.517554], [37.50552, 55.521375], [37.515943, 55.522039], [37.52975, 55.519419], [37.532055, 55.518094], [37.529773, 55.516118], [37.526254, 55.519224], [37.521066, 55.518436], [37.518524, 55.516366], [37.525182, 55.507693], [37.513531, 55.501758], [37.506365, 55.502901], [37.497488, 55.499052], [37.488309, 55.502689], [37.482937, 55.500318], [37.477685, 55.501028], [37.474465, 55.504017], [37.467336, 55.501982], [37.468291, 55.49602], [37.472315, 55.49374], [37.476708, 55.49374], [37.478708, 55.495492], [37.490569, 55.492248], [37.503329, 55.492108], [37.500368, 55.490102], [37.502179, 55.488747], [37.498276, 55.488362], [37.498741, 55.486789], [37.495076, 55.485408], [37.488413, 55.486457], [37.48728, 55.484815], [37.483762, 55.484717], [37.483963, 55.486998], [37.470312, 55.489105], [37.465025, 55.487007], [37.464105, 55.48462], [37.453918, 55.485805], [37.44636, 55.483268], [37.441979, 55.487913], [37.441867, 55.480355], [37.446812, 55.480059], [37.450641, 55.481772], [37.453535, 55.476911], [37.46226, 55.47317], [37.44866, 55.473474], [37.447585, 55.471887], [37.458304, 55.471466], [37.463588, 55.469599], [37.466813, 55.470749], [37.473755, 55.466656], [37.471634, 55.465688], [37.468463, 55.466786], [37.466083, 55.464684], [37.471936, 55.46192], [37.479007, 55.461157], [37.48179, 55.462729], [37.479996, 55.464834], [37.492843, 55.466187], [37.493587, 55.462787], [37.497209, 55.460603], [37.504974, 55.459466], [37.502703, 55.457829], [37.504123, 55.456062], [37.5234, 55.451332], [37.523075, 55.453761], [37.517728, 55.455612], [37.518295, 55.459342], [37.513612, 55.456643], [37.50746, 55.457353], [37.509268, 55.460939], [37.500679, 55.463221], [37.497247, 55.466646], [37.505822, 55.465841], [37.510079, 55.472581], [37.517449, 55.470981], [37.520028, 55.472705], [37.515831, 55.475807], [37.520537, 55.476058], [37.524032, 55.47842], [37.522213, 55.476419], [37.527689, 55.472072], [37.521183, 55.468536], [37.522923, 55.467112], [37.52885, 55.467797], [37.536583, 55.47259], [37.544804, 55.470547], [37.543427, 55.467005], [37.524058, 55.464951], [37.52131, 55.463077], [37.540409, 55.46515], [37.550829, 55.463589], [37.548987, 55.46191], [37.556671, 55.459244], [37.551177, 55.451651], [37.557769, 55.450236]]]]}}, {"type": "Feature", "properties": {"school_id": "школа-2007-фмш", "name": "Школа №2007 «ФМШ»", "min": 40, "mode": "driving", "method": "isochrone driving reverse:true", "status": "approx: гипотеза A (start_time = выезд), +8–14% (Гейт 2)", "start_time": "2026-10-14T04:50:00Z", "request_hash": "42e7ea625cb1cce83c80140da624c43028c1c298", "was_invalid": false}, "geometry": {"type": "MultiPolygon", "coordinates": [[[[37.594567, 55.351646], [37.607215, 55.37207], [37.605315, 55.374628], [37.608428, 55.376914], [37.607609, 55.385893], [37.615942, 55.387408], [37.617092, 55.386167], [37.624299, 55.385903], [37.631752, 55.380357], [37.633607, 55.382425], [37.627308, 55.384936], [37.621634, 55.390596], [37.615612, 55.389175], [37.608574, 55.389707], [37.609949, 55.412465], [37.611406, 55.414589], [37.614094, 55.412328], [37.62024, 55.417546], [37.614223, 55.419259], [37.615841, 55.430776], [37.621786, 55.436269], [37.635573, 55.438882], [37.6481, 55.438963], [37.652786, 55.441885], [37.630709, 55.441103], [37.634811, 55.448978], [37.629461, 55.450774], [37.632511, 55.453542], [37.627714, 55.456362], [37.622695, 55.45678], [37.622683, 55.459456], [37.63434, 55.459906], [37.637122, 55.461852], [37.634354, 55.465023], [37.631646, 55.463214], [37.622778, 55.464547], [37.618124, 55.478996], [37.624003, 55.482434], [37.631008, 55.478452], [37.629361, 55.477068], [37.631767, 55.474959], [37.635763, 55.474959], [37.635153, 55.477687], [37.638056, 55.47783], [37.640954, 55.468435], [37.649227, 55.466382], [37.644217, 55.469957], [37.64401, 55.478964], [37.639985, 55.481245], [37.635213, 55.480824], [37.633584, 55.484235], [37.650483, 55.487007], [37.652737, 55.485975], [37.663068, 55.487063], [37.661464, 55.47843], [37.666981, 55.475504], [37.66914, 55.476054], [37.664831, 55.47999], [37.66851, 55.485724], [37.67342, 55.486626], [37.680437, 55.483317], [37.683012, 55.484235], [37.679462, 55.487001], [37.669499, 55.490147], [37.671813, 55.500462], [37.67557, 55.502608], [37.673434, 55.503451], [37.668412, 55.502445], [37.665647, 55.490603], [37.653493, 55.489209], [37.650992, 55.490415], [37.643633, 55.489828], [37.63505, 55.49489], [37.63166, 55.493356], [37.637953, 55.488633], [37.629849, 55.48788], [37.626952, 55.49145], [37.627912, 55.493948], [37.623991, 55.496176], [37.621312, 55.489447], [37.623114, 55.487965], [37.615893, 55.483558], [37.614689, 55.498531], [37.624894, 55.505307], [37.616684, 55.506935], [37.612493, 55.504379], [37.610978, 55.507032], [37.61391, 55.520708], [37.612409, 55.524001], [37.614787, 55.524672], [37.622467, 55.52282], [37.636803, 55.524649], [37.637979, 55.523344], [37.63511, 55.522006], [37.637318, 55.514904], [37.639816, 55.509484], [37.643461, 55.508888], [37.646217, 55.509637], [37.64326, 55.516307], [37.64779, 55.518634], [37.657233, 55.517834], [37.660171, 55.520382], [37.656187, 55.522332], [37.643285, 55.520548], [37.640899, 55.522885], [37.641888, 55.52651], [37.647298, 55.526387], [37.652723, 55.531343], [37.661985, 55.526992], [37.664888, 55.527662], [37.660099, 55.529817], [37.662686, 55.53198], [37.665354, 55.530897], [37.671477, 55.531483], [37.669881, 55.532686], [37.655387, 55.533204], [37.652662, 55.535224], [37.649345, 55.534746], [37.649575, 55.538247], [37.644987, 55.541028], [37.64125, 55.538526], [37.63824, 55.539213], [37.622306, 55.546411], [37.635248, 55.556636], [37.639356, 55.555677], [37.639456, 55.558441], [37.648072, 55.562811], [37.663971, 55.562294], [37.663459, 55.564186], [37.647623, 55.564335], [37.649308, 55.566621], [37.653487, 55.565275], [37.655919, 55.56769], [37.659901, 55.568048], [37.654594, 55.570817], [37.65598, 55.57214], [37.658544, 55.570528], [37.665385, 55.56993], [37.667262, 55.571533], [37.68138, 55.572478], [37.689015, 55.576424], [37.686304, 55.576135], [37.685378, 55.577701], [37.684185, 55.57581], [37.672325, 55.573005], [37.663086, 55.57361], [37.66197, 55.572638], [37.654942, 55.573974], [37.662341, 55.575384], [37.657808, 55.588935], [37.655718, 55.589835], [37.653887, 55.587483], [37.64683, 55.588178], [37.653565, 55.591557], [37.651587, 55.593217], [37.644685, 55.591271], [37.643921, 55.588867], [37.640888, 55.589032], [37.640928, 55.592444], [37.650699, 55.597274], [37.649564, 55.598249], [37.638456, 55.594419], [37.639068, 55.600289], [37.649322, 55.600792], [37.657063, 55.59079], [37.660128, 55.590352], [37.658573, 55.593811], [37.663681, 55.591943], [37.665857, 55.592301], [37.665101, 55.594351], [37.668927, 55.595114], [37.672293, 55.593487], [37.673814, 55.601987], [37.669683, 55.606538], [37.673434, 55.608833], [37.678887, 55.605739], [37.680805, 55.606593], [37.673052, 55.611727], [37.676254, 55.613909], [37.674107, 55.618818], [37.68077, 55.627936], [37.670085, 55.62248], [37.659165, 55.635693], [37.663261, 55.637063], [37.67916, 55.636446], [37.683104, 55.634395], [37.683783, 55.630345], [37.686554, 55.631916], [37.689891, 55.642238], [37.682354, 55.640512], [37.685134, 55.639649], [37.684168, 55.637877], [37.67384, 55.637384], [37.656762, 55.640298], [37.66151, 55.644639], [37.65656, 55.646994], [37.660769, 55.649762], [37.664635, 55.649356], [37.650072, 55.65525], [37.655459, 55.65849], [37.65416, 55.661195], [37.648483, 55.657047], [37.643196, 55.659538], [37.650193, 55.665061], [37.662212, 55.666092], [37.664615, 55.670135], [37.662928, 55.673338], [37.665863, 55.676856], [37.663313, 55.67789], [37.66419, 55.681268], [37.658935, 55.677906], [37.661341, 55.675637], [37.65963, 55.673812], [37.656865, 55.674732], [37.652349, 55.681715], [37.644708, 55.679932], [37.635159, 55.681206], [37.636611, 55.682412], [37.648034, 55.682836], [37.648951, 55.684162], [37.65272, 55.683063], [37.655505, 55.685212], [37.638108, 55.683948], [37.630649, 55.685744], [37.626877, 55.694351], [37.62715, 55.70317], [37.631086, 55.70514], [37.628151, 55.706403], [37.630588, 55.707942], [37.63699, 55.708729], [37.635202, 55.710348], [37.623218, 55.706014], [37.6221, 55.711809], [37.615612, 55.71167], [37.619633, 55.709066], [37.612947, 55.705123], [37.613027, 55.702584], [37.609043, 55.701686], [37.597826, 55.705224], [37.595328, 55.70455], [37.595026, 55.70592], [37.594998, 55.703701], [37.612964, 55.699895], [37.607373, 55.691337], [37.61844, 55.700099], [37.618558, 55.697406], [37.615436, 55.696068], [37.619665, 55.693427], [37.619633, 55.690929], [37.607629, 55.687141], [37.607629, 55.685549], [37.611958, 55.683728], [37.608638, 55.682153], [37.603021, 55.682606], [37.601816, 55.681533], [37.604823, 55.680506], [37.600339, 55.678357], [37.600612, 55.680538], [37.597835, 55.681799], [37.600083, 55.682571], [37.597588, 55.683319], [37.595141, 55.68154], [37.592664, 55.681945], [37.593213, 55.679044], [37.583999, 55.671361], [37.572918, 55.676626], [37.575123, 55.678989], [37.572909, 55.681757], [37.576402, 55.682033], [37.572653, 55.687209], [37.575962, 55.689082], [37.564875, 55.687176], [37.564145, 55.684784], [37.560836, 55.685935], [37.552787, 55.684852], [37.554173, 55.686489], [37.546673, 55.688113], [37.556121, 55.694458], [37.546811, 55.693479], [37.547262, 55.690287], [37.539647, 55.686074], [37.531282, 55.690044], [37.535864, 55.693612], [37.528548, 55.692604], [37.528836, 55.690722], [37.523664, 55.687802], [37.519341, 55.692054], [37.517122, 55.691292], [37.513632, 55.693048], [37.513333, 55.690728], [37.520114, 55.68704], [37.51951, 55.684956], [37.508909, 55.679709], [37.499808, 55.68202], [37.497571, 55.680973], [37.492636, 55.68296], [37.48904, 55.686969], [37.492598, 55.691062], [37.496373, 55.692397], [37.49867, 55.691136], [37.501254, 55.691895], [37.496686, 55.695245], [37.499566, 55.697497], [37.508139, 55.695825], [37.503965, 55.700614], [37.508662, 55.701881], [37.509556, 55.703821], [37.505192, 55.704061], [37.501705, 55.700303], [37.499845, 55.703413], [37.490733, 55.701424], [37.490336, 55.699801], [37.495694, 55.696943], [37.486861, 55.696885], [37.483451, 55.694934], [37.484587, 55.693969], [37.49096, 55.694759], [37.485737, 55.692971], [37.481014, 55.688797], [37.476475, 55.688972], [37.479536, 55.690261], [37.476311, 55.697381], [37.478645, 55.698216], [37.474132, 55.700552], [37.490658, 55.705956], [37.49902, 55.705603], [37.505799, 55.708871], [37.504456, 55.709778], [37.496304, 55.706853], [37.493797, 55.707556], [37.496893, 55.711294], [37.495056, 55.712684], [37.495732, 55.719407], [37.51316, 55.727165], [37.509883, 55.72731], [37.499814, 55.722839], [37.495232, 55.727178], [37.493438, 55.726906], [37.493412, 55.724594], [37.496976, 55.723059], [37.492529, 55.717444], [37.493032, 55.712295], [37.490313, 55.712408], [37.484846, 55.708807], [37.475621, 55.71119], [37.469923, 55.710086], [37.460141, 55.711265], [37.457284, 55.709895], [37.454708, 55.711016], [37.456493, 55.713558], [37.453653, 55.714222], [37.454248, 55.717447], [37.461429, 55.718957], [37.459635, 55.720268], [37.451638, 55.719934], [37.450534, 55.723318], [37.464404, 55.727038], [37.471004, 55.727741], [37.47118, 55.728398], [37.474353, 55.72846], [37.472174, 55.729217], [37.470832, 55.729169], [37.470329, 55.727929], [37.457318, 55.727848], [37.450307, 55.725021], [37.448272, 55.729839], [37.443569, 55.73195], [37.445044, 55.730418], [37.442733, 55.729085], [37.445656, 55.726928], [37.428135, 55.726511], [37.434922, 55.725892], [37.435241, 55.722849], [37.432096, 55.721282], [37.423956, 55.720663], [37.413963, 55.722447], [37.414193, 55.720045], [37.409784, 55.718937], [37.406533, 55.725931], [37.420483, 55.727161], [37.39287, 55.730224], [37.379945, 55.728942], [37.380026, 55.73114], [37.383748, 55.731904], [37.391711, 55.733293], [37.406593, 55.732752], [37.408252, 55.734264], [37.404302, 55.735802], [37.391168, 55.735889], [37.379882, 55.733668], [37.372859, 55.744051], [37.373797, 55.745873], [37.369513, 55.748097], [37.371405, 55.754344], [37.369347, 55.755215], [37.36987, 55.764703], [37.378051, 55.765938], [37.369556, 55.7673], [37.3716, 55.776338], [37.369844, 55.77749], [37.368979, 55.772322], [37.361807, 55.774615], [37.359142, 55.773768], [37.364411, 55.771323], [37.364167, 55.769868], [37.362402, 55.770818], [37.360286, 55.769848], [37.361827, 55.768364], [37.366607, 55.768736], [37.364831, 55.766595], [37.366633, 55.765838], [37.363853, 55.766142], [37.34967, 55.760388], [37.366895, 55.763341], [37.365871, 55.744971], [37.369404, 55.736928], [37.373506, 55.734892], [37.373713, 55.731075], [37.368789, 55.730936], [37.367576, 55.732552], [37.36636, 55.730936], [37.352987, 55.730878], [37.337717, 55.724898], [37.329341, 55.72472], [37.324267, 55.720469], [37.321323, 55.7202], [37.323146, 55.719157], [37.301851, 55.701703], [37.303472, 55.7011], [37.306899, 55.703034], [37.315646, 55.711022], [37.315583, 55.708868], [37.319547, 55.70823], [37.318814, 55.7135], [37.33045, 55.722745], [37.346775, 55.72495], [37.352691, 55.729246], [37.374397, 55.729198], [37.378048, 55.726507], [37.376691, 55.72505], [37.371891, 55.725112], [37.368726, 55.727916], [37.36523, 55.723762], [37.351099, 55.72392], [37.353648, 55.722221], [37.361861, 55.722382], [37.363244, 55.721181], [37.357897, 55.720861], [37.358121, 55.71928], [37.36517, 55.719002], [37.366167, 55.716667], [37.37108, 55.71587], [37.375176, 55.720035], [37.369605, 55.719235], [37.369387, 55.722577], [37.378028, 55.722052], [37.383829, 55.713471], [37.368665, 55.712007], [37.354951, 55.705127], [37.352407, 55.705917], [37.351475, 55.703326], [37.348008, 55.70385], [37.344861, 55.699801], [37.338462, 55.696729], [37.340353, 55.695955], [37.344467, 55.697938], [37.342702, 55.693687], [37.344843, 55.692679], [37.345203, 55.695398], [37.350228, 55.698751], [37.353956, 55.697902], [37.354652, 55.702707], [37.359127, 55.70097], [37.359283, 55.703309], [37.369122, 55.704268], [37.367582, 55.708489], [37.371853, 55.707747], [37.372578, 55.70318], [37.369467, 55.704054], [37.367254, 55.701618], [37.368806, 55.700326], [37.372175, 55.701463], [37.373296, 55.699486], [37.379094, 55.699318], [37.376223, 55.698343], [37.378502, 55.697066], [37.380707, 55.697957], [37.377562, 55.69542], [37.380397, 55.693476], [37.374469, 55.690109], [37.368326, 55.69183], [37.363873, 55.691036], [37.360044, 55.684875], [37.356753, 55.686379], [37.357506, 55.689079], [37.35468, 55.688411], [37.354442, 55.684852], [37.351478, 55.683754], [37.352478, 55.681884], [37.350003, 55.680276], [37.352892, 55.680363], [37.356414, 55.683271], [37.357227, 55.677592], [37.361252, 55.675673], [37.365561, 55.678075], [37.374748, 55.672577], [37.373601, 55.679371], [37.369579, 55.679063], [37.366009, 55.681141], [37.368737, 55.683277], [37.373587, 55.682308], [37.371807, 55.685002], [37.380247, 55.690336], [37.383076, 55.681148], [37.38629, 55.678341], [37.382144, 55.675971], [37.384579, 55.673899], [37.387511, 55.674885], [37.389423, 55.673812], [37.392841, 55.675446], [37.397771, 55.671283], [37.400151, 55.672729], [37.398406, 55.681102], [37.400913, 55.682516], [37.404403, 55.681449], [37.406653, 55.683164], [37.412509, 55.680506], [37.408139, 55.678123], [37.408226, 55.674236], [37.418224, 55.666854], [37.397854, 55.662849], [37.392628, 55.662927], [37.386077, 55.66651], [37.378778, 55.665093], [37.373325, 55.660731], [37.368375, 55.661552], [37.365061, 55.664357], [37.366685, 55.665112], [37.363572, 55.66591], [37.357245, 55.661542], [37.351478, 55.664474], [37.347635, 55.663222], [37.351475, 55.6597], [37.345338, 55.660929], [37.343349, 55.65839], [37.336458, 55.659081], [37.340641, 55.662155], [37.337562, 55.665044], [37.344878, 55.664153], [37.348408, 55.670135], [37.332302, 55.678127], [37.324738, 55.67861], [37.329502, 55.685796], [37.339086, 55.693308], [37.339022, 55.695543], [37.330732, 55.692857], [37.332549, 55.690871], [37.317865, 55.678094], [37.316368, 55.674684], [37.310394, 55.669302], [37.307508, 55.668984], [37.300477, 55.659719], [37.293535, 55.657105], [37.294659, 55.655701], [37.297703, 55.656369], [37.303165, 55.659979], [37.306531, 55.658195], [37.307313, 55.660997], [37.310153, 55.661964], [37.311768, 55.659447], [37.321686, 55.657242], [37.319579, 55.653087], [37.310762, 55.650618], [37.313766, 55.646758], [37.303254, 55.646712], [37.283272, 55.649914], [37.270607, 55.648636], [37.260574, 55.649359], [37.260689, 55.650073], [37.27251, 55.651727], [37.275485, 55.651059], [37.28362, 55.6543], [37.285834, 55.653654], [37.287515, 55.654621], [37.285937, 55.65608], [37.277891, 55.654345], [37.27217, 55.655441], [37.265993, 55.652379], [37.258278, 55.653771], [37.259861, 55.651367], [37.256809, 55.648743], [37.261925, 55.642894], [37.258631, 55.64008], [37.263041, 55.626706], [37.259488, 55.625963], [37.256855, 55.627076], [37.253181, 55.625684], [37.25277, 55.622159], [37.249547, 55.620613], [37.250384, 55.615578], [37.239857, 55.610947], [37.229595, 55.615841], [37.221514, 55.61225], [37.219812, 55.614324], [37.225257, 55.616445], [37.216906, 55.618837], [37.218568, 55.620763], [37.214675, 55.621698], [37.212942, 55.617896], [37.214928, 55.612889], [37.20884, 55.614837], [37.207647, 55.612302], [37.200587, 55.613198], [37.20575, 55.612006], [37.201613, 55.610701], [37.198523, 55.612759], [37.196315, 55.613276], [37.199109, 55.611743], [37.197738, 55.608963], [37.191541, 55.606271], [37.185628, 55.607986], [37.187321, 55.60314], [37.180189, 55.601182], [37.177311, 55.601987], [37.181295, 55.598934], [37.190928, 55.600958], [37.192636, 55.598691], [37.200139, 55.597661], [37.198491, 55.595192], [37.195142, 55.595738], [37.188971, 55.592892], [37.191075, 55.591943], [37.195847, 55.593214], [37.198549, 55.592028], [37.201927, 55.593184], [37.201435, 55.590943], [37.20456, 55.589218], [37.196166, 55.586284], [37.193674, 55.587187], [37.191647, 55.585549], [37.189626, 55.589799], [37.184754, 55.591362], [37.186599, 55.586371], [37.176805, 55.584711], [37.173281, 55.58242], [37.180488, 55.583642], [37.19165, 55.583103], [37.203367, 55.5858], [37.206759, 55.584438], [37.203979, 55.576648], [37.20786, 55.573294], [37.198652, 55.573011], [37.160331, 55.561845], [37.154777, 55.558857], [37.15119, 55.559787], [37.15428, 55.565593], [37.151032, 55.566406], [37.145958, 55.556971], [37.11083, 55.546467], [37.112311, 55.545218], [37.115657, 55.545816], [37.136463, 55.551501], [37.140209, 55.549186], [37.140807, 55.552731], [37.151446, 55.555404], [37.154858, 55.554542], [37.153326, 55.553238], [37.157192, 55.549989], [37.1543, 55.54835], [37.155884, 55.54526], [37.157163, 55.546372], [37.163309, 55.544609], [37.164315, 55.546232], [37.158974, 55.547436], [37.160009, 55.551602], [37.156516, 55.556493], [37.17784, 55.563214], [37.181037, 55.55699], [37.185021, 55.556643], [37.190555, 55.552305], [37.195033, 55.553709], [37.200141, 55.553062], [37.203128, 55.55606], [37.207644, 55.554272], [37.212333, 55.556721], [37.222635, 55.551674], [37.222946, 55.555345], [37.213344, 55.558359], [37.211669, 55.564235], [37.204163, 55.569598], [37.211329, 55.572358], [37.233619, 55.576294], [37.236775, 55.570297], [37.237382, 55.575508], [37.245589, 55.574429], [37.260066, 55.578897], [37.260916, 55.576489], [37.255777, 55.575173], [37.258341, 55.573831], [37.264099, 55.575075], [37.266088, 55.570551], [37.269831, 55.569914], [37.269368, 55.573987], [37.272518, 55.575995], [37.265737, 55.576645], [37.268548, 55.580591], [37.285011, 55.579326], [37.290625, 55.576076], [37.294038, 55.570749], [37.290519, 55.570083], [37.281933, 55.57371], [37.278592, 55.572053], [37.281407, 55.570726], [37.274418, 55.572345], [37.272791, 55.56952], [37.276468, 55.566097], [37.28379, 55.565658], [37.311317, 55.553891], [37.306628, 55.552376], [37.301523, 55.553839], [37.301563, 55.551345], [37.305114, 55.548916], [37.294857, 55.546893], [37.293307, 55.544577], [37.296021, 55.540732], [37.299057, 55.540937], [37.298335, 55.545592], [37.301782, 55.546044], [37.316983, 55.540013], [37.320168, 55.542049], [37.333, 55.540693], [37.333753, 55.544733], [37.340359, 55.548034], [37.335418, 55.550308], [37.33068, 55.549283], [37.330643, 55.551888], [37.334279, 55.55329], [37.343377, 55.553283], [37.347261, 55.54955], [37.360729, 55.542833], [37.355235, 55.538452], [37.363385, 55.537729], [37.366475, 55.539593], [37.367642, 55.537651], [37.363247, 55.536174], [37.363273, 55.53389], [37.370626, 55.529924], [37.373371, 55.532436], [37.377122, 55.528063], [37.381426, 55.527213], [37.377973, 55.527161], [37.374064, 55.527734], [37.371086, 55.525847], [37.369533, 55.528287], [37.365262, 55.525814], [37.359521, 55.529478], [37.351582, 55.530083], [37.337571, 55.526299], [37.332034, 55.526178], [37.327064, 55.523481], [37.331356, 55.522358], [37.345094, 55.524545], [37.342437, 55.521931], [37.33628, 55.520213], [37.337858, 55.519429], [37.335297, 55.51799], [37.328521, 55.520421], [37.321464, 55.520001], [37.32049, 55.522371], [37.312383, 55.525371], [37.306841, 55.519949], [37.299468, 55.520203], [37.302317, 55.509696], [37.304909, 55.512241], [37.302291, 55.514191], [37.312401, 55.521613], [37.327265, 55.515747], [37.335501, 55.515539], [37.33768, 55.513238], [37.346091, 55.513111], [37.348026, 55.514898], [37.349351, 55.513755], [37.349279, 55.512173], [37.343398, 55.510093], [37.326952, 55.509816], [37.327076, 55.508182], [37.33116, 55.508338], [37.326219, 55.50336], [37.317618, 55.504385], [37.320156, 55.50167], [37.325506, 55.501422], [37.322468, 55.499703], [37.328743, 55.497303], [37.326161, 55.494356], [37.320171, 55.497117], [37.319556, 55.500022], [37.313036, 55.499179], [37.314439, 55.495163], [37.322315, 55.494007], [37.315551, 55.492861], [37.313257, 55.49061], [37.322784, 55.492232], [37.324195, 55.490327], [37.321507, 55.487965], [37.314324, 55.487695], [37.314427, 55.486037], [37.318604, 55.484828], [37.317313, 55.478387], [37.313556, 55.476012], [37.307284, 55.475725], [37.305832, 55.473786], [37.309348, 55.472529], [37.301753, 55.468083], [37.302475, 55.466643], [37.312174, 55.472649], [37.316986, 55.472828], [37.316066, 55.474852], [37.322447, 55.480485], [37.329229, 55.48261], [37.327909, 55.480003], [37.335648, 55.477221], [37.349558, 55.465991], [37.340819, 55.458009], [37.346005, 55.458664], [37.350926, 55.462393], [37.357173, 55.461066], [37.360703, 55.458524], [37.372078, 55.459088], [37.379669, 55.455893], [37.38443, 55.458934], [37.39174, 55.459599], [37.399737, 55.453594], [37.401476, 55.458481], [37.399202, 55.460124], [37.388325, 55.461187], [37.380822, 55.463605], [37.384145, 55.466047], [37.38376, 55.46822], [37.390975, 55.470326], [37.395063, 55.473865], [37.399245, 55.474109], [37.402155, 55.477139], [37.411201, 55.476488], [37.414834, 55.474562], [37.41064, 55.47057], [37.412808, 55.468875], [37.416163, 55.469081], [37.422208, 55.473803], [37.419687, 55.478817], [37.402028, 55.480935], [37.404311, 55.485574], [37.41248, 55.484997], [37.415823, 55.486884], [37.431553, 55.479808], [37.449272, 55.479042], [37.455024, 55.474461], [37.443402, 55.474366], [37.43811, 55.472936], [37.43895, 55.466669], [37.43452, 55.460776], [37.440074, 55.459505], [37.440128, 55.458201], [37.43502, 55.458651], [37.433522, 55.457285], [37.431306, 55.448185], [37.437294, 55.448834], [37.438863, 55.454947], [37.442393, 55.45425], [37.439286, 55.4523], [37.443103, 55.448629], [37.448065, 55.447256], [37.453035, 55.447938], [37.456177, 55.451071], [37.466402, 55.44977], [37.474595, 55.447155], [37.474575, 55.443121], [37.468003, 55.444188], [37.460707, 55.441722], [37.457844, 55.442534], [37.458661, 55.444631], [37.453918, 55.445391], [37.447685, 55.439253], [37.453728, 55.437587], [37.454044, 55.436037], [37.44883, 55.435688], [37.426235, 55.444171], [37.430533, 55.439746], [37.439263, 55.435343], [37.413544, 55.421204], [37.42075, 55.422793], [37.445458, 55.434168], [37.449318, 55.431158], [37.456396, 55.431265], [37.461185, 55.434746], [37.461613, 55.438546], [37.46648, 55.440639], [37.471177, 55.44061], [37.471772, 55.43835], [37.480272, 55.434387], [37.487056, 55.433767], [37.491814, 55.436775], [37.496666, 55.435626], [37.492613, 55.434312], [37.494133, 55.432479], [37.49921, 55.434351], [37.50583, 55.433539], [37.505629, 55.430525], [37.509478, 55.431484], [37.510156, 55.435669], [37.503257, 55.438164], [37.502108, 55.43742], [37.498555, 55.440825], [37.49048, 55.441106], [37.491009, 55.443392], [37.486395, 55.44665], [37.481373, 55.447677], [37.483739, 55.453304], [37.479878, 55.453167], [37.477961, 55.450905], [37.469958, 55.453435], [37.446875, 55.456806], [37.446725, 55.462761], [37.443402, 55.467943], [37.448111, 55.471248], [37.461044, 55.469315], [37.4665, 55.47057], [37.468825, 55.467947], [37.465672, 55.467089], [37.464375, 55.463798], [37.472945, 55.460245], [37.48108, 55.460959], [37.484828, 55.465356], [37.492949, 55.466004], [37.493222, 55.461604], [37.496657, 55.459638], [37.504433, 55.459495], [37.502444, 55.455749], [37.506299, 55.454354], [37.511257, 55.454947], [37.521721, 55.451638], [37.503832, 55.45067], [37.507983, 55.447041], [37.505888, 55.444915], [37.509766, 55.441644], [37.514399, 55.44272], [37.511203, 55.445127], [37.51239, 55.44647], [37.51661, 55.44603], [37.516998, 55.449062], [37.519301, 55.449092], [37.519614, 55.440535], [37.523293, 55.438229], [37.52626, 55.439971], [37.527884, 55.43757], [37.5309, 55.43746], [37.532587, 55.439257], [37.525162, 55.44844], [37.529767, 55.447765], [37.534829, 55.442815], [37.542286, 55.442586], [37.548188, 55.439302], [37.543605, 55.439521], [37.540929, 55.438102], [37.538466, 55.435966], [37.539799, 55.430704], [37.533881, 55.428114], [37.542841, 55.428277], [37.545839, 55.42615], [37.550367, 55.428858], [37.551551, 55.427295], [37.553618, 55.428672], [37.55538, 55.426705], [37.554474, 55.429403], [37.559154, 55.431627], [37.556564, 55.43272], [37.557858, 55.434668], [37.554595, 55.435568], [37.558973, 55.437694], [37.558944, 55.441846], [37.553623, 55.445554], [37.560692, 55.453656], [37.565013, 55.453389], [37.564898, 55.456897], [37.561773, 55.456903], [37.562995, 55.462748], [37.568876, 55.458136], [37.565544, 55.456444], [37.567749, 55.453415], [37.565809, 55.4493], [37.571986, 55.448808], [37.573174, 55.452952], [37.569888, 55.454908], [37.571147, 55.455603], [37.576916, 55.455586], [37.57909, 55.453725], [37.585043, 55.454201], [37.57497, 55.44752], [37.579512, 55.44469], [37.584137, 55.444902], [37.588268, 55.45038], [37.591795, 55.449356], [37.600402, 55.451328], [37.608574, 55.457099], [37.607313, 55.460444], [37.601779, 55.461871], [37.597913, 55.460567], [37.602291, 55.458126], [37.599775, 55.456137], [37.597588, 55.457363], [37.58496, 55.457461], [37.584158, 55.459332], [37.57909, 55.458801], [37.581234, 55.464267], [37.578405, 55.46589], [37.571061, 55.465968], [37.572211, 55.469273], [37.579101, 55.47187], [37.583698, 55.471896], [37.588691, 55.469446], [37.5907, 55.469915], [37.593684, 55.46678], [37.599106, 55.466764], [37.605533, 55.469306], [37.609382, 55.465411], [37.612237, 55.465756], [37.612449, 55.469276], [37.613732, 55.469266], [37.615566, 55.468123], [37.617149, 55.468624], [37.618302, 55.460919], [37.616244, 55.458168], [37.618222, 55.456894], [37.618262, 55.455573], [37.618173, 55.456815], [37.615108, 55.455583], [37.613938, 55.441693], [37.607456, 55.436778], [37.58857, 55.435127], [37.590091, 55.433718], [37.6113, 55.435633], [37.614045, 55.434469], [37.613918, 55.430166], [37.609388, 55.426431], [37.611633, 55.423635], [37.610144, 55.424486], [37.608347, 55.423383], [37.610509, 55.420767], [37.607255, 55.419458], [37.609325, 55.41815], [37.607103, 55.417096], [37.608138, 55.414508], [37.605366, 55.414589], [37.602739, 55.410859], [37.60578, 55.406675], [37.603371, 55.407533], [37.601609, 55.406303], [37.604777, 55.402487], [37.604527, 55.392065], [37.601765, 55.388996], [37.604694, 55.387013], [37.604803, 55.378113], [37.601765, 55.375931], [37.601463, 55.366846], [37.591324, 55.352345], [37.594567, 55.351646]]]]}}, {"type": "Feature", "properties": {"school_id": "школа-1532", "name": "Школа №1532", "min": 20, "mode": "driving", "method": "isochrone driving reverse:true", "status": "approx: гипотеза A (start_time = выезд), +8–14% (Гейт 2)", "start_time": "2026-10-14T05:10:00Z", "request_hash": "110aa4661db8f3eccad9b8e76db8aef7942bcedf", "was_invalid": false}, "geometry": {"type": "MultiPolygon", "coordinates": [[[[37.395641, 55.53622], [37.411293, 55.543051], [37.416352, 55.54069], [37.41741, 55.542157], [37.414478, 55.544284], [37.435417, 55.54956], [37.444972, 55.543481], [37.442034, 55.539437], [37.44718, 55.539427], [37.447387, 55.545374], [37.439527, 55.553657], [37.442592, 55.554386], [37.44776, 55.562297], [37.451598, 55.563802], [37.456588, 55.559686], [37.455838, 55.557647], [37.459822, 55.558275], [37.459822, 55.560557], [37.454567, 55.56493], [37.458419, 55.568292], [37.464286, 55.562957], [37.461484, 55.559741], [37.465025, 55.557638], [37.471102, 55.55755], [37.476529, 55.553729], [37.482664, 55.552321], [37.497195, 55.553241], [37.491086, 55.554197], [37.491009, 55.556285], [37.488353, 55.553544], [37.481511, 55.554919], [37.473968, 55.559413], [37.475563, 55.561751], [37.478245, 55.561546], [37.484118, 55.564976], [37.48258, 55.566533], [37.480278, 55.565246], [37.473732, 55.565844], [37.476311, 55.567739], [37.480603, 55.566686], [37.481011, 55.567967], [37.473169, 55.576648], [37.479022, 55.576219], [37.483762, 55.573824], [37.486337, 55.574399], [37.484478, 55.575992], [37.487539, 55.579895], [37.485162, 55.582648], [37.482273, 55.581851], [37.485518, 55.58488], [37.483529, 55.592674], [37.490681, 55.59946], [37.49712, 55.597593], [37.503439, 55.598775], [37.507581, 55.594685], [37.524067, 55.590378], [37.522029, 55.586599], [37.524748, 55.582953], [37.528103, 55.58424], [37.528468, 55.588399], [37.532757, 55.588526], [37.567965, 55.580724], [37.56885, 55.578592], [37.565665, 55.57595], [37.573746, 55.578429], [37.572251, 55.580165], [37.587012, 55.577503], [37.579992, 55.579726], [37.57829, 55.583291], [37.575698, 55.58163], [37.549136, 55.588886], [37.550677, 55.594997], [37.547365, 55.597024], [37.539742, 55.597463], [37.543899, 55.60214], [37.546118, 55.601935], [37.54533, 55.598798], [37.547687, 55.597206], [37.560071, 55.598798], [37.556443, 55.602134], [37.545589, 55.604638], [37.54876, 55.60909], [37.558985, 55.612058], [37.548619, 55.619529], [37.546273, 55.624658], [37.543269, 55.626041], [37.548098, 55.638062], [37.564472, 55.644684], [37.566933, 55.650728], [37.572699, 55.650067], [37.569477, 55.652681], [37.571486, 55.655237], [37.569874, 55.656106], [37.565245, 55.653654], [37.559416, 55.654455], [37.561074, 55.657414], [37.557406, 55.656901], [37.553434, 55.659051], [37.55891, 55.66091], [37.559953, 55.659609], [37.561014, 55.661237], [37.551269, 55.664941], [37.56334, 55.676875], [37.560474, 55.67742], [37.554894, 55.672466], [37.548004, 55.671944], [37.552166, 55.669496], [37.548018, 55.666037], [37.543605, 55.667629], [37.541283, 55.671678], [37.538057, 55.666076], [37.532394, 55.664607], [37.527786, 55.666254], [37.527151, 55.664791], [37.532392, 55.662995], [37.524354, 55.658172], [37.525725, 55.659745], [37.523224, 55.661863], [37.518318, 55.659496], [37.51124, 55.662298], [37.512488, 55.665388], [37.509866, 55.665742], [37.508607, 55.66414], [37.506647, 55.666468], [37.504105, 55.665884], [37.504896, 55.663699], [37.500866, 55.660783], [37.495827, 55.662577], [37.500069, 55.664153], [37.500173, 55.665956], [37.491486, 55.662518], [37.493857, 55.657748], [37.48551, 55.664065], [37.500069, 55.671922], [37.499538, 55.673407], [37.495108, 55.671811], [37.488324, 55.672476], [37.492141, 55.670145], [37.484262, 55.667233], [37.481936, 55.667548], [37.478266, 55.672317], [37.475704, 55.672431], [37.474187, 55.669192], [37.478493, 55.667502], [37.478355, 55.665378], [37.473419, 55.664756], [37.461857, 55.66711], [37.460259, 55.666027], [37.463292, 55.662376], [37.460334, 55.661056], [37.462541, 55.657222], [37.466727, 55.655377], [37.468874, 55.651328], [37.459632, 55.640869], [37.459989, 55.642485], [37.44916, 55.648685], [37.448404, 55.652165], [37.444604, 55.65488], [37.441057, 55.655159], [37.441637, 55.657754], [37.438061, 55.661523], [37.447019, 55.669036], [37.450655, 55.669983], [37.455277, 55.668044], [37.454694, 55.670952], [37.459828, 55.673218], [37.460314, 55.675329], [37.452078, 55.672424], [37.449246, 55.674246], [37.443034, 55.674107], [37.437989, 55.669354], [37.435152, 55.669986], [37.438544, 55.675763], [37.435011, 55.677913], [37.433373, 55.683268], [37.43151, 55.683932], [37.430398, 55.682493], [37.434741, 55.675267], [37.432766, 55.673449], [37.429943, 55.677423], [37.427264, 55.67883], [37.423631, 55.678402], [37.418853, 55.681822], [37.424706, 55.685906], [37.428555, 55.687183], [37.431079, 55.68621], [37.434528, 55.689085], [37.422872, 55.688554], [37.419244, 55.685219], [37.411552, 55.69428], [37.395109, 55.706008], [37.394902, 55.70041], [37.401189, 55.698806], [37.412035, 55.689367], [37.412808, 55.68423], [37.403626, 55.684788], [37.41332, 55.680516], [37.408709, 55.677751], [37.414786, 55.676383], [37.418163, 55.677744], [37.424145, 55.668854], [37.421199, 55.66794], [37.413092, 55.67423], [37.412026, 55.672761], [37.418695, 55.666546], [37.401812, 55.662505], [37.401637, 55.661095], [37.405417, 55.66079], [37.417131, 55.664166], [37.419396, 55.661013], [37.410192, 55.661309], [37.406449, 55.658328], [37.410134, 55.659038], [37.414737, 55.656956], [37.418738, 55.657161], [37.422297, 55.650735], [37.427471, 55.647166], [37.435425, 55.6497], [37.438096, 55.651974], [37.436305, 55.653434], [37.438961, 55.653982], [37.455128, 55.638971], [37.454812, 55.637465], [37.45031, 55.635664], [37.448916, 55.63655], [37.444802, 55.633045], [37.431576, 55.629877], [37.435046, 55.628897], [37.438058, 55.630017], [37.438978, 55.625995], [37.436331, 55.62386], [37.44348, 55.623428], [37.446185, 55.616497], [37.440792, 55.616289], [37.446228, 55.608541], [37.43322, 55.60745], [37.425838, 55.604586], [37.429072, 55.603621], [37.434367, 55.605505], [37.440755, 55.605476], [37.445466, 55.59859], [37.452624, 55.600821], [37.454668, 55.596644], [37.459546, 55.597999], [37.46414, 55.597213], [37.462654, 55.599356], [37.465373, 55.600143], [37.470329, 55.59806], [37.467592, 55.595484], [37.473356, 55.596303], [37.475825, 55.59463], [37.474552, 55.591547], [37.470329, 55.589835], [37.46882, 55.584393], [37.464151, 55.582492], [37.45927, 55.584045], [37.464197, 55.579911], [37.460282, 55.578839], [37.454993, 55.573983], [37.441522, 55.586579], [37.438869, 55.584909], [37.434264, 55.586072], [37.420742, 55.593695], [37.418089, 55.593405], [37.435885, 55.583736], [37.425373, 55.577922], [37.438886, 55.582072], [37.448447, 55.574698], [37.445754, 55.572215], [37.442287, 55.571828], [37.434945, 55.573336], [37.437438, 55.568035], [37.442753, 55.565597], [37.432246, 55.558281], [37.423185, 55.559745], [37.43005, 55.553888], [37.424809, 55.550799], [37.426238, 55.549326], [37.419261, 55.547859], [37.417876, 55.548831], [37.416082, 55.546636], [37.397181, 55.539743], [37.393605, 55.537596], [37.395641, 55.53622]]]]}}, {"type": "Feature", "properties": {"school_id": "школа-1532", "name": "Школа №1532", "min": 40, "mode": "driving", "method": "isochrone driving reverse:true", "status": "approx: гипотеза A (start_time = выезд), +8–14% (Гейт 2)", "start_time": "2026-10-14T04:50:00Z", "request_hash": "19d331b75bef87ce59d3770ceafaf53ef0412b44", "was_invalid": false}, "geometry": {"type": "MultiPolygon", "coordinates": [[[[37.301356, 55.463925], [37.312099, 55.472017], [37.317247, 55.472346], [37.31654, 55.475067], [37.323005, 55.478869], [37.3259, 55.483092], [37.333334, 55.482437], [37.328217, 55.480156], [37.331336, 55.479358], [37.334521, 55.480508], [37.341181, 55.475787], [37.340856, 55.473656], [37.3442, 55.472766], [37.33845, 55.480329], [37.341391, 55.481795], [37.336148, 55.483802], [37.3438, 55.483955], [37.345174, 55.482616], [37.354212, 55.483431], [37.356934, 55.480831], [37.35865, 55.481476], [37.358642, 55.483733], [37.354824, 55.484502], [37.336139, 55.485528], [37.338059, 55.486841], [37.336424, 55.488796], [37.340359, 55.491401], [37.337303, 55.493352], [37.339209, 55.496612], [37.337519, 55.500006], [37.344671, 55.496668], [37.347643, 55.491838], [37.351858, 55.492704], [37.34735, 55.501113], [37.343165, 55.503757], [37.35418, 55.505502], [37.353827, 55.509051], [37.365374, 55.50839], [37.36615, 55.499709], [37.369979, 55.497648], [37.377171, 55.497251], [37.376395, 55.488796], [37.37881, 55.486695], [37.382222, 55.486799], [37.379885, 55.488792], [37.380526, 55.491841], [37.382234, 55.495476], [37.385867, 55.49688], [37.394508, 55.492655], [37.391389, 55.488652], [37.401128, 55.488307], [37.39059, 55.488372], [37.38915, 55.486822], [37.398883, 55.48634], [37.398303, 55.482701], [37.401186, 55.481479], [37.402959, 55.48634], [37.408079, 55.486691], [37.409355, 55.488529], [37.404474, 55.488529], [37.403908, 55.490037], [37.409249, 55.49059], [37.410396, 55.493515], [37.40782, 55.494873], [37.406921, 55.492548], [37.402931, 55.492545], [37.390311, 55.499048], [37.391044, 55.501113], [37.388627, 55.502015], [37.383682, 55.500937], [37.370902, 55.503643], [37.372069, 55.509025], [37.39132, 55.508061], [37.392001, 55.510431], [37.370887, 55.510936], [37.379514, 55.513296], [37.378974, 55.517469], [37.387971, 55.516968], [37.389268, 55.518976], [37.387077, 55.519406], [37.391725, 55.522039], [37.392921, 55.520708], [37.389587, 55.518325], [37.390892, 55.51633], [37.39834, 55.516307], [37.40306, 55.52679], [37.392803, 55.530314], [37.398627, 55.53635], [37.402387, 55.5313], [37.416154, 55.523471], [37.431197, 55.522094], [37.43308, 55.524623], [37.435155, 55.524105], [37.42965, 55.529143], [37.429455, 55.531652], [37.428466, 55.531792], [37.427167, 55.534909], [37.421581, 55.53893], [37.422541, 55.540751], [37.416982, 55.544131], [37.434304, 55.548714], [37.440042, 55.5474], [37.442365, 55.542853], [37.433344, 55.543354], [37.430906, 55.540898], [37.432027, 55.534398], [37.428759, 55.531909], [37.429699, 55.531788], [37.430878, 55.531095], [37.429929, 55.529315], [37.430852, 55.529185], [37.431582, 55.528606], [37.433172, 55.529192], [37.43458, 55.527392], [37.4435, 55.529192], [37.444903, 55.524125], [37.449292, 55.521329], [37.448143, 55.518739], [37.445765, 55.519914], [37.443716, 55.518755], [37.445075, 55.51576], [37.448117, 55.516174], [37.448154, 55.513579], [37.426218, 55.513729], [37.421532, 55.511457], [37.415973, 55.512508], [37.41204, 55.510288], [37.415973, 55.508068], [37.42863, 55.508393], [37.428589, 55.5063], [37.424597, 55.504486], [37.431116, 55.49982], [37.429147, 55.495981], [37.431982, 55.495017], [37.43667, 55.49688], [37.443362, 55.496345], [37.44632, 55.498251], [37.443466, 55.501227], [37.437722, 55.500185], [37.43299, 55.501725], [37.431599, 55.504197], [37.434192, 55.507078], [37.440094, 55.509041], [37.438004, 55.506166], [37.44302, 55.504682], [37.446596, 55.506814], [37.445728, 55.509028], [37.453348, 55.511857], [37.453751, 55.513573], [37.457203, 55.511701], [37.462544, 55.512508], [37.468457, 55.516581], [37.468716, 55.519435], [37.47343, 55.52143], [37.484788, 55.52144], [37.485636, 55.518364], [37.495594, 55.51759], [37.50677, 55.52146], [37.519289, 55.522094], [37.533263, 55.518156], [37.542079, 55.510786], [37.54953, 55.508494], [37.550125, 55.506889], [37.553951, 55.507156], [37.555262, 55.509787], [37.544258, 55.514204], [37.547765, 55.516968], [37.552977, 55.516646], [37.554138, 55.519601], [37.548153, 55.52225], [37.545779, 55.520018], [37.542407, 55.520981], [37.540731, 55.51881], [37.543973, 55.518104], [37.538957, 55.516021], [37.53524, 55.520093], [37.535924, 55.524551], [37.530003, 55.528665], [37.527025, 55.527213], [37.529974, 55.523162], [37.518254, 55.523832], [37.518128, 55.525345], [37.523107, 55.52446], [37.527309, 55.529859], [37.533153, 55.530116], [37.538181, 55.532172], [37.545534, 55.537397], [37.547006, 55.542232], [37.558073, 55.538471], [37.564271, 55.538315], [37.564334, 55.534879], [37.55807, 55.529166], [37.564472, 55.52706], [37.570834, 55.53565], [37.572018, 55.541978], [37.569836, 55.542833], [37.577342, 55.548708], [37.578377, 55.551937], [37.568712, 55.553963], [37.581453, 55.556704], [37.586009, 55.554165], [37.597648, 55.552321], [37.60438, 55.554132], [37.606007, 55.548675], [37.602914, 55.545432], [37.605982, 55.543894], [37.603889, 55.541864], [37.607034, 55.540198], [37.610449, 55.532852], [37.606168, 55.522657], [37.608161, 55.518726], [37.607338, 55.506717], [37.609635, 55.504213], [37.608488, 55.498251], [37.609943, 55.495802], [37.612432, 55.495688], [37.612231, 55.499368], [37.617471, 55.50052], [37.611021, 55.502295], [37.611898, 55.506046], [37.609664, 55.507908], [37.613194, 55.533939], [37.611173, 55.53567], [37.612855, 55.541561], [37.608623, 55.54391], [37.617124, 55.543272], [37.619771, 55.54674], [37.618253, 55.548252], [37.615977, 55.54541], [37.61332, 55.545904], [37.606329, 55.553023], [37.607298, 55.555195], [37.611814, 55.556548], [37.610791, 55.561045], [37.614022, 55.561692], [37.611814, 55.567115], [37.615264, 55.570853], [37.614442, 55.574019], [37.633224, 55.573187], [37.63354, 55.570967], [37.647252, 55.571607], [37.647954, 55.569501], [37.641989, 55.564332], [37.646401, 55.562687], [37.648989, 55.563643], [37.647626, 55.565366], [37.650138, 55.567694], [37.652737, 55.565379], [37.654775, 55.567694], [37.659895, 55.568679], [37.652487, 55.569989], [37.655922, 55.572179], [37.65974, 55.570528], [37.665385, 55.57058], [37.676622, 55.572745], [37.665385, 55.57361], [37.661959, 55.57256], [37.654873, 55.573922], [37.661183, 55.575748], [37.659636, 55.58176], [37.657359, 55.576278], [37.647327, 55.575508], [37.645062, 55.576626], [37.644447, 55.579395], [37.655416, 55.579895], [37.649587, 55.58113], [37.646151, 55.588584], [37.640753, 55.589045], [37.638778, 55.6], [37.649451, 55.600721], [37.657084, 55.59014], [37.663646, 55.588717], [37.672638, 55.589689], [37.67833, 55.587424], [37.672997, 55.593766], [37.672031, 55.59873], [37.674964, 55.601987], [37.669715, 55.606541], [37.673434, 55.608817], [37.678887, 55.605739], [37.680805, 55.606593], [37.673052, 55.611727], [37.676263, 55.613906], [37.674107, 55.618818], [37.680773, 55.62794], [37.678804, 55.628767], [37.674552, 55.624084], [37.670082, 55.62249], [37.661921, 55.629916], [37.66348, 55.63053], [37.659104, 55.63543], [37.670732, 55.637348], [37.687129, 55.63484], [37.690777, 55.643004], [37.683679, 55.638082], [37.673825, 55.637345], [37.658187, 55.639532], [37.657699, 55.642926], [37.664721, 55.645239], [37.657055, 55.645972], [37.65903, 55.64934], [37.656325, 55.652032], [37.651196, 55.652652], [37.655523, 55.649979], [37.653881, 55.645917], [37.642854, 55.651779], [37.64633, 55.654105], [37.640028, 55.654793], [37.638942, 55.653771], [37.636642, 55.65608], [37.633086, 55.653658], [37.625164, 55.653677], [37.625612, 55.655808], [37.621625, 55.655821], [37.620395, 55.660199], [37.624025, 55.662564], [37.630505, 55.66259], [37.640322, 55.658007], [37.639781, 55.656946], [37.645076, 55.656528], [37.642368, 55.660414], [37.643829, 55.661322], [37.639045, 55.660793], [37.636018, 55.663018], [37.645844, 55.665194], [37.647275, 55.663504], [37.64977, 55.666834], [37.638939, 55.665388], [37.636639, 55.667107], [37.634348, 55.664603], [37.631948, 55.665197], [37.630289, 55.667548], [37.632805, 55.668177], [37.631324, 55.669487], [37.635898, 55.673342], [37.634291, 55.674246], [37.62851, 55.672596], [37.631704, 55.675718], [37.628352, 55.676486], [37.62715, 55.679848], [37.630867, 55.679848], [37.6321, 55.676992], [37.636579, 55.677008], [37.638643, 55.679397], [37.641239, 55.67835], [37.64286, 55.679803], [37.635216, 55.681958], [37.654019, 55.684395], [37.635484, 55.684188], [37.630752, 55.686233], [37.627228, 55.694153], [37.627363, 55.701978], [37.629007, 55.697063], [37.633492, 55.697863], [37.636418, 55.700763], [37.63072, 55.702399], [37.632738, 55.703977], [37.656029, 55.702295], [37.671301, 55.711518], [37.67783, 55.713558], [37.66542, 55.711071], [37.661858, 55.707475], [37.661145, 55.70982], [37.654767, 55.710462], [37.654192, 55.707556], [37.649302, 55.704184], [37.646988, 55.707294], [37.631143, 55.706409], [37.63325, 55.708486], [37.643924, 55.70732], [37.648652, 55.70904], [37.649667, 55.711615], [37.646824, 55.716405], [37.635469, 55.710786], [37.634601, 55.715002], [37.631778, 55.715002], [37.63087, 55.712441], [37.628872, 55.71349], [37.628323, 55.71872], [37.631583, 55.72178], [37.627599, 55.725416], [37.63354, 55.725012], [37.633012, 55.728421], [37.635403, 55.728524], [37.636257, 55.730561], [37.644884, 55.728955], [37.642118, 55.732934], [37.647111, 55.734779], [37.652142, 55.740116], [37.650153, 55.740958], [37.646962, 55.737643], [37.643553, 55.739213], [37.640092, 55.736724], [37.638902, 55.737938], [37.635415, 55.736731], [37.629847, 55.737776], [37.632169, 55.734303], [37.627826, 55.734122], [37.622453, 55.738174], [37.624347, 55.740275], [37.619395, 55.740424], [37.617696, 55.742051], [37.619455, 55.743162], [37.624261, 55.741229], [37.620734, 55.745291], [37.623514, 55.748511], [37.614815, 55.747708], [37.612912, 55.749161], [37.615327, 55.754024], [37.611846, 55.755412], [37.612771, 55.759132], [37.610147, 55.760184], [37.607948, 55.756755], [37.604978, 55.757806], [37.60766, 55.758883], [37.606884, 55.76076], [37.601716, 55.760789], [37.60614, 55.765049], [37.609414, 55.765356], [37.601903, 55.767258], [37.607123, 55.770518], [37.604214, 55.771931], [37.623189, 55.773635], [37.619389, 55.775304], [37.617512, 55.773952], [37.610193, 55.773551], [37.609316, 55.77649], [37.605634, 55.777338], [37.605835, 55.773632], [37.597585, 55.772701], [37.596329, 55.770269], [37.587081, 55.771947], [37.589809, 55.766223], [37.585063, 55.762668], [37.580912, 55.761497], [37.581826, 55.76793], [37.576583, 55.768021], [37.566847, 55.762545], [37.56536, 55.763545], [37.563121, 55.762652], [37.562693, 55.76128], [37.565907, 55.760391], [37.561652, 55.759035], [37.563641, 55.757599], [37.559301, 55.757696], [37.557536, 55.754885], [37.551551, 55.753374], [37.54993, 55.754286], [37.55373, 55.756421], [37.551479, 55.757764], [37.545514, 55.758382], [37.546607, 55.754962], [37.54122, 55.753516], [37.539417, 55.755402], [37.544913, 55.75614], [37.543861, 55.757732], [37.534246, 55.7568], [37.537557, 55.764926], [37.55193, 55.764502], [37.554043, 55.763273], [37.552603, 55.76543], [37.544652, 55.765767], [37.540961, 55.767905], [37.546572, 55.773315], [37.556334, 55.775634], [37.558174, 55.779746], [37.569054, 55.786536], [37.571564, 55.790712], [37.565493, 55.786005], [37.560479, 55.787256], [37.562158, 55.784599], [37.558519, 55.785617], [37.555314, 55.783287], [37.552419, 55.784237], [37.555282, 55.780041], [37.547544, 55.777945], [37.551893, 55.775103], [37.543568, 55.773373], [37.535398, 55.767775], [37.526947, 55.769687], [37.525081, 55.772018], [37.515888, 55.770961], [37.516173, 55.772617], [37.51256, 55.77337], [37.510829, 55.771863], [37.513669, 55.769881], [37.511697, 55.769638], [37.504407, 55.772025], [37.503306, 55.771116], [37.480468, 55.775181], [37.478875, 55.777211], [37.48179, 55.778925], [37.481405, 55.782162], [37.484581, 55.78555], [37.489091, 55.786872], [37.488692, 55.790744], [37.491765, 55.792499], [37.491822, 55.793113], [37.492808, 55.793282], [37.491753, 55.793172], [37.491702, 55.792541], [37.489195, 55.792622], [37.48515, 55.789755], [37.481086, 55.789435], [37.48166, 55.787172], [37.478815, 55.787476], [37.475957, 55.784596], [37.472841, 55.784699], [37.472499, 55.783403], [37.478878, 55.781014], [37.476432, 55.780218], [37.475604, 55.776743], [37.469547, 55.777671], [37.472123, 55.783452], [37.470297, 55.784541], [37.466477, 55.778133], [37.45616, 55.779889], [37.446553, 55.778709], [37.436486, 55.774308], [37.40659, 55.773729], [37.398581, 55.778243], [37.397357, 55.780833], [37.405446, 55.789345], [37.409384, 55.790334], [37.412799, 55.793795], [37.411879, 55.797687], [37.407757, 55.800317], [37.412127, 55.804301], [37.418606, 55.805394], [37.416723, 55.806867], [37.411014, 55.807203], [37.416246, 55.810605], [37.413854, 55.812036], [37.408852, 55.809057], [37.406377, 55.809762], [37.411537, 55.813351], [37.402344, 55.819795], [37.395928, 55.821597], [37.396118, 55.830837], [37.398969, 55.832283], [37.401206, 55.830485], [37.402916, 55.832803], [37.39717, 55.837736], [37.397725, 55.841762], [37.39245, 55.845497], [37.394005, 55.8524], [37.388733, 55.851083], [37.394166, 55.832961], [37.385436, 55.832228], [37.386077, 55.831004], [37.391616, 55.831466], [37.393031, 55.829374], [37.381472, 55.830246], [37.378451, 55.828056], [37.37858, 55.825479], [37.382716, 55.82285], [37.380995, 55.819643], [37.383838, 55.816455], [37.380316, 55.811855], [37.376734, 55.812379], [37.372601, 55.810637], [37.36878, 55.798928], [37.358268, 55.795066], [37.354747, 55.797244], [37.359102, 55.801119], [37.357615, 55.804615], [37.354623, 55.804311], [37.351464, 55.800779], [37.346755, 55.802127], [37.344579, 55.805206], [37.341857, 55.79992], [37.332506, 55.801206], [37.328628, 55.800337], [37.327099, 55.801523], [37.328585, 55.799348], [37.333391, 55.799752], [37.346764, 55.795929], [37.350432, 55.792884], [37.354985, 55.793188], [37.351754, 55.790366], [37.352711, 55.786691], [37.344881, 55.782162], [37.348828, 55.780946], [37.352691, 55.782181], [37.353884, 55.779611], [37.34501, 55.776099], [37.342492, 55.772225], [37.346879, 55.768095], [37.354505, 55.770327], [37.352677, 55.772274], [37.346833, 55.771782], [37.350265, 55.775064], [37.359579, 55.773127], [37.364184, 55.771164], [37.35857, 55.76945], [37.360266, 55.768034], [37.364167, 55.768603], [37.363017, 55.765967], [37.342685, 55.761235], [37.328475, 55.75107], [37.327386, 55.752277], [37.320245, 55.752442], [37.321361, 55.75624], [37.324451, 55.757583], [37.32237, 55.75867], [37.316698, 55.758369], [37.31706, 55.754293], [37.309963, 55.752989], [37.309621, 55.755671], [37.305076, 55.758003], [37.311507, 55.760663], [37.311788, 55.762422], [37.306738, 55.764314], [37.301747, 55.762273], [37.299005, 55.758667], [37.300494, 55.754771], [37.305579, 55.753701], [37.303489, 55.75285], [37.305622, 55.75172], [37.305545, 55.747841], [37.294342, 55.752801], [37.284787, 55.752617], [37.280958, 55.751109], [37.289476, 55.74798], [37.29068, 55.746572], [37.28838, 55.745229], [37.284543, 55.745178], [37.285141, 55.747194], [37.282536, 55.748129], [37.272116, 55.740401], [37.259226, 55.738961], [37.26012, 55.737349], [37.266668, 55.737676], [37.270699, 55.734691], [37.268405, 55.725704], [37.27593, 55.725643], [37.261006, 55.718536], [37.2629, 55.716434], [37.266462, 55.716197], [37.268847, 55.711401], [37.264369, 55.703222], [37.264334, 55.694088], [37.245445, 55.691438], [37.227166, 55.701809], [37.228916, 55.703782], [37.225283, 55.70789], [37.216843, 55.711233], [37.210148, 55.711346], [37.199431, 55.714057], [37.196999, 55.71681], [37.198537, 55.719743], [37.193619, 55.71894], [37.192515, 55.721473], [37.191262, 55.718753], [37.194524, 55.714853], [37.192015, 55.710779], [37.195364, 55.710821], [37.196241, 55.712479], [37.204266, 55.710682], [37.200377, 55.70649], [37.203968, 55.704038], [37.209027, 55.705123], [37.207276, 55.701955], [37.212117, 55.699091], [37.208797, 55.696444], [37.202898, 55.69752], [37.204347, 55.695135], [37.212735, 55.694131], [37.205359, 55.690025], [37.198264, 55.689079], [37.198284, 55.687491], [37.205503, 55.688136], [37.211145, 55.685439], [37.210921, 55.689088], [37.21492, 55.689432], [37.227237, 55.696217], [37.227582, 55.692851], [37.223756, 55.69161], [37.223305, 55.68797], [37.228163, 55.683611], [37.229974, 55.684399], [37.226895, 55.688304], [37.228494, 55.690498], [37.235327, 55.691039], [37.244626, 55.688298], [37.23934, 55.686687], [37.231886, 55.681096], [37.206963, 55.680295], [37.193901, 55.677819], [37.190264, 55.680509], [37.194864, 55.684794], [37.188258, 55.686612], [37.186625, 55.685737], [37.188522, 55.68294], [37.179456, 55.682892], [37.187404, 55.680691], [37.187154, 55.678499], [37.182555, 55.67883], [37.178892, 55.676357], [37.17099, 55.675186], [37.168202, 55.678561], [37.171326, 55.679854], [37.168095, 55.680538], [37.159351, 55.689847], [37.156614, 55.688615], [37.159621, 55.686373], [37.160501, 55.68154], [37.153679, 55.680723], [37.138306, 55.684655], [37.14164, 55.681806], [37.139967, 55.679595], [37.144506, 55.681371], [37.154855, 55.677702], [37.158669, 55.678953], [37.164192, 55.67799], [37.165882, 55.673436], [37.170171, 55.671208], [37.168274, 55.66819], [37.17028, 55.666299], [37.167236, 55.664127], [37.170973, 55.662132], [37.175716, 55.662479], [37.171625, 55.661013], [37.172979, 55.658309], [37.179002, 55.659327], [37.180531, 55.657832], [37.168572, 55.655983], [37.175155, 55.652454], [37.176558, 55.654631], [37.181873, 55.654572], [37.183538, 55.657021], [37.1882, 55.655004], [37.190649, 55.655815], [37.194343, 55.659359], [37.19777, 55.657786], [37.193691, 55.656681], [37.195694, 55.655552], [37.206494, 55.6556], [37.208127, 55.656515], [37.206345, 55.657929], [37.210191, 55.658503], [37.210456, 55.654154], [37.194312, 55.65501], [37.179881, 55.650835], [37.173847, 55.643854], [37.177515, 55.630559], [37.174589, 55.624632], [37.161199, 55.625681], [37.155956, 55.624074], [37.15167, 55.628758], [37.14916, 55.628874], [37.149597, 55.625414], [37.147091, 55.623288], [37.14231, 55.623684], [37.132229, 55.621006], [37.128512, 55.621736], [37.127678, 55.620282], [37.123826, 55.621048], [37.12272, 55.619636], [37.119313, 55.620438], [37.119052, 55.618967], [37.115714, 55.61973], [37.114768, 55.618688], [37.118615, 55.617909], [37.134158, 55.619308], [37.142189, 55.622331], [37.146263, 55.620824], [37.143972, 55.619201], [37.145705, 55.618396], [37.148844, 55.62162], [37.152532, 55.621681], [37.153027, 55.619581], [37.149994, 55.618058], [37.161067, 55.614165], [37.156097, 55.62237], [37.174299, 55.622503], [37.182923, 55.626723], [37.179919, 55.640298], [37.185797, 55.650067], [37.202228, 55.6514], [37.203525, 55.65067], [37.200363, 55.648759], [37.204686, 55.64678], [37.201711, 55.644587], [37.207756, 55.643513], [37.211197, 55.645048], [37.214937, 55.644574], [37.212715, 55.645505], [37.214457, 55.651487], [37.217004, 55.652785], [37.226128, 55.648513], [37.232205, 55.649226], [37.231489, 55.651332], [37.235614, 55.653755], [37.236189, 55.656612], [37.241093, 55.655652], [37.246845, 55.657404], [37.255147, 55.655367], [37.259859, 55.651361], [37.256829, 55.648701], [37.262063, 55.642903], [37.257961, 55.640943], [37.263084, 55.626713], [37.259485, 55.62594], [37.257191, 55.627527], [37.253532, 55.625486], [37.252997, 55.622811], [37.248763, 55.620172], [37.250772, 55.616977], [37.247115, 55.614175], [37.238793, 55.611405], [37.227295, 55.615191], [37.221543, 55.612168], [37.217015, 55.613925], [37.217424, 55.610486], [37.214874, 55.608337], [37.218372, 55.60833], [37.22762, 55.612574], [37.233366, 55.609123], [37.230469, 55.608639], [37.22902, 55.605238], [37.225889, 55.605388], [37.222434, 55.603121], [37.227295, 55.601773], [37.229681, 55.602679], [37.23134, 55.600373], [37.23572, 55.602361], [37.242162, 55.601529], [37.240009, 55.597378], [37.233044, 55.59411], [37.223523, 55.595394], [37.214647, 55.599603], [37.208777, 55.597563], [37.205066, 55.598746], [37.208127, 55.600688], [37.206871, 55.60149], [37.203134, 55.600032], [37.201119, 55.603442], [37.195059, 55.603049], [37.19662, 55.59873], [37.202182, 55.597437], [37.199227, 55.596082], [37.199877, 55.594094], [37.19599, 55.593379], [37.198445, 55.592626], [37.205922, 55.595683], [37.201464, 55.591271], [37.204968, 55.589218], [37.186611, 55.583827], [37.193846, 55.583528], [37.203134, 55.586017], [37.206253, 55.585166], [37.203919, 55.576645], [37.206782, 55.573265], [37.191374, 55.570301], [37.190882, 55.568623], [37.168377, 55.563152], [37.164373, 55.560606], [37.161478, 55.561198], [37.157482, 55.55845], [37.178257, 55.563952], [37.182322, 55.560135], [37.183345, 55.56509], [37.198549, 55.568519], [37.202875, 55.566923], [37.20857, 55.558268], [37.211051, 55.558187], [37.209369, 55.564235], [37.203556, 55.569299], [37.21032, 55.571292], [37.209915, 55.573467], [37.214647, 55.57253], [37.259496, 55.583356], [37.257924, 55.580506], [37.260603, 55.579674], [37.261465, 55.580968], [37.269828, 55.581143], [37.286199, 55.579395], [37.294133, 55.570798], [37.290062, 55.570034], [37.282487, 55.572959], [37.281355, 55.570323], [37.276267, 55.568786], [37.277417, 55.566952], [37.287116, 55.564729], [37.310187, 55.555248], [37.311012, 55.551813], [37.324233, 55.553514], [37.327409, 55.555225], [37.326299, 55.553176], [37.320375, 55.55101], [37.30522, 55.548831], [37.305585, 55.546551], [37.320473, 55.548951], [37.322436, 55.547231], [37.327639, 55.546912], [37.324477, 55.545097], [37.324738, 55.542648], [37.327288, 55.542703], [37.330465, 55.544954], [37.335653, 55.545279], [37.337002, 55.546675], [37.33396, 55.547543], [37.338059, 55.548034], [37.331931, 55.5502], [37.330537, 55.549156], [37.330646, 55.551986], [37.334285, 55.553306], [37.343366, 55.5533], [37.36074, 55.542833], [37.35531, 55.538494], [37.362632, 55.537707], [37.367605, 55.538959], [37.363313, 55.536135], [37.363347, 55.533933], [37.370657, 55.530002], [37.373385, 55.532439], [37.381411, 55.527187], [37.377973, 55.527165], [37.374061, 55.527737], [37.371083, 55.52585], [37.369528, 55.528303], [37.365268, 55.525821], [37.359541, 55.529507], [37.351478, 55.530031], [37.332034, 55.526178], [37.327055, 55.524125], [37.32857, 55.522566], [37.33768, 55.522442], [37.345171, 55.524376], [37.334986, 55.517983], [37.328852, 55.520428], [37.321479, 55.520008], [37.320829, 55.522234], [37.312383, 55.525469], [37.306226, 55.519793], [37.302926, 55.51991], [37.302302, 55.523458], [37.299264, 55.52325], [37.302138, 55.508719], [37.304889, 55.509972], [37.302713, 55.514188], [37.312392, 55.521541], [37.326966, 55.515754], [37.33549, 55.515536], [37.33768, 55.513208], [37.345772, 55.513042], [37.348023, 55.514894], [37.349336, 55.513755], [37.349265, 55.51218], [37.343392, 55.510142], [37.328478, 55.510077], [37.325885, 55.511737], [37.324759, 55.508833], [37.331068, 55.508322], [37.326147, 55.5035], [37.311521, 55.50446], [37.312217, 55.502992], [37.318411, 55.502634], [37.328682, 55.497287], [37.326156, 55.494424], [37.31932, 55.496896], [37.321576, 55.493633], [37.318958, 55.4929], [37.314643, 55.494235], [37.314689, 55.492701], [37.310478, 55.492721], [37.31132, 55.490512], [37.322695, 55.492196], [37.324247, 55.490327], [37.321522, 55.487874], [37.314309, 55.48745], [37.318524, 55.484877], [37.31587, 55.477038], [37.312487, 55.476149], [37.308442, 55.477889], [37.302952, 55.474604], [37.303987, 55.472017], [37.310555, 55.473148], [37.299157, 55.467249], [37.300666, 55.465105], [37.298125, 55.464111], [37.301356, 55.463925]]]]}}, {"type": "Feature", "properties": {"school_id": "школа-1158", "name": "Школа №1158", "min": 20, "mode": "driving", "method": "isochrone driving reverse:true", "status": "approx: гипотеза A (start_time = выезд), +8–14% (Гейт 2)", "start_time": "2026-10-14T05:10:00Z", "request_hash": "9e1952a623b7af8db94d552078607890e674e25b", "was_invalid": false}, "geometry": {"type": "MultiPolygon", "coordinates": [[[[37.599137, 55.575235], [37.598229, 55.578777], [37.605191, 55.5788], [37.599298, 55.582453], [37.606743, 55.580981], [37.608313, 55.582449], [37.600379, 55.586388], [37.611403, 55.582917], [37.615008, 55.583668], [37.614229, 55.588766], [37.616756, 55.593487], [37.625546, 55.59591], [37.632937, 55.60276], [37.635685, 55.599379], [37.634618, 55.596628], [37.631957, 55.594565], [37.626845, 55.595806], [37.624744, 55.594854], [37.629844, 55.592626], [37.633954, 55.592678], [37.633661, 55.591001], [37.629369, 55.589903], [37.626394, 55.591209], [37.625773, 55.589978], [37.634644, 55.588506], [37.636576, 55.58681], [37.639318, 55.600724], [37.649319, 55.600867], [37.654617, 55.598444], [37.654755, 55.600831], [37.660774, 55.60101], [37.661209, 55.597154], [37.6645, 55.597943], [37.666601, 55.601591], [37.67037, 55.601568], [37.671135, 55.599564], [37.672558, 55.600536], [37.669306, 55.607125], [37.665906, 55.608931], [37.668174, 55.613639], [37.664247, 55.612808], [37.661591, 55.614987], [37.672684, 55.620149], [37.659435, 55.635709], [37.670246, 55.635278], [37.666642, 55.63223], [37.673334, 55.633425], [37.686083, 55.630345], [37.690004, 55.634512], [37.688178, 55.63814], [37.691734, 55.642958], [37.70448, 55.641378], [37.707076, 55.642731], [37.700901, 55.643539], [37.707159, 55.64522], [37.70567, 55.650119], [37.702258, 55.64908], [37.702086, 55.65067], [37.710485, 55.65572], [37.71457, 55.661195], [37.723151, 55.66543], [37.726799, 55.670194], [37.725057, 55.671636], [37.729098, 55.672787], [37.732456, 55.679861], [37.729506, 55.679812], [37.71858, 55.664798], [37.709968, 55.664448], [37.709968, 55.662855], [37.712908, 55.662356], [37.70793, 55.660838], [37.70143, 55.66365], [37.700769, 55.662194], [37.70486, 55.659758], [37.699602, 55.660546], [37.69959, 55.656969], [37.697739, 55.656616], [37.697529, 55.658114], [37.696032, 55.656554], [37.700096, 55.650699], [37.689268, 55.646933], [37.690837, 55.644201], [37.687339, 55.641528], [37.683679, 55.641566], [37.666831, 55.648876], [37.664624, 55.648321], [37.655462, 55.654569], [37.654749, 55.659758], [37.665857, 55.6676], [37.663974, 55.669059], [37.665222, 55.674794], [37.672716, 55.676013], [37.672181, 55.677533], [37.664187, 55.677939], [37.667007, 55.679919], [37.667435, 55.684545], [37.673822, 55.685718], [37.666274, 55.686376], [37.669306, 55.705078], [37.667007, 55.706205], [37.664891, 55.702519], [37.665595, 55.69461], [37.659165, 55.694711], [37.662439, 55.691107], [37.658437, 55.686849], [37.664164, 55.686039], [37.645447, 55.684276], [37.632747, 55.685128], [37.627231, 55.694153], [37.627311, 55.703196], [37.628455, 55.704557], [37.632437, 55.704625], [37.642388, 55.702979], [37.642825, 55.704453], [37.628441, 55.706426], [37.633236, 55.708473], [37.644723, 55.707368], [37.648488, 55.708829], [37.649667, 55.711615], [37.646746, 55.716677], [37.644967, 55.714695], [37.622735, 55.706358], [37.621622, 55.707731], [37.625641, 55.713331], [37.623721, 55.720048], [37.627964, 55.721741], [37.624879, 55.72248], [37.624462, 55.726452], [37.62216, 55.727372], [37.617813, 55.723885], [37.617949, 55.72248], [37.621921, 55.722463], [37.616664, 55.719429], [37.621844, 55.719533], [37.621815, 55.716673], [37.618271, 55.717752], [37.615919, 55.715355], [37.612245, 55.716955], [37.609742, 55.714241], [37.613921, 55.714361], [37.613602, 55.712237], [37.606827, 55.715057], [37.6047, 55.71212], [37.599258, 55.711618], [37.601744, 55.708207], [37.605556, 55.709205], [37.608471, 55.70708], [37.610518, 55.703828], [37.608201, 55.702441], [37.600917, 55.703811], [37.596886, 55.706617], [37.591565, 55.706931], [37.594173, 55.710138], [37.587285, 55.708178], [37.576776, 55.715151], [37.57017, 55.716858], [37.582832, 55.709027], [37.574372, 55.70444], [37.576784, 55.704236], [37.581073, 55.705775], [37.579903, 55.7011], [37.587208, 55.705013], [37.595285, 55.695845], [37.597823, 55.696483], [37.59793, 55.69867], [37.593592, 55.701275], [37.594391, 55.703316], [37.603423, 55.701962], [37.604547, 55.699687], [37.611521, 55.700063], [37.605864, 55.694007], [37.602178, 55.693223], [37.597959, 55.69543], [37.599083, 55.692186], [37.597154, 55.690858], [37.600563, 55.688943], [37.599422, 55.68564], [37.596084, 55.686094], [37.596389, 55.688051], [37.589202, 55.688434], [37.587849, 55.687017], [37.591036, 55.685692], [37.588392, 55.682979], [37.583028, 55.686509], [37.578745, 55.686502], [37.577601, 55.685083], [37.580162, 55.682619], [37.586791, 55.681585], [37.579892, 55.678298], [37.576402, 55.679226], [37.579529, 55.680516], [37.57798, 55.681705], [37.572245, 55.679608], [37.568813, 55.682885], [37.564191, 55.683313], [37.561951, 55.678999], [37.554989, 55.682195], [37.560879, 55.676645], [37.554152, 55.671896], [37.551358, 55.672223], [37.549458, 55.666747], [37.546946, 55.665907], [37.539797, 55.669642], [37.540317, 55.667382], [37.533096, 55.664681], [37.527697, 55.66628], [37.527053, 55.664769], [37.532392, 55.662998], [37.527404, 55.660722], [37.525697, 55.66137], [37.527784, 55.663001], [37.525188, 55.663887], [37.519289, 55.659489], [37.51429, 55.661766], [37.515575, 55.66473], [37.513117, 55.665563], [37.519697, 55.671231], [37.516782, 55.670926], [37.508932, 55.665352], [37.503519, 55.668987], [37.498241, 55.668877], [37.50468, 55.665103], [37.506072, 55.660397], [37.508992, 55.661305], [37.515512, 55.657592], [37.521853, 55.656509], [37.513937, 55.649862], [37.508251, 55.649836], [37.510746, 55.647857], [37.509392, 55.644827], [37.513005, 55.64547], [37.508757, 55.641433], [37.512718, 55.641443], [37.517064, 55.64509], [37.523121, 55.642199], [37.519625, 55.635593], [37.512404, 55.637929], [37.510415, 55.636806], [37.517518, 55.633743], [37.517556, 55.629283], [37.522701, 55.632772], [37.525993, 55.631864], [37.52225, 55.630225], [37.525159, 55.626369], [37.527784, 55.627313], [37.525993, 55.62941], [37.533145, 55.631335], [37.540167, 55.626667], [37.531624, 55.623418], [37.535557, 55.619906], [37.540429, 55.621896], [37.536864, 55.614182], [37.530425, 55.613626], [37.532004, 55.612165], [37.537109, 55.612152], [37.535666, 55.609645], [37.532771, 55.609126], [37.534318, 55.606161], [37.536867, 55.606388], [37.539966, 55.610879], [37.54573, 55.607603], [37.557772, 55.611789], [37.543347, 55.626028], [37.543255, 55.630523], [37.548027, 55.637773], [37.560224, 55.641891], [37.566493, 55.646832], [37.586086, 55.642267], [37.587251, 55.639649], [37.583974, 55.637702], [37.587276, 55.636381], [37.58527, 55.632068], [37.589547, 55.630559], [37.587331, 55.628641], [37.588444, 55.624752], [37.583672, 55.622704], [37.578794, 55.623178], [37.577172, 55.621688], [37.576408, 55.618633], [37.58151, 55.618266], [37.585008, 55.614324], [37.577716, 55.614506], [37.576468, 55.604586], [37.579147, 55.603072], [37.580676, 55.603936], [37.581338, 55.612425], [37.589573, 55.611772], [37.58667, 55.605888], [37.586428, 55.596823], [37.581151, 55.595491], [37.588628, 55.593701], [37.588346, 55.590728], [37.593201, 55.590832], [37.596455, 55.594286], [37.600037, 55.593048], [37.594699, 55.580214], [37.594773, 55.576704], [37.599137, 55.575235]]]]}}, {"type": "Feature", "properties": {"school_id": "школа-1158", "name": "Школа №1158", "min": 40, "mode": "driving", "method": "isochrone driving reverse:true", "status": "approx: гипотеза A (start_time = выезд), +8–14% (Гейт 2)", "start_time": "2026-10-14T04:50:00Z", "request_hash": "53b3e81d7ba0065c62a5af63dab09a1ca5933c62", "was_invalid": false}, "geometry": {"type": "MultiPolygon", "coordinates": [[[[37.606065, 55.375827], [37.606329, 55.387689], [37.615488, 55.388143], [37.607422, 55.389707], [37.608468, 55.403361], [37.6066, 55.404886], [37.610569, 55.405966], [37.608189, 55.407086], [37.611119, 55.414599], [37.615933, 55.414008], [37.62005, 55.417709], [37.614321, 55.419086], [37.617627, 55.427188], [37.615801, 55.430776], [37.621384, 55.436168], [37.634429, 55.438878], [37.648072, 55.43897], [37.651737, 55.441882], [37.630571, 55.44123], [37.634811, 55.448978], [37.629404, 55.450725], [37.632511, 55.45289], [37.623571, 55.457275], [37.622611, 55.459446], [37.63434, 55.459906], [37.637108, 55.461663], [37.634328, 55.465], [37.631649, 55.463204], [37.622741, 55.464547], [37.619254, 55.471241], [37.614654, 55.498527], [37.624756, 55.505082], [37.618296, 55.506925], [37.613648, 55.504372], [37.612401, 55.505763], [37.614022, 55.522006], [37.612392, 55.524024], [37.614781, 55.524695], [37.61566, 55.523168], [37.622841, 55.522442], [37.626868, 55.523614], [37.635386, 55.523041], [37.636892, 55.524691], [37.63741, 55.51745], [37.639617, 55.5123], [37.642018, 55.511782], [37.642124, 55.516948], [37.65318, 55.519015], [37.649288, 55.52157], [37.642107, 55.519263], [37.642113, 55.526663], [37.647419, 55.526322], [37.649339, 55.529267], [37.651587, 55.526999], [37.654631, 55.529332], [37.660507, 55.525752], [37.666535, 55.525046], [37.666455, 55.527304], [37.670735, 55.527542], [37.676001, 55.52476], [37.682987, 55.514488], [37.685341, 55.515536], [37.680713, 55.525261], [37.671945, 55.529794], [37.67908, 55.530201], [37.687296, 55.533841], [37.708976, 55.532153], [37.723628, 55.53784], [37.735454, 55.537163], [37.748769, 55.533405], [37.758419, 55.533454], [37.760029, 55.534915], [37.765318, 55.534105], [37.766508, 55.535592], [37.771898, 55.535839], [37.770746, 55.536779], [37.768, 55.53581], [37.766198, 55.537401], [37.758425, 55.535403], [37.749922, 55.535361], [37.73318, 55.53918], [37.72673, 55.539216], [37.705667, 55.5354], [37.703618, 55.538439], [37.697417, 55.538858], [37.695051, 55.541314], [37.700234, 55.544086], [37.696078, 55.54393], [37.683378, 55.551667], [37.683142, 55.553914], [37.696437, 55.566179], [37.708214, 55.560206], [37.708208, 55.563802], [37.694065, 55.572618], [37.695161, 55.575309], [37.707705, 55.581926], [37.712595, 55.581179], [37.714754, 55.584194], [37.719241, 55.585822], [37.724344, 55.584916], [37.727348, 55.589705], [37.73554, 55.58705], [37.742557, 55.581286], [37.748079, 55.580786], [37.752475, 55.577146], [37.756493, 55.577432], [37.752457, 55.573102], [37.763473, 55.571588], [37.762058, 55.569618], [37.765451, 55.56862], [37.768193, 55.569436], [37.762837, 55.575504], [37.778329, 55.581682], [37.776633, 55.583294], [37.773209, 55.582004], [37.773571, 55.580493], [37.770125, 55.580812], [37.760906, 55.577666], [37.756499, 55.582001], [37.741094, 55.586397], [37.749333, 55.589854], [37.75382, 55.588077], [37.759836, 55.590995], [37.758069, 55.592908], [37.759742, 55.59401], [37.75273, 55.593776], [37.747619, 55.59743], [37.77665, 55.613182], [37.783083, 55.614561], [37.782198, 55.611139], [37.785737, 55.609973], [37.787269, 55.613896], [37.792288, 55.610749], [37.797876, 55.612214], [37.795625, 55.613503], [37.7919, 55.612574], [37.790437, 55.615766], [37.79495, 55.613919], [37.796939, 55.615568], [37.786806, 55.618811], [37.806986, 55.631464], [37.806454, 55.631734], [37.804453, 55.631244], [37.803706, 55.630647], [37.80205, 55.630653], [37.786326, 55.621379], [37.784449, 55.624236], [37.782664, 55.620367], [37.782094, 55.625018], [37.78014, 55.621428], [37.775782, 55.620633], [37.776325, 55.628277], [37.772036, 55.63532], [37.776305, 55.636728], [37.77097, 55.64267], [37.777225, 55.641443], [37.778375, 55.64436], [37.770378, 55.645953], [37.749333, 55.640246], [37.748128, 55.641625], [37.761208, 55.644373], [37.769317, 55.647835], [37.769961, 55.650067], [37.779645, 55.651734], [37.781522, 55.659178], [37.790718, 55.655652], [37.793397, 55.656479], [37.786797, 55.651916], [37.785564, 55.643224], [37.792118, 55.641102], [37.789189, 55.639646], [37.795318, 55.635982], [37.796289, 55.637692], [37.797617, 55.636835], [37.807345, 55.640616], [37.799908, 55.641252], [37.798664, 55.643156], [37.79307, 55.642657], [37.78935, 55.644597], [37.799081, 55.657157], [37.814865, 55.655652], [37.824414, 55.656885], [37.828077, 55.655549], [37.836422, 55.657592], [37.818912, 55.658147], [37.814572, 55.659593], [37.808328, 55.669856], [37.806437, 55.669487], [37.806261, 55.66593], [37.809955, 55.658685], [37.79965, 55.658993], [37.792874, 55.662891], [37.794547, 55.66365], [37.792587, 55.666669], [37.798488, 55.672888], [37.809524, 55.672119], [37.801947, 55.674506], [37.80251, 55.679358], [37.797718, 55.67635], [37.790635, 55.678525], [37.789111, 55.681323], [37.787947, 55.679271], [37.791106, 55.677277], [37.788459, 55.676551], [37.779617, 55.682623], [37.767425, 55.682982], [37.766629, 55.686839], [37.764007, 55.686489], [37.760822, 55.68235], [37.757956, 55.683332], [37.760207, 55.686022], [37.758807, 55.68715], [37.753604, 55.685057], [37.757752, 55.690232], [37.756901, 55.693447], [37.764301, 55.698787], [37.78718, 55.69634], [37.789945, 55.693103], [37.797965, 55.697734], [37.79282, 55.699153], [37.794162, 55.700627], [37.803068, 55.69672], [37.799506, 55.695423], [37.801935, 55.693333], [37.805661, 55.694996], [37.808828, 55.694066], [37.811352, 55.701213], [37.804252, 55.70075], [37.804519, 55.698181], [37.794726, 55.702564], [37.794846, 55.704139], [37.799147, 55.705136], [37.795999, 55.706494], [37.795536, 55.70916], [37.786774, 55.708891], [37.780985, 55.711291], [37.788617, 55.714063], [37.789965, 55.716994], [37.810418, 55.712777], [37.809389, 55.715006], [37.799661, 55.717302], [37.801064, 55.719598], [37.811088, 55.717039], [37.79752, 55.723173], [37.801504, 55.724798], [37.800161, 55.726002], [37.795298, 55.723895], [37.790782, 55.725005], [37.787545, 55.727964], [37.770953, 55.734157], [37.769774, 55.737028], [37.777349, 55.738219], [37.773203, 55.739941], [37.773732, 55.74155], [37.766322, 55.74156], [37.76541, 55.738423], [37.74918, 55.747249], [37.757632, 55.748025], [37.748769, 55.748834], [37.745952, 55.747773], [37.743437, 55.749164], [37.749143, 55.756444], [37.754498, 55.757233], [37.756755, 55.755962], [37.75478, 55.753736], [37.763168, 55.748711], [37.765002, 55.753701], [37.761711, 55.754199], [37.758773, 55.758269], [37.773977, 55.763166], [37.766609, 55.764269], [37.752817, 55.761924], [37.751885, 55.764861], [37.748855, 55.765983], [37.744888, 55.781955], [37.745518, 55.790566], [37.749795, 55.797086], [37.748657, 55.801115], [37.750569, 55.802201], [37.748076, 55.804489], [37.74791, 55.798297], [37.742879, 55.789487], [37.74392, 55.785417], [37.742396, 55.786917], [37.735083, 55.782472], [37.74358, 55.778288], [37.745995, 55.767067], [37.736702, 55.766999], [37.735526, 55.764124], [37.728253, 55.769638], [37.728894, 55.766488], [37.721713, 55.767649], [37.733769, 55.756302], [37.721756, 55.752778], [37.719428, 55.759466], [37.717189, 55.759042], [37.717608, 55.755021], [37.713713, 55.753008], [37.710178, 55.753435], [37.71018, 55.751614], [37.703169, 55.75296], [37.699754, 55.755519], [37.70375, 55.756952], [37.703652, 55.762079], [37.699426, 55.768577], [37.693465, 55.770084], [37.700137, 55.774243], [37.702034, 55.779077], [37.697886, 55.776183], [37.693657, 55.776316], [37.694428, 55.773606], [37.691449, 55.774815], [37.68614, 55.774292], [37.684024, 55.775695], [37.685373, 55.77789], [37.681233, 55.777535], [37.67453, 55.780206], [37.674679, 55.782162], [37.668467, 55.782611], [37.658501, 55.788863], [37.664664, 55.782782], [37.663485, 55.779559], [37.653522, 55.776872], [37.653013, 55.782317], [37.650182, 55.782957], [37.64902, 55.778786], [37.645625, 55.781279], [37.643803, 55.787476], [37.63745, 55.78673], [37.640115, 55.788617], [37.6348, 55.79119], [37.634299, 55.793498], [37.63152, 55.791203], [37.632759, 55.787948], [37.627739, 55.786536], [37.624301, 55.792057], [37.617089, 55.793915], [37.61631, 55.792483], [37.622217, 55.791194], [37.621921, 55.789157], [37.617086, 55.788921], [37.612912, 55.791013], [37.606749, 55.787114], [37.604286, 55.79194], [37.614459, 55.793149], [37.608258, 55.7961], [37.601845, 55.793627], [37.602558, 55.796998], [37.599813, 55.797018], [37.599844, 55.798533], [37.595061, 55.797645], [37.597562, 55.793421], [37.58696, 55.794982], [37.587667, 55.800201], [37.583373, 55.804802], [37.586299, 55.804628], [37.58642, 55.806712], [37.581361, 55.808899], [37.577362, 55.804583], [37.579141, 55.801367], [37.574591, 55.803419], [37.569661, 55.803322], [37.567594, 55.805704], [37.560488, 55.804848], [37.561851, 55.80193], [37.557197, 55.804402], [37.551528, 55.804589], [37.549915, 55.803519], [37.553175, 55.800957], [37.549516, 55.800967], [37.546592, 55.798582], [37.550157, 55.795848], [37.546805, 55.79515], [37.547797, 55.794329], [37.532949, 55.800262], [37.533748, 55.798346], [37.539285, 55.794461], [37.537511, 55.79173], [37.543735, 55.793152], [37.540052, 55.789839], [37.528499, 55.795314], [37.525104, 55.792903], [37.519927, 55.79441], [37.521238, 55.791042], [37.533231, 55.790453], [37.537899, 55.788789], [37.533832, 55.786626], [37.533194, 55.782786], [37.527499, 55.78222], [37.527651, 55.783613], [37.525743, 55.783416], [37.527528, 55.781256], [37.532567, 55.781188], [37.530664, 55.780248], [37.532164, 55.778026], [37.535396, 55.780697], [37.540285, 55.780374], [37.541493, 55.778311], [37.53656, 55.774935], [37.531843, 55.775009], [37.529649, 55.777962], [37.527562, 55.774948], [37.522894, 55.774275], [37.52313, 55.77845], [37.516662, 55.776662], [37.514994, 55.778408], [37.512884, 55.777745], [37.510053, 55.77919], [37.504508, 55.77801], [37.500958, 55.781217], [37.496729, 55.77846], [37.498946, 55.776161], [37.493599, 55.776306], [37.496833, 55.774408], [37.495464, 55.773684], [37.490373, 55.774269], [37.488606, 55.776817], [37.484848, 55.774922], [37.479065, 55.775669], [37.483655, 55.786047], [37.488706, 55.789306], [37.486473, 55.79013], [37.475218, 55.783355], [37.478516, 55.781825], [37.475653, 55.776788], [37.462763, 55.778802], [37.46176, 55.782469], [37.458123, 55.779436], [37.458414, 55.783865], [37.454702, 55.7836], [37.451512, 55.780303], [37.448065, 55.78576], [37.445662, 55.7806], [37.438967, 55.78372], [37.436262, 55.782139], [37.439404, 55.779252], [37.436127, 55.775533], [37.444713, 55.778547], [37.442284, 55.77533], [37.448143, 55.777797], [37.452273, 55.777412], [37.468469, 55.767138], [37.473649, 55.768192], [37.464841, 55.76205], [37.467664, 55.759789], [37.470337, 55.762982], [37.471381, 55.760802], [37.46819, 55.758553], [37.470352, 55.758482], [37.469895, 55.756852], [37.473948, 55.756952], [37.472982, 55.759524], [37.475359, 55.761636], [37.479666, 55.760501], [37.481293, 55.762154], [37.48398, 55.761966], [37.483701, 55.762784], [37.475127, 55.763076], [37.477596, 55.766818], [37.483693, 55.768467], [37.495985, 55.766239], [37.502248, 55.769273], [37.508222, 55.765327], [37.506089, 55.763616], [37.507365, 55.762131], [37.511628, 55.760187], [37.507529, 55.758667], [37.502958, 55.760646], [37.504683, 55.762264], [37.499911, 55.763668], [37.499336, 55.757638], [37.503605, 55.755671], [37.501444, 55.754399], [37.481123, 55.754506], [37.481126, 55.752241], [37.488439, 55.750607], [37.490773, 55.74786], [37.48114, 55.746087], [37.476552, 55.743508], [37.479585, 55.740809], [37.472752, 55.73428], [37.47613, 55.732399], [37.453843, 55.728184], [37.450255, 55.730396], [37.455102, 55.733655], [37.448924, 55.732837], [37.421619, 55.745184], [37.421613, 55.743977], [37.431108, 55.738329], [37.430809, 55.736442], [37.437713, 55.736248], [37.443046, 55.733024], [37.442278, 55.731402], [37.434934, 55.731658], [37.436291, 55.729596], [37.440321, 55.729269], [37.440252, 55.727783], [37.436567, 55.728777], [37.40893, 55.727793], [37.406438, 55.729755], [37.407102, 55.732361], [37.41242, 55.731807], [37.415257, 55.733306], [37.41315, 55.735258], [37.408597, 55.734287], [37.412923, 55.738802], [37.410508, 55.739074], [37.405817, 55.735429], [37.400436, 55.737685], [37.398228, 55.736899], [37.40016, 55.735585], [37.398829, 55.734157], [37.393789, 55.733613], [37.403644, 55.732532], [37.403319, 55.729107], [37.392099, 55.730299], [37.378853, 55.729612], [37.382288, 55.732739], [37.378212, 55.735077], [37.376778, 55.733749], [37.375366, 55.73472], [37.374058, 55.738148], [37.377154, 55.738812], [37.373604, 55.743501], [37.370617, 55.744026], [37.372647, 55.747168], [37.369439, 55.7481], [37.371405, 55.754344], [37.369269, 55.755208], [37.369671, 55.764673], [37.371025, 55.766126], [37.374475, 55.76502], [37.376024, 55.765983], [37.369398, 55.767313], [37.370269, 55.777241], [37.369099, 55.772206], [37.363373, 55.772481], [37.367633, 55.766562], [37.356951, 55.763558], [37.355264, 55.761669], [37.366897, 55.763344], [37.365871, 55.747559], [37.372417, 55.730907], [37.368576, 55.731001], [37.367576, 55.732552], [37.36636, 55.730943], [37.35299, 55.730891], [37.342498, 55.726439], [37.32968, 55.724824], [37.33001, 55.723713], [37.32475, 55.722774], [37.325425, 55.72111], [37.321306, 55.72019], [37.316207, 55.713347], [37.293282, 55.696927], [37.306907, 55.703034], [37.314649, 55.710339], [37.316721, 55.706934], [37.319544, 55.706934], [37.31882, 55.713496], [37.330818, 55.722923], [37.347166, 55.725067], [37.352651, 55.729353], [37.374397, 55.729198], [37.377536, 55.72519], [37.367679, 55.726132], [37.365541, 55.723114], [37.378304, 55.722195], [37.385315, 55.714186], [37.374852, 55.711896], [37.372279, 55.712528], [37.367918, 55.710144], [37.374469, 55.711284], [37.379086, 55.709986], [37.383107, 55.712583], [37.386025, 55.712036], [37.398167, 55.70192], [37.394882, 55.700339], [37.400073, 55.700471], [37.409025, 55.693256], [37.411658, 55.694101], [37.407329, 55.697406], [37.409252, 55.700196], [37.40406, 55.699794], [37.401479, 55.702321], [37.406142, 55.708049], [37.410155, 55.707093], [37.412805, 55.705127], [37.41098, 55.702937], [37.413512, 55.702325], [37.416165, 55.703993], [37.421029, 55.69995], [37.416464, 55.694435], [37.418893, 55.688965], [37.427649, 55.687643], [37.420003, 55.685015], [37.424464, 55.683734], [37.422642, 55.679754], [37.427307, 55.679598], [37.429849, 55.681903], [37.430553, 55.678399], [37.437932, 55.675306], [37.434888, 55.672087], [37.440203, 55.671455], [37.434908, 55.666877], [37.436952, 55.664967], [37.43316, 55.662748], [37.429955, 55.668439], [37.423116, 55.673825], [37.42439, 55.675264], [37.421897, 55.675472], [37.423036, 55.676775], [37.419069, 55.676781], [37.425367, 55.670103], [37.42439, 55.66557], [37.430139, 55.662577], [37.4157, 55.66041], [37.420075, 55.659486], [37.423565, 55.660916], [37.426321, 55.658844], [37.432217, 55.659252], [37.433416, 55.656346], [37.427928, 55.656927], [37.42907, 55.652633], [37.434235, 55.64981], [37.434928, 55.653894], [37.439165, 55.654089], [37.450511, 55.644308], [37.453995, 55.637111], [37.448916, 55.63655], [37.447674, 55.634707], [37.441269, 55.634716], [37.440878, 55.633097], [37.436193, 55.632724], [37.435443, 55.631198], [37.426218, 55.629585], [37.416053, 55.635213], [37.41547, 55.637215], [37.41204, 55.635752], [37.414972, 55.634298], [37.410985, 55.632899], [37.418428, 55.631354], [37.420244, 55.628618], [37.386798, 55.617958], [37.388273, 55.616711], [37.415869, 55.623093], [37.418502, 55.622766], [37.416571, 55.619555], [37.420173, 55.618311], [37.423148, 55.62212], [37.421078, 55.624395], [37.422766, 55.626239], [37.425479, 55.625349], [37.423504, 55.620782], [37.425097, 55.619302], [37.428546, 55.621613], [37.436498, 55.618646], [37.438826, 55.623223], [37.442413, 55.622584], [37.4472, 55.616906], [37.442891, 55.614328], [37.446642, 55.608447], [37.43437, 55.60745], [37.433476, 55.605878], [37.446832, 55.606164], [37.450362, 55.603774], [37.451546, 55.606151], [37.457571, 55.605333], [37.464217, 55.602553], [37.459604, 55.601786], [37.458692, 55.603446], [37.455559, 55.603602], [37.44749, 55.601689], [37.444538, 55.603527], [37.443192, 55.600536], [37.446498, 55.599149], [37.452958, 55.600795], [37.452253, 55.598122], [37.454958, 55.596615], [37.464427, 55.597888], [37.462639, 55.599353], [37.465626, 55.600136], [37.470694, 55.597892], [37.467394, 55.596943], [37.467359, 55.595335], [37.473361, 55.596433], [37.475808, 55.594234], [37.474557, 55.591541], [37.470409, 55.589848], [37.468831, 55.584383], [37.465261, 55.582982], [37.455637, 55.589049], [37.458695, 55.592382], [37.453734, 55.591342], [37.451583, 55.592363], [37.449229, 55.590793], [37.446636, 55.591742], [37.445282, 55.590326], [37.448646, 55.59003], [37.449229, 55.587655], [37.46272, 55.580396], [37.465315, 55.580548], [37.460345, 55.578803], [37.455007, 55.573935], [37.450299, 55.57658], [37.447967, 55.579281], [37.449473, 55.580061], [37.44356, 55.584916], [37.437346, 55.584721], [37.425971, 55.58925], [37.435894, 55.583739], [37.429409, 55.580708], [37.430423, 55.579089], [37.433082, 55.581214], [37.43991, 55.582108], [37.45171, 55.573174], [37.447013, 55.573525], [37.445794, 55.571347], [37.439522, 55.572927], [37.436314, 55.570957], [37.437438, 55.568038], [37.442931, 55.565593], [37.429981, 55.556701], [37.429742, 55.551895], [37.425959, 55.551449], [37.426344, 55.549267], [37.417887, 55.548174], [37.401784, 55.541675], [37.39949, 55.538136], [37.421345, 55.546889], [37.434856, 55.549654], [37.44145, 55.547543], [37.445116, 55.543481], [37.444273, 55.541272], [37.44718, 55.541383], [37.446237, 55.546675], [37.440404, 55.550626], [37.439355, 55.553654], [37.449008, 55.563097], [37.451813, 55.563766], [37.455789, 55.561282], [37.457543, 55.562141], [37.454113, 55.56494], [37.458414, 55.568376], [37.464554, 55.56296], [37.461604, 55.559575], [37.466543, 55.55859], [37.464341, 55.559719], [37.466408, 55.561214], [37.473109, 55.55699], [37.474779, 55.557625], [37.467285, 55.562385], [37.470018, 55.563909], [37.474425, 55.562755], [37.47732, 55.563672], [37.47427, 55.567609], [37.470217, 55.569069], [37.46957, 55.574471], [37.474063, 55.567905], [37.479214, 55.566627], [37.480991, 55.568197], [37.473209, 55.576785], [37.479024, 55.576193], [37.486036, 55.571754], [37.491581, 55.572745], [37.484486, 55.575998], [37.487539, 55.579895], [37.486291, 55.582004], [37.484558, 55.582644], [37.482994, 55.580399], [37.481985, 55.581195], [37.485369, 55.584672], [37.483512, 55.592847], [37.490684, 55.599473], [37.49712, 55.597589], [37.503338, 55.598769], [37.506129, 55.595166], [37.524012, 55.590339], [37.521825, 55.586599], [37.524737, 55.58268], [37.528304, 55.584217], [37.528505, 55.588376], [37.53309, 55.588415], [37.541964, 55.585923], [37.544646, 55.586436], [37.550013, 55.583954], [37.556098, 55.58384], [37.567672, 55.579284], [37.560994, 55.575576], [37.557651, 55.570999], [37.55851, 55.568197], [37.545948, 55.551891], [37.544652, 55.553452], [37.541633, 55.552249], [37.537649, 55.554805], [37.525679, 55.556792], [37.516279, 55.552789], [37.510752, 55.553553], [37.5088, 55.552061], [37.5065, 55.552519], [37.507279, 55.550987], [37.509702, 55.552444], [37.517809, 55.552239], [37.519752, 55.552916], [37.527301, 55.552204], [37.526536, 55.550477], [37.520014, 55.548652], [37.522526, 55.545933], [37.527384, 55.546385], [37.527102, 55.548203], [37.5319, 55.549602], [37.532892, 55.545286], [37.54663, 55.543637], [37.56075, 55.538712], [37.567384, 55.537723], [37.568689, 55.539161], [37.568735, 55.537189], [37.566105, 55.537004], [37.567353, 55.536112], [37.573395, 55.53701], [37.579233, 55.533243], [37.576129, 55.53348], [37.572541, 55.530685], [37.574548, 55.529309], [37.578078, 55.530448], [37.576902, 55.522661], [37.573705, 55.52157], [37.574602, 55.518068], [37.568451, 55.51854], [37.565912, 55.517131], [37.560853, 55.509556], [37.552807, 55.510024], [37.541587, 55.514559], [37.539581, 55.512951], [37.543994, 55.510894], [37.543531, 55.508358], [37.532734, 55.506336], [37.53372, 55.504776], [37.545247, 55.506697], [37.557562, 55.505844], [37.559608, 55.503138], [37.556699, 55.495964], [37.550344, 55.493971], [37.554305, 55.491375], [37.552893, 55.488675], [37.54554, 55.48677], [37.548147, 55.488805], [37.544632, 55.489447], [37.547302, 55.490144], [37.544568, 55.490708], [37.544068, 55.493004], [37.537649, 55.490483], [37.53305, 55.49232], [37.530595, 55.491568], [37.538014, 55.485828], [37.535367, 55.484033], [37.520609, 55.484623], [37.515173, 55.487796], [37.514483, 55.48603], [37.520882, 55.480329], [37.512364, 55.476794], [37.507575, 55.478511], [37.506445, 55.476911], [37.510579, 55.475126], [37.504732, 55.470762], [37.50698, 55.470397], [37.511899, 55.473474], [37.517334, 55.471714], [37.518591, 55.473138], [37.515627, 55.475927], [37.523187, 55.478879], [37.526447, 55.478351], [37.529779, 55.480554], [37.538049, 55.480831], [37.543209, 55.483675], [37.555078, 55.483], [37.553342, 55.479902], [37.55615, 55.477419], [37.558332, 55.48232], [37.56183, 55.482362], [37.563259, 55.479896], [37.56098, 55.474503], [37.555104, 55.474728], [37.554497, 55.473174], [37.55615, 55.471639], [37.560063, 55.471815], [37.558358, 55.463312], [37.564481, 55.462888], [37.568836, 55.459896], [37.571478, 55.460773], [37.569687, 55.462878], [37.577552, 55.464036], [37.577129, 55.465476], [37.570598, 55.465809], [37.56935, 55.467282], [37.576799, 55.471632], [37.583643, 55.472124], [37.593808, 55.468445], [37.596809, 55.469208], [37.594368, 55.471355], [37.590634, 55.471199], [37.584793, 55.474076], [37.577276, 55.473819], [37.578572, 55.480977], [37.576847, 55.482496], [37.573668, 55.474959], [37.568626, 55.474992], [37.568557, 55.478322], [37.571716, 55.479674], [37.569756, 55.480997], [37.571963, 55.482486], [37.570992, 55.486239], [37.581447, 55.48402], [37.590922, 55.485382], [37.592928, 55.488933], [37.599166, 55.480267], [37.59843, 55.478221], [37.602699, 55.479358], [37.599833, 55.485353], [37.61364, 55.480332], [37.612021, 55.47843], [37.614804, 55.477201], [37.616212, 55.472724], [37.613947, 55.469234], [37.617172, 55.468638], [37.618409, 55.464466], [37.614134, 55.441911], [37.607936, 55.436823], [37.590206, 55.4353], [37.591241, 55.433718], [37.604441, 55.435525], [37.61378, 55.434038], [37.613821, 55.430809], [37.609721, 55.428757], [37.607422, 55.422884], [37.609454, 55.42076], [37.606364, 55.419027], [37.608077, 55.415115], [37.605122, 55.4144], [37.603889, 55.410206], [37.606263, 55.406844], [37.602914, 55.405973], [37.605191, 55.402274], [37.605522, 55.378391], [37.602759, 55.376261], [37.606065, 55.375827]]]]}}, {"type": "Feature", "properties": {"school_id": "школа-109", "name": "Школа №109", "min": 20, "mode": "driving", "method": "isochrone driving reverse:true", "status": "approx: гипотеза A (start_time = выезд), +8–14% (Гейт 2)", "start_time": "2026-10-14T05:10:00Z", "request_hash": "d927284f33976224a676ddbd948a027b5bca87c0", "was_invalid": false}, "geometry": {"type": "MultiPolygon", "coordinates": [[[[37.518806, 55.593389], [37.520853, 55.593909], [37.519631, 55.595], [37.507382, 55.599434], [37.495039, 55.61172], [37.498405, 55.611675], [37.506707, 55.617643], [37.508489, 55.614786], [37.514739, 55.614587], [37.507305, 55.619519], [37.515164, 55.625629], [37.527677, 55.623915], [37.528649, 55.629533], [37.538167, 55.630144], [37.540714, 55.622795], [37.545123, 55.62023], [37.541866, 55.629861], [37.547828, 55.639152], [37.557723, 55.642939], [37.550519, 55.643276], [37.546411, 55.646131], [37.552022, 55.649437], [37.551824, 55.652117], [37.549978, 55.651705], [37.545422, 55.654566], [37.55074, 55.657472], [37.542755, 55.655549], [37.542128, 55.65779], [37.548958, 55.663151], [37.552997, 55.663417], [37.551154, 55.664944], [37.553192, 55.667522], [37.550148, 55.667697], [37.547782, 55.665748], [37.544405, 55.667363], [37.545123, 55.670077], [37.541886, 55.670793], [37.546503, 55.673805], [37.544548, 55.67494], [37.538308, 55.669172], [37.534042, 55.669341], [37.527292, 55.674016], [37.537715, 55.681825], [37.544689, 55.682632], [37.542174, 55.685018], [37.545848, 55.686706], [37.552425, 55.68435], [37.547549, 55.688265], [37.556297, 55.694218], [37.547607, 55.69276], [37.547296, 55.690287], [37.53965, 55.686136], [37.53307, 55.689156], [37.533125, 55.692274], [37.529718, 55.691911], [37.523728, 55.687672], [37.518625, 55.691107], [37.513626, 55.691895], [37.519996, 55.687014], [37.519715, 55.685277], [37.507776, 55.679106], [37.500854, 55.682072], [37.498267, 55.680986], [37.495016, 55.681718], [37.489183, 55.686142], [37.48973, 55.688495], [37.486323, 55.689594], [37.496045, 55.696062], [37.490945, 55.696227], [37.489065, 55.695443], [37.490891, 55.694604], [37.481327, 55.688777], [37.475339, 55.689597], [37.479027, 55.692423], [37.473364, 55.690663], [37.469771, 55.691635], [37.469527, 55.687672], [37.473637, 55.68554], [37.460986, 55.676464], [37.45192, 55.672525], [37.456189, 55.67778], [37.451477, 55.677712], [37.448033, 55.673867], [37.44835, 55.676214], [37.44536, 55.677028], [37.446173, 55.680016], [37.440338, 55.676441], [37.437785, 55.676999], [37.43105, 55.685847], [37.431907, 55.687497], [37.437613, 55.687374], [37.443742, 55.689432], [37.449241, 55.69392], [37.446639, 55.693628], [37.437659, 55.689344], [37.431967, 55.689001], [37.429391, 55.689432], [37.426482, 55.694267], [37.423933, 55.694526], [37.423944, 55.689591], [37.41898, 55.685559], [37.411555, 55.694283], [37.400838, 55.701181], [37.401657, 55.705143], [37.397213, 55.704349], [37.390213, 55.708816], [37.385295, 55.718681], [37.382564, 55.719786], [37.383895, 55.716165], [37.381219, 55.712855], [37.384151, 55.710912], [37.38322, 55.708411], [37.387704, 55.708379], [37.387991, 55.704978], [37.393134, 55.704634], [37.395704, 55.701576], [37.394318, 55.699127], [37.388011, 55.696493], [37.390544, 55.695848], [37.394017, 55.697578], [37.398642, 55.695618], [37.39815, 55.698599], [37.400898, 55.69902], [37.412687, 55.686982], [37.412394, 55.684091], [37.399309, 55.687157], [37.399938, 55.684289], [37.393677, 55.681514], [37.396239, 55.680924], [37.399378, 55.683261], [37.402646, 55.682156], [37.406334, 55.683543], [37.412607, 55.680649], [37.409611, 55.679196], [37.408499, 55.675381], [37.418445, 55.666889], [37.403143, 55.662723], [37.387965, 55.662097], [37.391168, 55.660092], [37.405923, 55.660647], [37.402853, 55.659129], [37.4044, 55.657595], [37.408139, 55.658951], [37.4124, 55.657212], [37.418436, 55.657319], [37.427471, 55.646518], [37.436845, 55.649869], [37.438251, 55.651653], [37.436178, 55.653268], [37.438944, 55.653969], [37.454309, 55.638948], [37.453872, 55.637027], [37.447938, 55.634888], [37.441269, 55.636018], [37.4299, 55.62916], [37.420164, 55.627469], [37.418183, 55.625707], [37.415593, 55.626171], [37.414435, 55.623915], [37.421843, 55.626021], [37.424493, 55.622769], [37.42088, 55.619279], [37.41555, 55.617971], [37.420469, 55.61736], [37.423513, 55.619208], [37.426218, 55.61736], [37.433085, 55.61913], [37.432646, 55.616334], [37.436567, 55.614763], [37.439616, 55.622957], [37.442135, 55.622116], [37.439993, 55.61712], [37.444604, 55.618441], [37.447318, 55.617438], [37.450077, 55.620042], [37.463274, 55.614831], [37.463042, 55.618036], [37.447864, 55.621392], [37.441985, 55.627093], [37.459066, 55.626946], [37.460374, 55.62817], [37.454852, 55.634418], [37.461757, 55.635829], [37.474615, 55.625366], [37.472686, 55.623687], [37.479154, 55.621512], [37.480723, 55.618487], [37.486033, 55.615652], [37.498376, 55.601841], [37.511027, 55.595335], [37.518806, 55.593389]]]]}}, {"type": "Feature", "properties": {"school_id": "школа-109", "name": "Школа №109", "min": 40, "mode": "driving", "method": "isochrone driving reverse:true", "status": "approx: гипотеза A (start_time = выезд), +8–14% (Гейт 2)", "start_time": "2026-10-14T04:50:00Z", "request_hash": "c85143f887f8f0a725339c7f4a72599648594fc5", "was_invalid": false}, "geometry": {"type": "MultiPolygon", "coordinates": [[[[37.447384, 55.510184], [37.452388, 55.514982], [37.458988, 55.512593], [37.463407, 55.514875], [37.462372, 55.516343], [37.458988, 55.515191], [37.453852, 55.516818], [37.4525, 55.521534], [37.457264, 55.52049], [37.458885, 55.522599], [37.456114, 55.525476], [37.453863, 55.523529], [37.45039, 55.524294], [37.449054, 55.528616], [37.451598, 55.529969], [37.456145, 55.529504], [37.460443, 55.525114], [37.462455, 55.526764], [37.468662, 55.526182], [37.470464, 55.524275], [37.468486, 55.522439], [37.474408, 55.52239], [37.47249, 55.526722], [37.468383, 55.528515], [37.472683, 55.529875], [37.473229, 55.539008], [37.476811, 55.540989], [37.480643, 55.538546], [37.486386, 55.539967], [37.499224, 55.539597], [37.498, 55.541734], [37.491147, 55.541542], [37.500187, 55.543481], [37.495766, 55.546395], [37.490497, 55.544017], [37.488235, 55.550678], [37.495993, 55.550822], [37.498951, 55.552493], [37.499842, 55.551075], [37.503275, 55.55196], [37.506707, 55.550961], [37.519439, 55.552766], [37.520505, 55.550422], [37.527295, 55.5522], [37.526525, 55.550483], [37.517932, 55.548838], [37.514992, 55.546571], [37.520491, 55.546954], [37.52434, 55.544443], [37.529692, 55.546613], [37.532107, 55.545166], [37.536597, 55.54564], [37.540751, 55.542645], [37.54391, 55.543068], [37.543485, 55.54175], [37.547728, 55.542606], [37.551439, 55.541265], [37.553511, 55.542365], [37.548952, 55.544974], [37.55768, 55.547384], [37.55609, 55.549595], [37.548846, 55.548444], [37.55078, 55.549986], [37.549067, 55.550584], [37.559171, 55.555651], [37.557208, 55.559745], [37.560686, 55.564973], [37.569583, 55.560544], [37.57416, 55.562788], [37.574556, 55.565005], [37.587118, 55.55885], [37.59323, 55.560252], [37.599108, 55.567716], [37.603029, 55.562193], [37.605858, 55.562193], [37.601744, 55.567547], [37.602989, 55.569663], [37.608273, 55.570795], [37.603926, 55.572131], [37.60451, 55.574003], [37.614407, 55.574799], [37.617451, 55.57359], [37.635432, 55.57319], [37.642641, 55.575183], [37.630295, 55.57761], [37.625149, 55.576541], [37.616342, 55.577555], [37.614778, 55.575901], [37.610026, 55.576697], [37.61554, 55.584003], [37.616747, 55.593503], [37.626101, 55.598743], [37.62362, 55.601987], [37.624871, 55.604089], [37.628866, 55.605359], [37.634725, 55.603498], [37.636294, 55.600948], [37.6428, 55.602364], [37.631715, 55.605242], [37.635745, 55.605729], [37.634754, 55.606713], [37.641331, 55.612253], [37.637516, 55.611233], [37.633477, 55.607025], [37.626756, 55.607833], [37.6283, 55.609934], [37.632149, 55.609905], [37.630482, 55.611743], [37.633569, 55.613029], [37.629263, 55.614383], [37.628119, 55.617516], [37.632049, 55.617146], [37.632511, 55.618815], [37.625057, 55.621639], [37.622562, 55.628625], [37.62272, 55.630676], [37.627903, 55.632081], [37.62379, 55.633801], [37.625586, 55.639029], [37.627429, 55.639899], [37.639278, 55.638292], [37.638189, 55.635583], [37.63442, 55.637296], [37.633451, 55.635606], [37.629214, 55.635518], [37.632143, 55.633538], [37.639134, 55.633288], [37.637847, 55.627063], [37.641699, 55.627998], [37.642127, 55.632656], [37.64587, 55.633441], [37.644113, 55.62991], [37.645878, 55.627222], [37.649296, 55.637137], [37.655609, 55.636715], [37.658512, 55.633373], [37.658854, 55.638124], [37.676884, 55.636186], [37.680765, 55.636881], [37.681472, 55.635541], [37.684151, 55.636446], [37.68138, 55.637965], [37.673796, 55.637176], [37.670974, 55.638601], [37.658213, 55.639493], [37.656839, 55.640898], [37.661088, 55.644441], [37.655488, 55.647056], [37.654057, 55.644678], [37.648235, 55.643899], [37.648373, 55.64608], [37.652996, 55.646297], [37.644967, 55.65141], [37.645913, 55.650018], [37.643607, 55.649187], [37.641368, 55.65201], [37.637605, 55.651864], [37.63655, 55.654005], [37.634064, 55.654069], [37.632718, 55.652032], [37.639821, 55.646135], [37.636378, 55.645985], [37.633147, 55.648977], [37.625819, 55.649437], [37.62552, 55.652623], [37.622784, 55.653139], [37.621536, 55.655912], [37.621585, 55.66184], [37.630902, 55.662664], [37.64551, 55.656515], [37.643567, 55.661513], [37.639045, 55.660793], [37.63603, 55.663014], [37.645913, 55.6652], [37.647275, 55.663504], [37.64994, 55.666452], [37.648138, 55.667447], [37.638939, 55.664999], [37.636639, 55.667107], [37.634345, 55.664607], [37.631499, 55.665589], [37.630298, 55.667548], [37.633584, 55.668809], [37.63135, 55.669477], [37.635901, 55.673338], [37.634288, 55.674246], [37.628504, 55.672593], [37.627219, 55.680104], [37.632862, 55.678127], [37.639534, 55.680266], [37.63519, 55.680969], [37.633141, 55.683783], [37.631945, 55.682182], [37.625034, 55.682979], [37.622482, 55.699943], [37.624462, 55.699895], [37.624669, 55.692883], [37.627432, 55.691788], [37.627676, 55.702043], [37.629375, 55.691499], [37.632506, 55.688119], [37.632928, 55.691678], [37.638048, 55.692676], [37.637706, 55.694179], [37.641736, 55.696104], [37.642144, 55.702049], [37.655034, 55.701761], [37.666521, 55.706176], [37.664831, 55.697047], [37.667582, 55.693858], [37.669525, 55.703808], [37.673978, 55.704822], [37.668381, 55.706461], [37.669887, 55.709759], [37.67808, 55.712981], [37.681713, 55.711527], [37.682851, 55.714283], [37.700875, 55.719131], [37.701421, 55.720462], [37.703586, 55.719967], [37.707286, 55.722949], [37.702206, 55.721298], [37.701134, 55.722891], [37.699927, 55.72075], [37.690662, 55.72041], [37.690944, 55.719225], [37.6814, 55.716521], [37.674515, 55.720831], [37.674834, 55.71599], [37.66538, 55.714591], [37.665851, 55.717379], [37.66306, 55.717198], [37.66193, 55.714397], [37.65936, 55.715653], [37.656454, 55.711462], [37.650167, 55.708551], [37.654082, 55.707734], [37.64929, 55.704385], [37.646988, 55.707391], [37.629329, 55.706944], [37.631637, 55.710909], [37.634472, 55.711657], [37.637602, 55.722117], [37.647304, 55.720216], [37.646922, 55.716936], [37.650394, 55.719212], [37.661091, 55.718487], [37.659038, 55.726941], [37.663399, 55.729078], [37.66055, 55.729729], [37.665653, 55.730943], [37.666558, 55.733905], [37.67229, 55.731681], [37.669591, 55.73428], [37.671224, 55.736313], [37.666262, 55.736734], [37.664859, 55.739475], [37.670367, 55.742738], [37.66876, 55.748527], [37.672733, 55.751782], [37.672698, 55.754959], [37.669901, 55.754833], [37.671977, 55.752377], [37.667685, 55.750895], [37.66423, 55.754729], [37.657276, 55.753607], [37.658483, 55.756289], [37.662315, 55.756286], [37.660539, 55.76162], [37.665707, 55.763037], [37.656161, 55.764356], [37.651829, 55.768648], [37.644918, 55.769842], [37.650069, 55.768144], [37.647977, 55.765246], [37.653197, 55.765346], [37.649845, 55.763389], [37.651662, 55.760824], [37.648776, 55.758647], [37.648477, 55.753503], [37.642305, 55.752458], [37.642969, 55.751115], [37.638617, 55.748977], [37.635133, 55.750488], [37.637341, 55.751756], [37.635849, 55.7569], [37.629565, 55.757489], [37.627923, 55.760103], [37.623916, 55.760705], [37.619892, 55.759517], [37.624402, 55.756929], [37.62007, 55.753639], [37.621065, 55.751141], [37.613525, 55.749103], [37.617463, 55.759537], [37.613527, 55.759686], [37.608983, 55.763312], [37.611843, 55.765938], [37.604222, 55.768412], [37.608339, 55.770563], [37.605553, 55.771168], [37.608178, 55.771928], [37.615922, 55.768409], [37.620044, 55.773331], [37.621709, 55.771025], [37.623991, 55.772694], [37.631287, 55.770773], [37.637999, 55.772426], [37.632871, 55.773574], [37.63344, 55.775847], [37.628251, 55.775941], [37.627081, 55.777383], [37.622689, 55.77435], [37.62281, 55.779591], [37.615994, 55.779924], [37.615982, 55.776316], [37.609882, 55.7749], [37.605602, 55.781728], [37.601857, 55.780448], [37.599856, 55.775323], [37.592862, 55.77446], [37.590712, 55.771769], [37.588421, 55.77446], [37.583867, 55.774385], [37.584014, 55.772956], [37.580369, 55.773001], [37.580536, 55.770401], [37.576824, 55.771523], [37.568781, 55.768978], [37.569845, 55.766372], [37.563029, 55.765068], [37.560706, 55.766853], [37.554632, 55.764534], [37.556909, 55.768367], [37.554949, 55.773221], [37.551812, 55.766491], [37.543209, 55.766501], [37.542234, 55.769208], [37.544566, 55.771882], [37.556581, 55.77544], [37.559554, 55.780257], [37.566367, 55.784803], [37.578733, 55.780244], [37.576175, 55.783649], [37.570719, 55.784748], [37.573688, 55.78758], [37.569514, 55.787958], [37.575715, 55.791507], [37.580193, 55.790945], [37.584916, 55.792506], [37.583772, 55.793508], [37.573795, 55.793427], [37.568807, 55.795179], [37.563156, 55.793964], [37.562017, 55.792474], [37.565786, 55.789923], [37.563182, 55.787214], [37.55841, 55.789274], [37.557329, 55.791669], [37.542096, 55.795764], [37.547423, 55.791152], [37.545787, 55.788837], [37.551551, 55.79013], [37.559312, 55.786206], [37.555314, 55.78394], [37.548964, 55.783613], [37.542102, 55.778437], [37.544646, 55.777418], [37.547322, 55.778434], [37.547848, 55.777179], [37.54278, 55.774398], [37.54128, 55.770469], [37.535476, 55.767837], [37.527214, 55.7698], [37.52833, 55.773247], [37.533731, 55.773984], [37.529115, 55.777933], [37.52536, 55.774256], [37.519393, 55.775996], [37.516219, 55.772869], [37.5122, 55.773234], [37.507934, 55.770405], [37.500394, 55.772688], [37.505824, 55.777781], [37.499451, 55.775572], [37.498658, 55.777199], [37.495999, 55.775899], [37.490713, 55.77672], [37.488588, 55.782317], [37.48342, 55.783439], [37.492975, 55.787583], [37.501211, 55.787822], [37.499854, 55.790382], [37.492811, 55.792451], [37.498641, 55.795525], [37.50347, 55.794222], [37.500748, 55.79717], [37.510524, 55.803471], [37.505201, 55.805151], [37.500527, 55.801477], [37.500124, 55.798152], [37.495206, 55.796817], [37.485524, 55.797822], [37.478176, 55.789778], [37.469245, 55.789901], [37.470015, 55.788359], [37.478383, 55.78735], [37.476756, 55.785113], [37.465672, 55.786416], [37.46157, 55.784279], [37.462291, 55.783022], [37.465301, 55.784318], [37.46915, 55.783435], [37.466592, 55.77823], [37.456114, 55.780021], [37.44916, 55.779507], [37.436498, 55.77433], [37.426224, 55.773667], [37.418931, 55.774912], [37.412371, 55.77305], [37.406607, 55.773732], [37.398587, 55.778249], [37.39738, 55.780836], [37.405469, 55.789325], [37.409565, 55.790227], [37.411968, 55.792949], [37.412773, 55.796384], [37.409654, 55.800043], [37.411089, 55.803613], [37.424766, 55.80414], [37.419069, 55.80592], [37.419592, 55.808812], [37.406949, 55.817864], [37.396236, 55.822088], [37.396276, 55.830601], [37.405489, 55.830252], [37.413673, 55.827775], [37.42255, 55.827265], [37.42278, 55.825893], [37.423596, 55.826732], [37.421371, 55.829371], [37.417859, 55.829174], [37.416165, 55.831415], [37.411008, 55.830478], [37.412753, 55.835409], [37.407544, 55.834356], [37.405897, 55.836655], [37.407829, 55.838146], [37.403598, 55.837097], [37.404854, 55.834527], [37.40208, 55.833978], [37.397368, 55.837594], [37.398998, 55.841604], [37.392671, 55.845493], [37.394824, 55.850799], [37.400913, 55.849783], [37.402491, 55.851235], [37.400134, 55.853081], [37.396989, 55.852626], [37.402451, 55.8629], [37.398673, 55.864413], [37.395609, 55.857767], [37.392395, 55.857037], [37.392864, 55.853446], [37.386077, 55.85413], [37.385074, 55.85242], [37.379845, 55.851284], [37.385174, 55.849993], [37.380354, 55.846126], [37.38376, 55.845238], [37.388575, 55.849496], [37.388951, 55.841659], [37.393097, 55.839615], [37.39314, 55.836655], [37.389397, 55.834369], [37.387825, 55.836455], [37.389802, 55.837081], [37.387178, 55.837843], [37.382144, 55.833852], [37.386295, 55.832386], [37.382601, 55.832813], [37.370583, 55.829293], [37.373064, 55.82596], [37.375556, 55.825857], [37.376484, 55.828847], [37.379258, 55.829506], [37.378278, 55.82566], [37.382679, 55.822831], [37.383815, 55.816623], [37.380293, 55.811862], [37.376375, 55.812379], [37.37252, 55.810812], [37.372282, 55.804822], [37.368769, 55.798934], [37.358294, 55.795072], [37.354793, 55.797234], [37.359214, 55.800886], [37.358021, 55.80465], [37.354367, 55.804453], [37.351472, 55.800831], [37.346798, 55.802149], [37.346571, 55.804356], [37.343912, 55.805158], [37.341164, 55.799396], [37.339612, 55.800679], [37.335403, 55.799991], [37.332678, 55.801225], [37.329666, 55.800611], [37.329562, 55.801778], [37.318003, 55.802224], [37.330781, 55.798753], [37.33327, 55.799681], [37.346982, 55.79578], [37.350294, 55.79344], [37.354974, 55.793181], [37.351717, 55.790596], [37.352694, 55.786691], [37.344812, 55.782158], [37.348851, 55.78093], [37.35268, 55.782178], [37.353861, 55.779607], [37.344944, 55.776132], [37.342458, 55.772232], [37.346879, 55.768057], [37.353013, 55.768762], [37.354614, 55.770307], [37.353016, 55.77228], [37.346838, 55.771785], [37.350276, 55.775061], [37.35957, 55.773121], [37.364175, 55.771164], [37.358541, 55.769447], [37.3598, 55.768086], [37.364161, 55.7686], [37.363011, 55.76597], [37.342619, 55.761274], [37.328475, 55.751077], [37.327742, 55.752264], [37.32036, 55.752358], [37.321505, 55.756334], [37.324638, 55.757386], [37.322772, 55.758715], [37.316603, 55.75844], [37.31704, 55.754306], [37.314324, 55.754794], [37.310003, 55.753011], [37.309707, 55.755849], [37.30532, 55.757615], [37.310751, 55.760792], [37.310759, 55.762788], [37.307399, 55.763868], [37.301655, 55.762487], [37.298873, 55.757133], [37.300296, 55.754661], [37.305556, 55.753697], [37.303389, 55.752846], [37.305588, 55.751724], [37.30553, 55.747847], [37.294365, 55.752866], [37.284787, 55.752681], [37.281841, 55.751086], [37.290577, 55.746511], [37.284796, 55.745019], [37.285259, 55.747168], [37.282591, 55.748139], [37.276764, 55.742278], [37.264978, 55.739611], [37.270207, 55.734497], [37.26831, 55.729748], [37.270092, 55.728479], [37.266134, 55.726349], [37.269839, 55.724934], [37.27581, 55.725436], [37.260934, 55.718765], [37.262351, 55.716463], [37.266444, 55.716184], [37.26879, 55.711579], [37.264294, 55.703228], [37.265297, 55.694088], [37.244462, 55.691486], [37.241093, 55.695096], [37.227214, 55.701842], [37.227933, 55.704268], [37.222989, 55.709817], [37.199385, 55.715326], [37.198158, 55.71681], [37.200877, 55.720019], [37.211476, 55.721822], [37.21032, 55.726663], [37.207276, 55.726452], [37.208035, 55.722467], [37.200952, 55.722243], [37.193998, 55.719238], [37.193898, 55.721586], [37.184848, 55.719766], [37.179246, 55.72268], [37.17853, 55.720741], [37.182615, 55.716822], [37.188798, 55.718406], [37.193027, 55.717648], [37.194358, 55.714199], [37.190029, 55.710909], [37.191365, 55.709513], [37.195105, 55.709992], [37.196232, 55.712379], [37.204459, 55.710326], [37.200403, 55.706853], [37.202691, 55.704929], [37.203395, 55.690109], [37.199633, 55.68881], [37.188304, 55.68985], [37.181543, 55.684279], [37.169225, 55.681504], [37.158304, 55.691094], [37.15543, 55.688936], [37.158859, 55.68214], [37.155614, 55.680869], [37.141896, 55.68424], [37.136774, 55.69114], [37.131088, 55.692617], [37.136929, 55.685753], [37.129081, 55.685455], [37.131961, 55.682188], [37.136454, 55.683313], [37.141284, 55.682059], [37.138654, 55.679595], [37.135046, 55.68001], [37.136187, 55.677764], [37.145624, 55.676911], [37.141744, 55.678548], [37.144429, 55.681449], [37.154855, 55.677835], [37.159365, 55.678723], [37.169995, 55.671387], [37.165942, 55.663682], [37.171631, 55.661052], [37.17235, 55.65766], [37.167451, 55.655649], [37.160708, 55.656132], [37.159687, 55.654455], [37.154838, 55.653761], [37.146783, 55.653722], [37.142221, 55.656308], [37.137164, 55.656038], [37.137331, 55.654426], [37.146251, 55.652308], [37.157178, 55.652843], [37.159454, 55.651111], [37.162817, 55.65225], [37.167492, 55.649162], [37.165962, 55.653262], [37.170036, 55.654631], [37.172476, 55.65262], [37.16909, 55.651072], [37.170369, 55.649723], [37.18043, 55.652464], [37.181548, 55.65343], [37.177581, 55.653914], [37.181597, 55.654407], [37.183673, 55.6567], [37.1882, 55.654984], [37.192049, 55.656291], [37.193705, 55.659175], [37.197615, 55.657757], [37.193685, 55.657313], [37.192909, 55.654533], [37.184299, 55.652879], [37.176046, 55.646806], [37.174707, 55.64008], [37.177507, 55.629696], [37.174212, 55.625986], [37.17577, 55.625226], [37.1656, 55.62445], [37.159454, 55.626339], [37.155677, 55.625197], [37.149577, 55.636342], [37.145662, 55.638085], [37.14835, 55.631841], [37.14563, 55.629264], [37.149678, 55.625788], [37.146679, 55.624223], [37.148143, 55.623311], [37.131821, 55.621314], [37.128512, 55.622386], [37.12719, 55.620639], [37.123798, 55.621623], [37.121892, 55.61997], [37.119313, 55.621087], [37.118204, 55.619445], [37.114714, 55.620438], [37.113064, 55.618704], [37.108965, 55.619789], [37.102732, 55.617497], [37.099579, 55.617558], [37.101238, 55.618175], [37.098191, 55.621915], [37.098297, 55.618003], [37.094353, 55.616026], [37.088267, 55.615893], [37.085528, 55.613867], [37.082518, 55.614594], [37.081639, 55.61323], [37.075668, 55.613285], [37.075323, 55.611834], [37.073167, 55.612493], [37.070295, 55.611051], [37.071988, 55.610168], [37.080012, 55.611464], [37.095074, 55.615139], [37.100985, 55.610444], [37.099352, 55.609587], [37.103925, 55.607268], [37.101844, 55.615672], [37.144107, 55.62109], [37.144, 55.618198], [37.137346, 55.613513], [37.139803, 55.612763], [37.143661, 55.61512], [37.144506, 55.611516], [37.150609, 55.614081], [37.151126, 55.616415], [37.156312, 55.615786], [37.161001, 55.613039], [37.15804, 55.610883], [37.164442, 55.611051], [37.162346, 55.604271], [37.165126, 55.602975], [37.164706, 55.60848], [37.171229, 55.609629], [37.172539, 55.611704], [37.167256, 55.611571], [37.170337, 55.614656], [37.165882, 55.615685], [37.167779, 55.618383], [37.161027, 55.621052], [37.157876, 55.619295], [37.156856, 55.622074], [37.174299, 55.621853], [37.182842, 55.626726], [37.184156, 55.629576], [37.180008, 55.640298], [37.185823, 55.650054], [37.202122, 55.651367], [37.199684, 55.648084], [37.20454, 55.646612], [37.197678, 55.642082], [37.190029, 55.641002], [37.198486, 55.638854], [37.204709, 55.639814], [37.206583, 55.636345], [37.210918, 55.641102], [37.218556, 55.641667], [37.213221, 55.646767], [37.216268, 55.64814], [37.216969, 55.652714], [37.221853, 55.650203], [37.220016, 55.647432], [37.222799, 55.645869], [37.225265, 55.645982], [37.229195, 55.649668], [37.234473, 55.64826], [37.233881, 55.645982], [37.241133, 55.645483], [37.238405, 55.646777], [37.241843, 55.646891], [37.242505, 55.648253], [37.232653, 55.651328], [37.236471, 55.656612], [37.241093, 55.655587], [37.247087, 55.657232], [37.25406, 55.655318], [37.262196, 55.650462], [37.275485, 55.651059], [37.298013, 55.656168], [37.298327, 55.653755], [37.301164, 55.653113], [37.302909, 55.659895], [37.306059, 55.658163], [37.312838, 55.659788], [37.31228, 55.661322], [37.307405, 55.661056], [37.310555, 55.662411], [37.309604, 55.664898], [37.31587, 55.671578], [37.320691, 55.668355], [37.320332, 55.665719], [37.326518, 55.665388], [37.327553, 55.663485], [37.323439, 55.661662], [37.324419, 55.659116], [37.33421, 55.657605], [37.335806, 55.659061], [37.330534, 55.663809], [37.342998, 55.665622], [37.33127, 55.669458], [37.330309, 55.672025], [37.33538, 55.673659], [37.338861, 55.672071], [37.345025, 55.67232], [37.332215, 55.678078], [37.324862, 55.678464], [37.326118, 55.681861], [37.33304, 55.685753], [37.334314, 55.684402], [37.331304, 55.680159], [37.345163, 55.675005], [37.354597, 55.678752], [37.354936, 55.680548], [37.358673, 55.674843], [37.362706, 55.67483], [37.365276, 55.677945], [37.369051, 55.672914], [37.376033, 55.671536], [37.3776, 55.674493], [37.373279, 55.675326], [37.375337, 55.679699], [37.366383, 55.681161], [37.368726, 55.683128], [37.374233, 55.681945], [37.372149, 55.685066], [37.380224, 55.690255], [37.380273, 55.688959], [37.379221, 55.688074], [37.381414, 55.687643], [37.382734, 55.680629], [37.386034, 55.678422], [37.384849, 55.676606], [37.381613, 55.676483], [37.381636, 55.674823], [37.385094, 55.673419], [37.388299, 55.674694], [37.389799, 55.673458], [37.392872, 55.675348], [37.396563, 55.670923], [37.400654, 55.671584], [37.398573, 55.681135], [37.400921, 55.682473], [37.401128, 55.681277], [37.405314, 55.681277], [37.406671, 55.683122], [37.412451, 55.680512], [37.40799, 55.67847], [37.408996, 55.676606], [37.406886, 55.677144], [37.408033, 55.673497], [37.418189, 55.666883], [37.398581, 55.662975], [37.392835, 55.662992], [37.38865, 55.66617], [37.377022, 55.664808], [37.375654, 55.661036], [37.368979, 55.660913], [37.365515, 55.658974], [37.366714, 55.655383], [37.370764, 55.655364], [37.372144, 55.657832], [37.378862, 55.657932], [37.382524, 55.663027], [37.385996, 55.662369], [37.388489, 55.659236], [37.405558, 55.66041], [37.396267, 55.657777], [37.387471, 55.658912], [37.381797, 55.656927], [37.382619, 55.654605], [37.380164, 55.65322], [37.380828, 55.656207], [37.374096, 55.656249], [37.374547, 55.653246], [37.372549, 55.654391], [37.370353, 55.653651], [37.372264, 55.651974], [37.367562, 55.648681], [37.365095, 55.651312], [37.369197, 55.652681], [37.367541, 55.654202], [37.359125, 55.656723], [37.356046, 55.655182], [37.347925, 55.65743], [37.338649, 55.657835], [37.343786, 55.653917], [37.335274, 55.6514], [37.338442, 55.649379], [37.333006, 55.642744], [37.32962, 55.646897], [37.308152, 55.646232], [37.290272, 55.64823], [37.29064, 55.646518], [37.303656, 55.64413], [37.299839, 55.636135], [37.306913, 55.640136], [37.307888, 55.643805], [37.323833, 55.643744], [37.323485, 55.638984], [37.316652, 55.637864], [37.316511, 55.63581], [37.325595, 55.634797], [37.328498, 55.63656], [37.332411, 55.634531], [37.330784, 55.633136], [37.319694, 55.632828], [37.313436, 55.630939], [37.30662, 55.632282], [37.31046, 55.629267], [37.30664, 55.627313], [37.305444, 55.628832], [37.300988, 55.628229], [37.280196, 55.622727], [37.267077, 55.623606], [37.269299, 55.620815], [37.265912, 55.616068], [37.254929, 55.609489], [37.265194, 55.612763], [37.273309, 55.618529], [37.277178, 55.617623], [37.277624, 55.619672], [37.280993, 55.620597], [37.282019, 55.611149], [37.285989, 55.608473], [37.284353, 55.619302], [37.286684, 55.621688], [37.295886, 55.624395], [37.296015, 55.620668], [37.299698, 55.621074], [37.304769, 55.61936], [37.306082, 55.620811], [37.302843, 55.62309], [37.308905, 55.621775], [37.313737, 55.6252], [37.31247, 55.626852], [37.321479, 55.627047], [37.333227, 55.629985], [37.334702, 55.622178], [37.324652, 55.617574], [37.326182, 55.616711], [37.336875, 55.620315], [37.333977, 55.617419], [37.341357, 55.616419], [37.348282, 55.609623], [37.33563, 55.604462], [37.329735, 55.604202], [37.326426, 55.601854], [37.311182, 55.597963], [37.303185, 55.601101], [37.30576, 55.597284], [37.294213, 55.593097], [37.310081, 55.596358], [37.31458, 55.595874], [37.316983, 55.597654], [37.317871, 55.594695], [37.320329, 55.594575], [37.325908, 55.600808], [37.340031, 55.601149], [37.34785, 55.596144], [37.34317, 55.59143], [37.352329, 55.585595], [37.355077, 55.585715], [37.351076, 55.582498], [37.355074, 55.579824], [37.351056, 55.580841], [37.346623, 55.579401], [37.350642, 55.576873], [37.345349, 55.575345], [37.355129, 55.572153], [37.351113, 55.570421], [37.343469, 55.571828], [37.338933, 55.576912], [37.337145, 55.575673], [37.338358, 55.570853], [37.346537, 55.56625], [37.342271, 55.564612], [37.336248, 55.565093], [37.335001, 55.564293], [37.338114, 55.562401], [37.331827, 55.560125], [37.324437, 55.561357], [37.31207, 55.560587], [37.327579, 55.5586], [37.319012, 55.555345], [37.320148, 55.553748], [37.327323, 55.555407], [37.33091, 55.554636], [37.330781, 55.552373], [37.343001, 55.553657], [37.360099, 55.543832], [37.36116, 55.5454], [37.35324, 55.551612], [37.359515, 55.561198], [37.362123, 55.559065], [37.361355, 55.554597], [37.362977, 55.553674], [37.364598, 55.554597], [37.366805, 55.561042], [37.362824, 55.570232], [37.375608, 55.574763], [37.38021, 55.57111], [37.386071, 55.570853], [37.383119, 55.566578], [37.388, 55.564147], [37.390967, 55.56966], [37.403411, 55.564963], [37.398613, 55.563552], [37.395112, 55.56469], [37.387437, 55.559666], [37.384548, 55.559884], [37.381659, 55.544154], [37.375766, 55.539525], [37.370649, 55.54001], [37.366745, 55.544944], [37.364172, 55.544668], [37.368665, 55.538419], [37.363848, 55.534866], [37.366426, 55.533506], [37.373322, 55.536327], [37.375907, 55.535833], [37.379368, 55.532904], [37.374093, 55.534199], [37.372854, 55.533129], [37.381748, 55.52721], [37.37766, 55.526712], [37.376378, 55.524574], [37.379109, 55.521974], [37.362698, 55.516288], [37.36197, 55.514777], [37.360395, 55.515637], [37.359619, 55.512834], [37.355488, 55.510952], [37.364474, 55.512726], [37.367895, 55.516083], [37.387028, 55.517219], [37.389524, 55.521466], [37.393074, 55.520714], [37.390087, 55.518104], [37.391435, 55.516655], [37.397825, 55.5166], [37.402911, 55.52571], [37.392665, 55.530246], [37.398691, 55.536408], [37.410985, 55.525759], [37.417399, 55.523572], [37.431375, 55.522342], [37.435049, 55.525469], [37.429633, 55.529094], [37.428224, 55.533295], [37.421535, 55.53893], [37.422398, 55.540436], [37.41693, 55.544125], [37.435776, 55.548766], [37.440071, 55.547416], [37.442439, 55.542869], [37.433655, 55.543175], [37.431036, 55.540908], [37.432154, 55.534417], [37.428969, 55.532228], [37.430392, 55.529579], [37.435417, 55.527718], [37.443601, 55.529254], [37.441936, 55.528515], [37.449985, 55.520919], [37.450037, 55.518722], [37.445294, 55.518042], [37.448551, 55.516099], [37.448551, 55.513592], [37.445371, 55.511564], [37.447384, 55.510184]]]]}}, {"type": "Feature", "properties": {"school_id": "бауманская-инженерная-школа-1580", "name": "Бауманская инженерная школа №1580", "min": 20, "mode": "driving", "method": "isochrone driving reverse:true", "status": "approx: гипотеза A (start_time = выезд), +8–14% (Гейт 2)", "start_time": "2026-10-14T05:10:00Z", "request_hash": "e3a081150b2b69baa5fca8c5554f4f6235dca9df", "was_invalid": false}, "geometry": {"type": "MultiPolygon", "coordinates": [[[[37.611636, 55.564244], [37.615347, 55.570479], [37.614559, 55.574825], [37.617095, 55.5762], [37.621752, 55.574464], [37.626702, 55.575342], [37.621588, 55.577562], [37.615551, 55.577984], [37.618089, 55.588493], [37.620182, 55.590036], [37.62974, 55.588129], [37.636657, 55.588591], [37.639005, 55.600652], [37.649319, 55.600873], [37.654476, 55.599116], [37.654746, 55.600841], [37.660409, 55.601088], [37.660524, 55.597943], [37.663822, 55.597791], [37.665107, 55.600847], [37.668867, 55.601711], [37.669513, 55.597498], [37.672532, 55.597281], [37.672839, 55.602302], [37.66945, 55.608155], [37.679465, 55.607599], [37.672969, 55.611142], [37.676205, 55.616217], [37.673342, 55.618464], [37.670583, 55.616854], [37.672764, 55.615578], [37.671425, 55.614178], [37.664261, 55.613467], [37.661746, 55.614997], [37.672195, 55.618906], [37.677283, 55.623457], [37.674644, 55.624291], [37.669798, 55.622632], [37.659458, 55.635713], [37.670232, 55.635232], [37.666001, 55.632185], [37.66995, 55.630351], [37.672526, 55.633765], [37.686083, 55.630345], [37.690004, 55.634512], [37.688362, 55.638464], [37.692303, 55.637754], [37.68944, 55.640113], [37.691748, 55.642949], [37.70448, 55.641378], [37.707533, 55.642884], [37.705158, 55.647374], [37.709608, 55.651948], [37.705296, 55.651935], [37.713949, 55.657657], [37.714648, 55.661166], [37.718543, 55.661545], [37.72443, 55.666928], [37.732548, 55.679919], [37.732447, 55.683974], [37.734911, 55.685374], [37.732137, 55.685954], [37.730455, 55.68434], [37.731703, 55.68226], [37.729052, 55.677942], [37.723665, 55.674006], [37.718244, 55.664616], [37.704466, 55.665378], [37.706823, 55.6634], [37.713403, 55.662346], [37.708795, 55.661847], [37.70793, 55.660452], [37.697825, 55.665638], [37.697319, 55.664146], [37.704868, 55.659742], [37.698834, 55.660673], [37.69481, 55.658403], [37.696819, 55.65587], [37.695017, 55.653109], [37.699978, 55.650689], [37.695396, 55.648033], [37.685473, 55.650657], [37.690817, 55.644195], [37.689615, 55.642822], [37.686088, 55.641424], [37.67323, 55.645398], [37.663965, 55.649875], [37.664537, 55.654069], [37.658299, 55.652519], [37.655028, 55.659762], [37.664707, 55.665654], [37.666627, 55.675624], [37.678588, 55.675008], [37.680805, 55.676029], [37.666414, 55.679209], [37.66757, 55.684496], [37.673736, 55.682953], [37.673932, 55.685685], [37.67741, 55.687228], [37.669735, 55.687128], [37.679574, 55.69091], [37.678091, 55.692407], [37.66999, 55.689367], [37.666455, 55.690897], [37.669519, 55.701864], [37.67114, 55.702746], [37.676464, 55.701534], [37.677341, 55.703134], [37.66872, 55.704997], [37.665322, 55.715087], [37.659857, 55.707734], [37.663528, 55.707776], [37.658478, 55.70352], [37.649003, 55.704343], [37.646988, 55.707294], [37.643521, 55.704395], [37.636639, 55.706646], [37.629734, 55.706597], [37.633204, 55.708437], [37.643924, 55.707206], [37.648713, 55.7087], [37.64785, 55.716764], [37.656304, 55.721884], [37.656304, 55.723917], [37.650435, 55.720491], [37.650685, 55.723432], [37.64428, 55.7228], [37.64637, 55.720362], [37.642952, 55.717023], [37.645982, 55.715339], [37.629039, 55.709049], [37.631856, 55.711637], [37.624934, 55.716123], [37.634662, 55.723231], [37.633106, 55.724186], [37.631293, 55.722428], [37.624963, 55.722512], [37.623775, 55.725847], [37.626843, 55.728767], [37.623985, 55.733008], [37.619121, 55.731894], [37.619392, 55.729551], [37.614531, 55.730548], [37.619113, 55.725449], [37.615649, 55.723208], [37.608572, 55.721919], [37.60904, 55.720268], [37.611757, 55.720268], [37.612631, 55.716016], [37.609882, 55.715955], [37.607939, 55.718315], [37.603553, 55.716842], [37.605697, 55.713584], [37.603282, 55.712042], [37.600712, 55.716939], [37.595837, 55.714834], [37.596455, 55.711174], [37.590295, 55.710556], [37.589763, 55.712952], [37.593494, 55.715077], [37.592224, 55.716958], [37.583448, 55.711472], [37.580593, 55.714351], [37.577819, 55.714096], [37.571176, 55.717888], [37.557234, 55.721949], [37.559068, 55.722418], [37.557375, 55.724419], [37.552678, 55.723917], [37.546753, 55.728489], [37.54993, 55.722036], [37.553572, 55.719892], [37.559194, 55.720287], [37.565441, 55.718079], [37.564199, 55.716576], [37.559985, 55.718098], [37.563383, 55.714215], [37.553822, 55.706623], [37.557565, 55.707569], [37.564271, 55.713143], [37.571368, 55.71212], [37.571446, 55.713707], [37.56992, 55.712897], [37.568321, 55.714261], [37.569945, 55.715812], [37.579164, 55.711615], [37.579113, 55.709393], [37.558973, 55.706186], [37.559335, 55.704991], [37.563771, 55.705519], [37.566499, 55.703627], [37.568528, 55.705937], [37.57117, 55.705839], [37.572363, 55.703743], [37.565263, 55.699263], [37.569115, 55.695394], [37.57656, 55.698813], [37.579423, 55.698502], [37.581128, 55.701417], [37.587187, 55.704605], [37.594725, 55.695848], [37.589234, 55.695252], [37.593049, 55.693207], [37.596401, 55.694033], [37.598933, 55.691979], [37.591468, 55.689873], [37.592937, 55.687455], [37.587199, 55.69008], [37.580389, 55.690553], [37.58297, 55.687643], [37.581378, 55.68552], [37.573887, 55.689821], [37.566499, 55.686771], [37.56311, 55.687679], [37.563061, 55.683222], [37.56123, 55.685883], [37.55586, 55.684619], [37.555061, 55.682895], [37.549513, 55.686496], [37.545736, 55.686836], [37.549654, 55.68376], [37.547843, 55.682289], [37.553278, 55.681802], [37.548159, 55.675355], [37.556093, 55.680072], [37.56075, 55.676616], [37.554152, 55.671918], [37.549174, 55.67126], [37.552543, 55.669483], [37.547969, 55.666001], [37.540823, 55.669834], [37.5385, 55.668809], [37.540311, 55.667386], [37.533104, 55.664723], [37.526726, 55.666228], [37.528134, 55.664062], [37.532383, 55.663001], [37.527355, 55.660773], [37.526254, 55.664104], [37.51928, 55.659538], [37.514287, 55.661746], [37.517492, 55.664337], [37.517334, 55.665735], [37.514356, 55.665352], [37.515552, 55.667538], [37.521638, 55.672525], [37.508205, 55.664882], [37.505813, 55.668991], [37.498621, 55.670356], [37.495942, 55.669532], [37.505181, 55.664934], [37.505799, 55.660251], [37.502961, 55.658315], [37.508975, 55.66125], [37.515477, 55.657572], [37.521836, 55.656509], [37.513865, 55.649882], [37.507802, 55.651549], [37.506506, 55.650663], [37.508639, 55.649376], [37.506684, 55.647381], [37.510694, 55.647854], [37.507535, 55.643942], [37.514138, 55.646135], [37.508535, 55.641534], [37.511007, 55.639415], [37.516682, 55.644973], [37.523141, 55.642017], [37.519577, 55.635625], [37.512071, 55.638731], [37.507759, 55.638224], [37.508734, 55.636248], [37.51776, 55.633824], [37.517714, 55.629089], [37.52137, 55.632665], [37.525449, 55.632029], [37.52223, 55.62991], [37.525208, 55.62445], [37.527959, 55.6257], [37.52599, 55.628777], [37.533148, 55.631318], [37.540159, 55.626667], [37.531624, 55.623418], [37.535557, 55.619906], [37.540383, 55.621896], [37.536862, 55.614185], [37.529232, 55.61362], [37.530885, 55.612103], [37.53687, 55.612334], [37.535465, 55.609778], [37.532682, 55.609723], [37.534392, 55.605898], [37.536919, 55.605657], [37.540061, 55.610766], [37.545207, 55.607528], [37.558921, 55.611789], [37.543361, 55.626025], [37.543278, 55.63052], [37.548035, 55.637767], [37.559079, 55.641239], [37.566493, 55.646832], [37.586086, 55.642267], [37.587248, 55.639649], [37.583962, 55.637702], [37.587282, 55.636378], [37.58529, 55.632081], [37.589559, 55.630562], [37.587371, 55.628644], [37.58849, 55.624755], [37.583646, 55.622658], [37.577618, 55.622769], [37.576583, 55.618704], [37.579147, 55.61736], [37.581559, 55.618298], [37.585152, 55.614318], [37.578693, 55.614302], [37.577526, 55.605294], [37.579147, 55.604371], [37.580768, 55.605294], [37.581096, 55.612526], [37.589651, 55.611818], [37.586817, 55.605885], [37.588346, 55.594627], [37.591062, 55.603322], [37.59766, 55.603378], [37.594681, 55.596128], [37.592399, 55.595702], [37.592939, 55.59463], [37.599517, 55.594835], [37.596021, 55.585111], [37.59749, 55.581341], [37.60071, 55.586537], [37.605634, 55.584873], [37.607249, 55.585767], [37.607031, 55.587245], [37.601673, 55.589052], [37.602075, 55.593584], [37.606792, 55.594932], [37.607899, 55.592479], [37.613243, 55.592619], [37.610736, 55.588993], [37.613826, 55.587002], [37.612113, 55.585744], [37.614019, 55.583788], [37.614079, 55.576223], [37.609638, 55.565909], [37.611636, 55.564244]]]]}}, {"type": "Feature", "properties": {"school_id": "бауманская-инженерная-школа-1580", "name": "Бауманская инженерная школа №1580", "min": 40, "mode": "driving", "method": "isochrone driving reverse:true", "status": "approx: гипотеза A (start_time = выезд), +8–14% (Гейт 2)", "start_time": "2026-10-14T04:50:00Z", "request_hash": "ff26c39ec17c9fa680e39c9b57c01b61009888d8", "was_invalid": false}, "geometry": {"type": "MultiPolygon", "coordinates": [[[[37.604901, 55.367989], [37.606726, 55.386902], [37.62055, 55.386167], [37.623269, 55.387637], [37.608485, 55.389985], [37.609865, 55.412475], [37.611371, 55.41455], [37.612087, 55.411685], [37.616161, 55.411923], [37.618242, 55.410115], [37.622246, 55.417706], [37.614393, 55.41967], [37.616497, 55.423279], [37.615821, 55.430776], [37.624097, 55.436912], [37.638344, 55.438265], [37.639408, 55.436471], [37.642345, 55.439387], [37.647249, 55.438751], [37.649722, 55.436471], [37.651297, 55.440072], [37.656601, 55.443206], [37.652841, 55.444086], [37.64639, 55.440894], [37.63981, 55.440639], [37.637789, 55.442078], [37.630651, 55.441243], [37.632517, 55.442743], [37.631114, 55.445821], [37.634811, 55.448978], [37.629553, 55.450839], [37.632313, 55.451498], [37.632307, 55.453764], [37.622749, 55.458028], [37.622654, 55.460088], [37.63434, 55.459906], [37.637206, 55.461852], [37.63438, 55.465052], [37.631965, 55.463253], [37.622752, 55.463944], [37.621352, 55.470573], [37.619271, 55.471238], [37.617083, 55.482274], [37.619794, 55.482958], [37.618242, 55.48445], [37.615839, 55.483619], [37.614672, 55.498531], [37.624813, 55.505082], [37.617891, 55.506954], [37.613648, 55.504376], [37.612406, 55.505763], [37.612406, 55.524011], [37.634894, 55.522992], [37.636835, 55.524665], [37.638468, 55.513602], [37.642963, 55.508686], [37.645068, 55.509637], [37.642081, 55.516323], [37.647094, 55.518364], [37.656083, 55.517834], [37.658877, 55.519429], [37.650992, 55.521671], [37.643262, 55.51991], [37.640787, 55.522885], [37.641914, 55.526507], [37.647546, 55.526247], [37.649316, 55.529247], [37.651587, 55.526348], [37.653953, 55.529299], [37.660829, 55.525661], [37.666535, 55.525144], [37.666463, 55.527285], [37.671057, 55.527418], [37.6796, 55.52005], [37.68002, 55.512626], [37.686114, 55.509943], [37.687669, 55.511603], [37.685697, 55.514842], [37.689805, 55.517027], [37.684671, 55.517303], [37.680612, 55.52542], [37.672057, 55.529804], [37.677979, 55.530207], [37.687299, 55.533822], [37.694899, 55.532686], [37.706791, 55.533913], [37.707665, 55.53227], [37.711379, 55.532205], [37.724413, 55.537954], [37.742388, 55.535953], [37.748749, 55.532771], [37.758419, 55.533454], [37.760046, 55.534778], [37.765318, 55.534105], [37.76694, 55.535455], [37.786381, 55.534876], [37.785524, 55.536639], [37.773936, 55.535963], [37.769078, 55.538452], [37.769455, 55.540537], [37.766885, 55.538761], [37.76155, 55.538461], [37.76109, 55.536174], [37.757925, 55.535361], [37.751609, 55.535052], [37.732505, 55.539216], [37.72556, 55.539343], [37.722909, 55.537986], [37.715973, 55.538699], [37.712457, 55.536168], [37.705696, 55.535488], [37.703629, 55.538448], [37.701031, 55.539792], [37.697483, 55.538887], [37.695017, 55.541568], [37.697636, 55.543113], [37.705926, 55.542684], [37.706121, 55.546047], [37.694241, 55.545845], [37.683576, 55.551804], [37.683242, 55.553882], [37.69642, 55.565964], [37.70373, 55.563227], [37.706725, 55.559923], [37.709335, 55.560239], [37.708208, 55.563802], [37.694083, 55.572631], [37.695175, 55.575309], [37.707711, 55.58192], [37.709674, 55.58088], [37.713791, 55.58179], [37.714464, 55.584006], [37.719233, 55.585803], [37.724318, 55.584932], [37.727494, 55.589724], [37.74154, 55.58331], [37.738648, 55.582742], [37.738691, 55.580405], [37.745869, 55.581354], [37.751756, 55.578699], [37.756079, 55.575352], [37.752305, 55.573336], [37.753639, 55.570648], [37.756217, 55.572963], [37.763338, 55.571546], [37.759187, 55.570769], [37.761679, 55.568662], [37.764229, 55.569631], [37.767997, 55.568669], [37.762654, 55.575287], [37.777196, 55.581042], [37.778823, 55.583798], [37.761966, 55.577734], [37.756499, 55.582004], [37.742278, 55.585702], [37.741189, 55.586488], [37.745961, 55.58847], [37.750474, 55.589208], [37.75382, 55.588077], [37.761256, 55.590339], [37.75814, 55.592895], [37.760687, 55.594767], [37.753231, 55.593704], [37.747754, 55.597434], [37.780467, 55.614597], [37.783083, 55.614561], [37.782198, 55.611139], [37.786996, 55.607031], [37.789422, 55.607362], [37.785737, 55.611727], [37.787269, 55.613886], [37.793895, 55.60833], [37.799026, 55.608967], [37.794898, 55.610457], [37.797997, 55.612379], [37.796746, 55.615786], [37.788022, 55.618886], [37.807618, 55.632503], [37.806767, 55.632523], [37.801995, 55.630695], [37.790986, 55.623288], [37.781623, 55.624983], [37.779766, 55.621516], [37.775776, 55.620681], [37.776325, 55.628926], [37.772079, 55.634885], [37.775293, 55.636835], [37.770996, 55.642676], [37.7773, 55.641382], [37.77847, 55.644415], [37.769984, 55.645953], [37.74933, 55.640249], [37.748128, 55.641622], [37.764924, 55.645768], [37.769449, 55.647757], [37.769969, 55.650063], [37.779778, 55.651659], [37.78152, 55.659171], [37.7933, 55.65647], [37.785648, 55.651916], [37.785564, 55.643224], [37.787321, 55.641336], [37.7928, 55.640953], [37.789189, 55.639646], [37.797514, 55.632889], [37.796217, 55.63656], [37.802493, 55.636897], [37.80462, 55.639912], [37.815512, 55.640626], [37.800317, 55.641333], [37.798707, 55.643121], [37.790437, 55.643357], [37.789318, 55.645463], [37.79234, 55.646842], [37.792538, 55.650628], [37.800731, 55.656658], [37.814865, 55.655652], [37.823676, 55.656882], [37.826967, 55.655558], [37.833731, 55.65609], [37.83679, 55.654413], [37.838644, 55.65694], [37.8446, 55.656515], [37.838842, 55.657679], [37.84055, 55.65849], [37.838842, 55.662603], [37.835464, 55.658192], [37.818407, 55.658837], [37.81454, 55.660225], [37.809691, 55.66819], [37.809794, 55.671374], [37.813977, 55.671935], [37.814178, 55.673345], [37.802246, 55.674045], [37.802516, 55.679362], [37.79877, 55.676139], [37.784866, 55.684016], [37.780013, 55.682717], [37.767273, 55.682989], [37.767244, 55.686288], [37.770441, 55.687688], [37.768926, 55.68916], [37.763996, 55.687147], [37.763214, 55.683358], [37.758166, 55.683148], [37.761202, 55.686343], [37.756947, 55.687413], [37.757045, 55.693434], [37.764292, 55.69877], [37.787568, 55.696221], [37.788835, 55.691846], [37.790971, 55.692021], [37.793027, 55.695634], [37.800512, 55.693159], [37.805661, 55.694986], [37.807966, 55.692449], [37.81241, 55.695414], [37.81247, 55.697312], [37.808639, 55.697954], [37.814868, 55.702325], [37.808069, 55.700983], [37.805698, 55.704845], [37.804169, 55.698492], [37.794864, 55.702593], [37.795001, 55.704029], [37.799147, 55.705136], [37.795987, 55.706458], [37.799181, 55.708337], [37.796729, 55.710468], [37.791845, 55.711184], [37.790991, 55.708878], [37.787249, 55.708881], [37.780976, 55.711605], [37.788726, 55.714005], [37.78939, 55.716868], [37.792995, 55.717026], [37.796459, 55.715206], [37.801038, 55.715819], [37.814859, 55.711417], [37.817688, 55.712677], [37.799319, 55.717451], [37.801044, 55.719692], [37.813422, 55.715355], [37.815244, 55.716152], [37.797563, 55.723208], [37.801587, 55.724584], [37.80019, 55.726656], [37.796542, 55.724532], [37.794128, 55.725523], [37.792949, 55.724549], [37.790974, 55.726663], [37.770976, 55.734164], [37.769774, 55.737028], [37.778527, 55.7382], [37.773203, 55.739941], [37.773735, 55.742197], [37.766569, 55.742479], [37.765453, 55.738508], [37.76138, 55.740136], [37.760822, 55.742469], [37.758307, 55.741932], [37.749246, 55.747239], [37.757373, 55.746365], [37.757649, 55.748672], [37.745946, 55.747776], [37.743457, 55.749164], [37.74914, 55.756434], [37.752339, 55.75581], [37.754498, 55.757233], [37.756755, 55.755862], [37.753277, 55.753921], [37.757652, 55.753209], [37.761708, 55.748375], [37.764295, 55.748074], [37.76272, 55.751759], [37.765333, 55.753552], [37.761711, 55.754199], [37.758942, 55.758249], [37.766543, 55.761157], [37.775155, 55.761141], [37.769918, 55.765608], [37.764289, 55.76305], [37.755665, 55.761795], [37.749022, 55.76599], [37.744975, 55.781948], [37.745544, 55.790566], [37.749795, 55.797086], [37.748807, 55.800938], [37.751339, 55.802198], [37.748453, 55.803704], [37.748174, 55.80699], [37.747821, 55.798297], [37.742474, 55.787829], [37.733571, 55.783228], [37.738084, 55.781664], [37.737512, 55.779349], [37.738981, 55.779982], [37.743592, 55.777745], [37.745955, 55.767119], [37.74442, 55.768364], [37.742336, 55.766362], [37.738239, 55.767562], [37.73552, 55.764263], [37.7284, 55.769829], [37.728894, 55.766488], [37.720569, 55.767711], [37.721455, 55.765838], [37.72771, 55.763551], [37.73368, 55.756305], [37.721759, 55.752801], [37.721064, 55.760142], [37.71837, 55.760413], [37.717373, 55.754846], [37.713696, 55.753034], [37.712888, 55.754079], [37.709858, 55.753451], [37.710376, 55.751685], [37.707958, 55.75162], [37.699705, 55.755635], [37.704963, 55.756302], [37.702928, 55.758013], [37.706021, 55.76772], [37.704029, 55.769182], [37.706872, 55.771782], [37.698711, 55.772908], [37.698616, 55.768642], [37.693878, 55.769906], [37.70032, 55.774434], [37.703615, 55.780222], [37.699599, 55.782194], [37.701338, 55.782811], [37.698705, 55.788165], [37.696397, 55.783726], [37.692223, 55.783464], [37.695457, 55.780144], [37.68842, 55.779291], [37.689848, 55.781036], [37.684933, 55.781725], [37.682808, 55.779565], [37.678442, 55.77932], [37.680713, 55.781512], [37.676852, 55.785411], [37.678407, 55.786309], [37.674667, 55.786325], [37.671181, 55.783416], [37.66753, 55.783377], [37.666417, 55.78478], [37.669082, 55.786196], [37.658248, 55.789778], [37.653622, 55.792994], [37.65773, 55.792341], [37.657247, 55.794064], [37.637832, 55.793395], [37.63557, 55.791068], [37.63425, 55.796675], [37.630562, 55.792606], [37.623893, 55.794568], [37.616997, 55.79398], [37.615925, 55.796879], [37.613596, 55.795518], [37.608712, 55.796562], [37.60221, 55.793589], [37.604904, 55.798934], [37.598439, 55.798824], [37.598016, 55.802786], [37.594541, 55.803755], [37.596921, 55.79641], [37.590726, 55.793669], [37.586716, 55.795321], [37.588725, 55.799613], [37.585727, 55.802847], [37.587452, 55.805413], [37.583002, 55.807339], [37.578032, 55.812976], [37.573657, 55.807216], [37.559649, 55.803914], [37.553833, 55.803794], [37.549527, 55.807526], [37.544744, 55.808104], [37.544485, 55.80583], [37.538598, 55.805684], [37.540512, 55.80288], [37.535864, 55.799958], [37.529761, 55.802233], [37.527042, 55.805206], [37.529983, 55.809448], [37.520175, 55.808476], [37.519387, 55.812101], [37.512077, 55.809309], [37.515009, 55.806583], [37.511243, 55.806702], [37.496347, 55.820858], [37.495131, 55.81964], [37.498762, 55.815124], [37.493788, 55.813978], [37.489911, 55.810463], [37.469584, 55.814675], [37.47425, 55.810453], [37.481571, 55.810673], [37.480758, 55.808867], [37.483699, 55.806967], [37.485665, 55.810114], [37.489801, 55.809445], [37.496082, 55.802046], [37.505945, 55.801768], [37.500705, 55.797628], [37.509228, 55.800414], [37.508745, 55.790421], [37.518703, 55.792024], [37.516501, 55.79023], [37.517927, 55.785236], [37.524823, 55.782006], [37.532144, 55.780972], [37.531975, 55.779206], [37.539058, 55.78091], [37.541277, 55.778214], [37.538037, 55.77833], [37.538098, 55.776814], [37.535421, 55.776326], [37.526921, 55.777813], [37.527456, 55.775048], [37.524722, 55.774308], [37.522661, 55.774444], [37.523176, 55.778747], [37.520494, 55.777515], [37.509403, 55.779139], [37.502064, 55.776335], [37.490348, 55.77684], [37.48858, 55.782314], [37.483144, 55.783448], [37.48446, 55.785553], [37.489356, 55.785773], [37.494197, 55.788], [37.489212, 55.789112], [37.489048, 55.790563], [37.499762, 55.79737], [37.490856, 55.794962], [37.490552, 55.792952], [37.484434, 55.7927], [37.48513, 55.789765], [37.4754, 55.789422], [37.4754, 55.787829], [37.478337, 55.787334], [37.475963, 55.784596], [37.466439, 55.786261], [37.465154, 55.785362], [37.463573, 55.786949], [37.457367, 55.785126], [37.45524, 55.787483], [37.452736, 55.786972], [37.454763, 55.782617], [37.452638, 55.780645], [37.449836, 55.781098], [37.449485, 55.789425], [37.447706, 55.790082], [37.446429, 55.788598], [37.444601, 55.780645], [37.440769, 55.782129], [37.445081, 55.784134], [37.445052, 55.787951], [37.439743, 55.788776], [37.433859, 55.786005], [37.436075, 55.781104], [37.439513, 55.779575], [37.430346, 55.775103], [37.435313, 55.77478], [37.445949, 55.778304], [37.433034, 55.772959], [37.423918, 55.773965], [37.41089, 55.77197], [37.403899, 55.7737], [37.409074, 55.770899], [37.424186, 55.77067], [37.430222, 55.764382], [37.433496, 55.766637], [37.430262, 55.76891], [37.432508, 55.771782], [37.439165, 55.772309], [37.4492, 55.777764], [37.455131, 55.776429], [37.467339, 55.767132], [37.473459, 55.768027], [37.466201, 55.764198], [37.463783, 55.760815], [37.465468, 55.760061], [37.456988, 55.755147], [37.454602, 55.751737], [37.450103, 55.751268], [37.45154, 55.749585], [37.464263, 55.755907], [37.473635, 55.753545], [37.476216, 55.755325], [37.475365, 55.761559], [37.477961, 55.759954], [37.484871, 55.762332], [37.498943, 55.761623], [37.497037, 55.758285], [37.502208, 55.754927], [37.480235, 55.754037], [37.482566, 55.751442], [37.48841, 55.751177], [37.489684, 55.747919], [37.467348, 55.740265], [37.469239, 55.738219], [37.465959, 55.736834], [37.465594, 55.734122], [37.460457, 55.733138], [37.460889, 55.730881], [37.45447, 55.729933], [37.454125, 55.728308], [37.451112, 55.728861], [37.457525, 55.735077], [37.448936, 55.732849], [37.447177, 55.735724], [37.439913, 55.736854], [37.412336, 55.750054], [37.415608, 55.746417], [37.421156, 55.74467], [37.419267, 55.74264], [37.421938, 55.742857], [37.431093, 55.738323], [37.42963, 55.735766], [37.434261, 55.736442], [37.442612, 55.733163], [37.441994, 55.731237], [37.436115, 55.732756], [37.435417, 55.734494], [37.433752, 55.732972], [37.435138, 55.730237], [37.440372, 55.729276], [37.440479, 55.72789], [37.433117, 55.728777], [37.420466, 55.727754], [37.414469, 55.728968], [37.413199, 55.730609], [37.41733, 55.73081], [37.414386, 55.732526], [37.424183, 55.733643], [37.417792, 55.734154], [37.416188, 55.737035], [37.412417, 55.737517], [37.41787, 55.741961], [37.405515, 55.735449], [37.397207, 55.739941], [37.39901, 55.742686], [37.397202, 55.742763], [37.390101, 55.737575], [37.391723, 55.736656], [37.396356, 55.737922], [37.400004, 55.73541], [37.390676, 55.73584], [37.374351, 55.732267], [37.374397, 55.738139], [37.376361, 55.738605], [37.369674, 55.752186], [37.375898, 55.756134], [37.377519, 55.759521], [37.371896, 55.757441], [37.371853, 55.765524], [37.377924, 55.763836], [37.379411, 55.764877], [37.398328, 55.754846], [37.400208, 55.755254], [37.403279, 55.75283], [37.404604, 55.753662], [37.400441, 55.756984], [37.402094, 55.759284], [37.396035, 55.758715], [37.388569, 55.764842], [37.384588, 55.76392], [37.385108, 55.766786], [37.380126, 55.765961], [37.379339, 55.768726], [37.370772, 55.77184], [37.370893, 55.773891], [37.378528, 55.775692], [37.372854, 55.776397], [37.370749, 55.785175], [37.373296, 55.78929], [37.379888, 55.787961], [37.375234, 55.790557], [37.382889, 55.798333], [37.380293, 55.799212], [37.37971, 55.797296], [37.375378, 55.796539], [37.376516, 55.793789], [37.372739, 55.79025], [37.369818, 55.789526], [37.366323, 55.792121], [37.363609, 55.79098], [37.369384, 55.788414], [37.367196, 55.784098], [37.369128, 55.782582], [37.368668, 55.774091], [37.366521, 55.77348], [37.359035, 55.776384], [37.36141, 55.783102], [37.357204, 55.781984], [37.354807, 55.782863], [37.355209, 55.778139], [37.352332, 55.779071], [37.346494, 55.775682], [37.349158, 55.774828], [37.352608, 55.776558], [37.364399, 55.771333], [37.359148, 55.769224], [37.364779, 55.768574], [37.363603, 55.76598], [37.344286, 55.76096], [37.333837, 55.753021], [37.335671, 55.751607], [37.347761, 55.759022], [37.364388, 55.762257], [37.364721, 55.746912], [37.370315, 55.73619], [37.373452, 55.734889], [37.370304, 55.733422], [37.372267, 55.730985], [37.368786, 55.730972], [37.367576, 55.732079], [37.366363, 55.730972], [37.352573, 55.730897], [37.344668, 55.727123], [37.336277, 55.726022], [37.33762, 55.725054], [37.330008, 55.72497], [37.322654, 55.722376], [37.322416, 55.724591], [37.319259, 55.724364], [37.309612, 55.716091], [37.311475, 55.709526], [37.307528, 55.709179], [37.303863, 55.705726], [37.305778, 55.70431], [37.302914, 55.704644], [37.302138, 55.702457], [37.294245, 55.69787], [37.289318, 55.696515], [37.288237, 55.697575], [37.287366, 55.695916], [37.276143, 55.693813], [37.271541, 55.69381], [37.270966, 55.695226], [37.268689, 55.693457], [37.262693, 55.692987], [37.262543, 55.691755], [37.258444, 55.692442], [37.258122, 55.691007], [37.254144, 55.690923], [37.2629, 55.690764], [37.267919, 55.691882], [37.270929, 55.690676], [37.274459, 55.693162], [37.270434, 55.68925], [37.270518, 55.685753], [37.273708, 55.685501], [37.276436, 55.6917], [37.296562, 55.696561], [37.306904, 55.701745], [37.313148, 55.708042], [37.317172, 55.705771], [37.315617, 55.699817], [37.322528, 55.697287], [37.326561, 55.699953], [37.321108, 55.7026], [37.319946, 55.712214], [37.328358, 55.721392], [37.331037, 55.721178], [37.33066, 55.722674], [37.346861, 55.724918], [37.349092, 55.727845], [37.356129, 55.729826], [37.374406, 55.729172], [37.378183, 55.727757], [37.376694, 55.725038], [37.371865, 55.725099], [37.368726, 55.72787], [37.365561, 55.723827], [37.353715, 55.724798], [37.352228, 55.723312], [37.361919, 55.72248], [37.36325, 55.721178], [37.357972, 55.720851], [37.358127, 55.71929], [37.365173, 55.719005], [37.366167, 55.716683], [37.371051, 55.716026], [37.372563, 55.718108], [37.369398, 55.719442], [37.369579, 55.722729], [37.381495, 55.721405], [37.381782, 55.716576], [37.384973, 55.714193], [37.375674, 55.71315], [37.374179, 55.711424], [37.386054, 55.712305], [37.391792, 55.706406], [37.39124, 55.704524], [37.397498, 55.701897], [37.390317, 55.698826], [37.390354, 55.697186], [37.398648, 55.69995], [37.412147, 55.689617], [37.413294, 55.684353], [37.403428, 55.684528], [37.412676, 55.680674], [37.408714, 55.678078], [37.409824, 55.677122], [37.418454, 55.67742], [37.424186, 55.668858], [37.42165, 55.66795], [37.414676, 55.671254], [37.418416, 55.666734], [37.405843, 55.661977], [37.416441, 55.663948], [37.419497, 55.661571], [37.41357, 55.661918], [37.404371, 55.65909], [37.412492, 55.657462], [37.413529, 55.659561], [37.418373, 55.659836], [37.415041, 55.65779], [37.418448, 55.657323], [37.421366, 55.653116], [37.424326, 55.65286], [37.422297, 55.650735], [37.426411, 55.650125], [37.427471, 55.647166], [37.435695, 55.649869], [37.43786, 55.654618], [37.454355, 55.639211], [37.4539, 55.637014], [37.448913, 55.63655], [37.447665, 55.634749], [37.442367, 55.634781], [37.441611, 55.632948], [37.436558, 55.632844], [37.429601, 55.62978], [37.42664, 55.631419], [37.424775, 55.629744], [37.415415, 55.637228], [37.41204, 55.635752], [37.41497, 55.634298], [37.409729, 55.631841], [37.41806, 55.631471], [37.420058, 55.628621], [37.38677, 55.617912], [37.388273, 55.616711], [37.416433, 55.623087], [37.416542, 55.619558], [37.420469, 55.61736], [37.422766, 55.626226], [37.425462, 55.625327], [37.42349, 55.620769], [37.425108, 55.619298], [37.429527, 55.621022], [37.436515, 55.618633], [37.440045, 55.623142], [37.447096, 55.616909], [37.442914, 55.614643], [37.446392, 55.60846], [37.433238, 55.60744], [37.429527, 55.604745], [37.445354, 55.606424], [37.450359, 55.603735], [37.451112, 55.606021], [37.457511, 55.605307], [37.464212, 55.602559], [37.459606, 55.601819], [37.457315, 55.603582], [37.447019, 55.601721], [37.445199, 55.604251], [37.442054, 55.604781], [37.445642, 55.598668], [37.452618, 55.600831], [37.452544, 55.598041], [37.46418, 55.596573], [37.462651, 55.599356], [37.465376, 55.600152], [37.470406, 55.598067], [37.467339, 55.595348], [37.473359, 55.596332], [37.475839, 55.594627], [37.474552, 55.591544], [37.470369, 55.589835], [37.468923, 55.58449], [37.465246, 55.583005], [37.455174, 55.589198], [37.46111, 55.592411], [37.456217, 55.591976], [37.453906, 55.593785], [37.452331, 55.592762], [37.451529, 55.594474], [37.45039, 55.592213], [37.443882, 55.590943], [37.449649, 55.58898], [37.444587, 55.58565], [37.446872, 55.584873], [37.451819, 55.587193], [37.464177, 55.579905], [37.460308, 55.578823], [37.45499, 55.57399], [37.441545, 55.586596], [37.437693, 55.58476], [37.415585, 55.595078], [37.435885, 55.583733], [37.425353, 55.577913], [37.438886, 55.582066], [37.448447, 55.574698], [37.442287, 55.571835], [37.434945, 55.573336], [37.437435, 55.568035], [37.442727, 55.565597], [37.432246, 55.558281], [37.423194, 55.559745], [37.430056, 55.553891], [37.424809, 55.550799], [37.426252, 55.549316], [37.419256, 55.547836], [37.417876, 55.548831], [37.416111, 55.546613], [37.398334, 55.540377], [37.393945, 55.537114], [37.400047, 55.53812], [37.411293, 55.543055], [37.416318, 55.540699], [37.417407, 55.54216], [37.414475, 55.544284], [37.435417, 55.549563], [37.444995, 55.543481], [37.442034, 55.539437], [37.447226, 55.539369], [37.447387, 55.544723], [37.439473, 55.553547], [37.442589, 55.554386], [37.447749, 55.562297], [37.451549, 55.563792], [37.456591, 55.559686], [37.455838, 55.557647], [37.459819, 55.558278], [37.458109, 55.55951], [37.459822, 55.560557], [37.454472, 55.564937], [37.458411, 55.568331], [37.464413, 55.562947], [37.461484, 55.559741], [37.465019, 55.557644], [37.47022, 55.55862], [37.481497, 55.553118], [37.492147, 55.552295], [37.496959, 55.552932], [37.494611, 55.5542], [37.491385, 55.552825], [37.482494, 55.553501], [37.467359, 55.562368], [37.470958, 55.563909], [37.470817, 55.561556], [37.473244, 55.561585], [37.477596, 55.56362], [37.479364, 55.565743], [37.474416, 55.565629], [37.476457, 55.567707], [37.479689, 55.566595], [37.485458, 55.567323], [37.482583, 55.569293], [37.478852, 55.569348], [37.473235, 55.576762], [37.482577, 55.574474], [37.484848, 55.571009], [37.494366, 55.572488], [37.485291, 55.575342], [37.48743, 55.581991], [37.482207, 55.581861], [37.485423, 55.584675], [37.483532, 55.592847], [37.490681, 55.599467], [37.49712, 55.597573], [37.503186, 55.598808], [37.506109, 55.595153], [37.524009, 55.590339], [37.521813, 55.586596], [37.524728, 55.58267], [37.528321, 55.584214], [37.528508, 55.588376], [37.533087, 55.588415], [37.544643, 55.586443], [37.550039, 55.583986], [37.556093, 55.583847], [37.567695, 55.579924], [37.561046, 55.575569], [37.55774, 55.570986], [37.558522, 55.568197], [37.545948, 55.551895], [37.544652, 55.553452], [37.541622, 55.552269], [37.538049, 55.554685], [37.53664, 55.5537], [37.5319, 55.556106], [37.527413, 55.555595], [37.525679, 55.556792], [37.515342, 55.552903], [37.500662, 55.552887], [37.501001, 55.552461], [37.505505, 55.552178], [37.507279, 55.550987], [37.510122, 55.552409], [37.527301, 55.552204], [37.526536, 55.550477], [37.520229, 55.548844], [37.519074, 55.546593], [37.525148, 55.545732], [37.5277, 55.546506], [37.52739, 55.548369], [37.5319, 55.549602], [37.533257, 55.545166], [37.536591, 55.545676], [37.558553, 55.53866], [37.564104, 55.538549], [37.56762, 55.535862], [37.573395, 55.537007], [37.579222, 55.534209], [37.572513, 55.530692], [37.574548, 55.529296], [37.578072, 55.530448], [37.576899, 55.522661], [37.573674, 55.521577], [37.574597, 55.518071], [37.568143, 55.518472], [37.559669, 55.509777], [37.552597, 55.509787], [37.54324, 55.513397], [37.543835, 55.516948], [37.537635, 55.516161], [37.539774, 55.512733], [37.543884, 55.510942], [37.540777, 55.50894], [37.542599, 55.508367], [37.539794, 55.508325], [37.538903, 55.509201], [37.53802, 55.507534], [37.528172, 55.505072], [37.530161, 55.504314], [37.545235, 55.506687], [37.557556, 55.505821], [37.559669, 55.501172], [37.556679, 55.495971], [37.550832, 55.493997], [37.554854, 55.493372], [37.552948, 55.488652], [37.545485, 55.48676], [37.546411, 55.488164], [37.543108, 55.488134], [37.546428, 55.490095], [37.543381, 55.490037], [37.543214, 55.492085], [37.537195, 55.490434], [37.533153, 55.492268], [37.531736, 55.490587], [37.538141, 55.485551], [37.53537, 55.48401], [37.520603, 55.484616], [37.515515, 55.48703], [37.514491, 55.486027], [37.520977, 55.480384], [37.51715, 55.477683], [37.509291, 55.4771], [37.510812, 55.474911], [37.506339, 55.47318], [37.508935, 55.472258], [37.515943, 55.473379], [37.515903, 55.47609], [37.522908, 55.478638], [37.52655, 55.478263], [37.526226, 55.479703], [37.529781, 55.480586], [37.538046, 55.480831], [37.543137, 55.483691], [37.555067, 55.482991], [37.553388, 55.480329], [37.55615, 55.477377], [37.558352, 55.482316], [37.561833, 55.482355], [37.56323, 55.479892], [37.560939, 55.474503], [37.555044, 55.474715], [37.554371, 55.473141], [37.55615, 55.470987], [37.559922, 55.471808], [37.560134, 55.464678], [37.558217, 55.463426], [37.565404, 55.462575], [37.570518, 55.455903], [37.572803, 55.458481], [37.569606, 55.462989], [37.575959, 55.46353], [37.578167, 55.461438], [37.575778, 55.460535], [37.580676, 55.462077], [37.578273, 55.465496], [37.570592, 55.466011], [37.572191, 55.469719], [37.58337, 55.472284], [37.598099, 55.467627], [37.60177, 55.470345], [37.596501, 55.469635], [37.582493, 55.474728], [37.577747, 55.473737], [37.576847, 55.482496], [37.57397, 55.475119], [37.569773, 55.474379], [37.571009, 55.486232], [37.581447, 55.484232], [37.591692, 55.485271], [37.592931, 55.488926], [37.599551, 55.476924], [37.602699, 55.479358], [37.600195, 55.48532], [37.614781, 55.477159], [37.616051, 55.469935], [37.613901, 55.469227], [37.617129, 55.468615], [37.618305, 55.464534], [37.613956, 55.448606], [37.614643, 55.442058], [37.607885, 55.437009], [37.5912, 55.435675], [37.585054, 55.436484], [37.586914, 55.434537], [37.594101, 55.434253], [37.597542, 55.43258], [37.598439, 55.434831], [37.600983, 55.435189], [37.61376, 55.434038], [37.613795, 55.430809], [37.609721, 55.428757], [37.607338, 55.423259], [37.610728, 55.42076], [37.606364, 55.419027], [37.609483, 55.418358], [37.607129, 55.416864], [37.608342, 55.414495], [37.604168, 55.413966], [37.602739, 55.410206], [37.60603, 55.406662], [37.603001, 55.406773], [37.60336, 55.404018], [37.597803, 55.402271], [37.600092, 55.401896], [37.601218, 55.403335], [37.604998, 55.402483], [37.60503, 55.378329], [37.601569, 55.368744], [37.604901, 55.367989]]]]}}, {"type": "Feature", "properties": {"school_id": "московская-гимназия-на-юго-западе-1543-ю-в-завельского", "name": "Московская гимназия на Юго-Западе №1543 им. Ю. В. Завельского", "min": 20, "mode": "driving", "method": "isochrone driving reverse:true", "status": "approx: гипотеза A (start_time = выезд), +8–14% (Гейт 2)", "start_time": "2026-10-14T05:10:00Z", "request_hash": "51d74d2579f2f51779f2b35bf2d8bd4f8b8de022", "was_invalid": false}, "geometry": {"type": "MultiPolygon", "coordinates": [[[[37.500104, 55.60392], [37.501216, 55.605398], [37.493418, 55.611727], [37.507012, 55.618659], [37.512304, 55.624807], [37.517797, 55.625664], [37.526548, 55.623924], [37.529089, 55.625694], [37.526936, 55.629202], [37.532915, 55.63127], [37.538167, 55.630144], [37.539782, 55.62522], [37.543766, 55.62457], [37.541884, 55.63115], [37.547814, 55.639156], [37.551942, 55.640973], [37.548912, 55.642063], [37.542769, 55.639279], [37.540869, 55.640285], [37.5422, 55.643014], [37.544663, 55.644405], [37.549596, 55.642621], [37.546563, 55.646138], [37.552384, 55.649557], [37.563802, 55.649025], [37.566878, 55.650676], [37.55475, 55.651835], [37.561316, 55.656836], [37.557027, 55.657011], [37.5536, 55.659239], [37.562492, 55.66018], [37.551307, 55.664944], [37.563501, 55.676648], [37.563512, 55.678752], [37.560442, 55.678162], [37.554785, 55.672181], [37.548854, 55.67401], [37.553097, 55.677952], [37.551913, 55.679073], [37.544655, 55.674891], [37.541702, 55.677449], [37.537727, 55.676331], [37.533122, 55.677712], [37.541495, 55.673646], [37.538497, 55.669273], [37.53522, 55.669396], [37.526136, 55.674022], [37.540777, 55.682619], [37.544919, 55.680674], [37.544606, 55.677695], [37.550671, 55.681005], [37.551511, 55.682833], [37.546483, 55.682285], [37.542387, 55.684703], [37.544729, 55.687144], [37.557306, 55.681232], [37.555503, 55.686551], [37.557582, 55.687218], [37.555061, 55.687863], [37.551959, 55.686042], [37.546805, 55.688291], [37.556935, 55.693645], [37.562184, 55.692601], [37.558237, 55.694928], [37.566959, 55.700248], [37.557024, 55.6988], [37.556124, 55.695255], [37.551493, 55.697397], [37.541306, 55.698268], [37.535453, 55.694033], [37.527723, 55.698518], [37.527143, 55.696551], [37.532006, 55.692588], [37.527404, 55.694445], [37.519068, 55.692711], [37.515058, 55.694918], [37.512209, 55.69462], [37.511335, 55.69693], [37.506342, 55.695595], [37.505548, 55.692789], [37.510432, 55.692984], [37.519683, 55.686771], [37.51943, 55.684989], [37.507796, 55.679125], [37.495007, 55.681738], [37.489166, 55.686129], [37.489845, 55.688301], [37.486789, 55.689581], [37.492026, 55.692663], [37.494921, 55.6959], [37.493012, 55.696331], [37.48133, 55.688764], [37.475423, 55.689432], [37.47949, 55.691529], [37.477188, 55.692569], [37.473364, 55.69066], [37.469803, 55.691619], [37.469455, 55.687675], [37.473836, 55.68575], [37.454881, 55.673176], [37.453147, 55.67445], [37.458494, 55.680373], [37.450451, 55.678969], [37.446975, 55.680733], [37.43957, 55.676477], [37.431476, 55.683938], [37.430438, 55.681157], [37.434801, 55.674998], [37.432301, 55.673491], [37.429943, 55.677426], [37.427264, 55.67883], [37.423631, 55.678402], [37.419014, 55.683076], [37.428549, 55.687154], [37.430406, 55.686013], [37.434626, 55.688217], [37.437613, 55.687374], [37.43949, 55.689571], [37.422872, 55.688554], [37.419253, 55.685248], [37.411555, 55.69428], [37.393146, 55.70788], [37.3894, 55.708181], [37.391501, 55.705914], [37.388014, 55.704971], [37.39318, 55.704663], [37.394896, 55.700397], [37.401186, 55.698806], [37.411871, 55.68961], [37.412785, 55.684237], [37.404963, 55.685361], [37.402919, 55.683793], [37.413179, 55.680519], [37.408709, 55.678081], [37.409821, 55.677122], [37.414774, 55.676366], [37.418413, 55.677495], [37.424137, 55.668851], [37.421239, 55.667972], [37.413035, 55.674249], [37.411948, 55.672139], [37.418571, 55.666627], [37.40181, 55.662505], [37.401608, 55.661091], [37.405926, 55.660647], [37.406682, 55.65825], [37.413518, 55.658176], [37.415113, 55.65933], [37.427471, 55.647166], [37.436825, 55.649865], [37.43784, 55.654611], [37.452219, 55.64069], [37.456217, 55.638967], [37.45037, 55.635103], [37.449215, 55.636105], [37.443655, 55.633149], [37.43661, 55.632756], [37.424778, 55.628128], [37.423976, 55.627112], [37.43546, 55.627713], [37.437245, 55.625814], [37.436842, 55.624564], [37.424778, 55.62122], [37.430921, 55.618607], [37.436509, 55.618613], [37.439628, 55.623168], [37.445869, 55.619259], [37.454961, 55.619766], [37.451411, 55.621736], [37.447769, 55.621282], [37.441692, 55.627261], [37.446119, 55.6262], [37.459011, 55.626976], [37.460305, 55.628154], [37.454829, 55.634415], [37.461745, 55.635846], [37.472246, 55.626706], [37.472591, 55.62386], [37.478001, 55.621525], [37.477326, 55.620464], [37.500104, 55.60392]]]]}}, {"type": "Feature", "properties": {"school_id": "московская-гимназия-на-юго-западе-1543-ю-в-завельского", "name": "Московская гимназия на Юго-Западе №1543 им. Ю. В. Завельского", "min": 40, "mode": "driving", "method": "isochrone driving reverse:true", "status": "approx: гипотеза A (start_time = выезд), +8–14% (Гейт 2)", "start_time": "2026-10-14T04:50:00Z", "request_hash": "62e1b3277f0c8555a966bda68de970354a84ac84", "was_invalid": false}, "geometry": {"type": "MultiPolygon", "coordinates": [[[[37.453291, 55.515334], [37.452288, 55.521352], [37.458885, 55.522599], [37.449896, 55.524405], [37.448726, 55.528479], [37.459578, 55.531652], [37.459287, 55.52641], [37.466718, 55.52641], [37.466718, 55.528017], [37.462541, 55.529224], [37.462547, 55.531707], [37.469027, 55.531622], [37.472643, 55.53892], [37.476802, 55.541109], [37.480364, 55.53866], [37.488154, 55.53932], [37.492262, 55.542222], [37.493357, 55.544092], [37.490184, 55.544164], [37.48822, 55.550685], [37.496287, 55.551033], [37.497571, 55.552656], [37.518559, 55.552184], [37.526131, 55.554145], [37.527945, 55.551615], [37.52503, 55.548652], [37.5319, 55.549602], [37.532443, 55.547758], [37.536517, 55.550262], [37.54107, 55.54674], [37.537241, 55.546691], [37.538644, 55.544635], [37.549217, 55.543799], [37.548975, 55.545588], [37.553428, 55.548018], [37.547029, 55.547768], [37.545462, 55.549299], [37.548397, 55.549189], [37.552632, 55.553319], [37.558835, 55.555621], [37.557176, 55.559745], [37.560669, 55.564979], [37.569184, 55.560665], [37.573841, 55.562742], [37.574562, 55.565031], [37.5884, 55.560674], [37.585845, 55.563136], [37.593833, 55.566946], [37.597573, 55.566494], [37.598778, 55.571178], [37.602463, 55.571851], [37.602868, 55.574052], [37.599571, 55.573889], [37.599698, 55.575355], [37.617667, 55.573743], [37.628547, 55.574945], [37.62974, 55.57318], [37.630844, 55.574367], [37.638229, 55.574747], [37.637686, 55.576262], [37.630295, 55.57696], [37.616537, 55.57761], [37.614404, 55.575855], [37.609908, 55.576869], [37.61495, 55.583837], [37.61685, 55.594633], [37.607491, 55.596141], [37.611073, 55.602004], [37.608623, 55.603949], [37.609877, 55.607164], [37.611331, 55.608752], [37.627202, 55.606086], [37.626544, 55.607989], [37.618003, 55.610266], [37.622352, 55.61474], [37.615387, 55.61726], [37.618248, 55.619974], [37.626687, 55.620824], [37.622666, 55.63052], [37.629769, 55.632045], [37.630879, 55.634019], [37.63906, 55.633256], [37.638634, 55.631156], [37.632928, 55.630062], [37.632756, 55.628657], [37.636912, 55.628118], [37.637789, 55.624931], [37.640434, 55.625109], [37.640977, 55.627463], [37.645114, 55.627553], [37.643067, 55.626606], [37.64445, 55.622314], [37.641862, 55.619195], [37.643492, 55.616951], [37.640859, 55.616925], [37.643438, 55.616032], [37.645763, 55.622805], [37.646902, 55.621883], [37.649736, 55.623454], [37.64666, 55.62731], [37.649667, 55.631208], [37.648115, 55.632548], [37.650909, 55.633214], [37.650026, 55.636579], [37.655284, 55.636553], [37.661324, 55.629731], [37.66348, 55.63053], [37.659375, 55.635901], [37.670732, 55.637348], [37.687129, 55.63484], [37.687557, 55.639457], [37.690834, 55.642881], [37.683679, 55.638082], [37.673825, 55.637342], [37.658535, 55.639383], [37.657699, 55.642926], [37.664365, 55.644188], [37.664684, 55.645453], [37.657061, 55.645972], [37.65903, 55.64934], [37.656325, 55.652032], [37.651196, 55.652652], [37.655523, 55.649979], [37.653881, 55.645917], [37.642892, 55.651964], [37.64633, 55.654105], [37.640028, 55.654793], [37.638945, 55.653771], [37.636685, 55.656087], [37.633086, 55.653658], [37.625164, 55.653677], [37.625394, 55.656022], [37.621625, 55.655824], [37.621605, 55.661821], [37.629743, 55.662661], [37.640385, 55.658001], [37.640434, 55.656479], [37.647977, 55.655896], [37.643064, 55.659165], [37.644289, 55.663011], [37.639517, 55.660757], [37.636027, 55.662781], [37.642604, 55.664201], [37.645763, 55.662765], [37.651972, 55.666293], [37.648138, 55.668037], [37.638939, 55.6652], [37.63417, 55.667366], [37.632845, 55.670745], [37.636927, 55.671296], [37.643817, 55.675812], [37.646275, 55.679825], [37.635239, 55.681031], [37.63461, 55.684541], [37.630479, 55.686052], [37.627021, 55.694348], [37.627182, 55.701877], [37.631629, 55.687675], [37.641239, 55.684833], [37.644651, 55.686191], [37.649288, 55.685481], [37.64977, 55.686933], [37.645801, 55.686586], [37.645778, 55.688547], [37.640049, 55.689156], [37.6382, 55.688012], [37.633264, 55.68939], [37.633998, 55.691778], [37.644938, 55.695906], [37.642196, 55.69752], [37.648399, 55.698511], [37.645792, 55.69995], [37.649158, 55.702577], [37.656218, 55.70145], [37.664523, 55.70272], [37.66542, 55.687432], [37.666225, 55.689749], [37.669214, 55.689584], [37.669467, 55.701871], [37.674596, 55.702163], [37.674323, 55.703993], [37.679603, 55.704521], [37.67839, 55.706202], [37.668648, 55.706212], [37.668706, 55.707835], [37.673949, 55.709305], [37.672276, 55.71097], [37.678824, 55.712441], [37.684947, 55.707329], [37.68445, 55.710915], [37.688152, 55.713338], [37.682647, 55.712696], [37.682653, 55.713869], [37.713762, 55.724105], [37.709151, 55.727158], [37.711008, 55.725018], [37.703727, 55.721758], [37.701134, 55.722891], [37.699869, 55.721074], [37.696698, 55.723422], [37.692783, 55.723338], [37.688486, 55.721204], [37.690918, 55.719235], [37.680687, 55.716385], [37.676527, 55.720045], [37.678847, 55.722651], [37.674647, 55.72235], [37.67114, 55.724335], [37.670381, 55.720686], [37.66667, 55.718309], [37.672264, 55.71896], [37.675283, 55.716146], [37.669881, 55.715239], [37.666245, 55.715987], [37.66646, 55.718613], [37.663893, 55.718571], [37.663089, 55.720563], [37.660047, 55.719381], [37.66149, 55.723487], [37.659472, 55.727356], [37.662491, 55.726507], [37.661985, 55.724986], [37.665759, 55.727155], [37.662925, 55.730467], [37.668404, 55.729991], [37.671112, 55.731334], [37.673144, 55.729599], [37.681843, 55.728003], [37.673118, 55.731726], [37.674685, 55.733063], [37.677349, 55.73216], [37.67958, 55.734898], [37.673213, 55.738168], [37.677493, 55.738873], [37.676039, 55.740993], [37.670893, 55.74145], [37.674233, 55.744634], [37.670933, 55.746061], [37.67563, 55.745666], [37.677812, 55.747229], [37.674481, 55.749433], [37.670663, 55.749223], [37.673055, 55.752837], [37.670758, 55.757583], [37.677677, 55.759705], [37.673434, 55.761795], [37.671031, 55.759398], [37.662767, 55.757431], [37.661579, 55.759744], [37.671411, 55.762603], [37.672589, 55.76555], [37.668835, 55.764483], [37.667947, 55.766142], [37.665015, 55.766271], [37.658791, 55.763972], [37.656129, 55.76467], [37.650084, 55.769289], [37.652421, 55.772009], [37.650544, 55.773121], [37.648158, 55.773309], [37.648365, 55.771679], [37.644714, 55.770476], [37.637867, 55.774208], [37.632948, 55.773632], [37.631114, 55.778369], [37.623925, 55.776726], [37.621686, 55.777583], [37.624454, 55.778291], [37.622784, 55.781185], [37.614456, 55.781121], [37.610213, 55.774835], [37.607416, 55.777215], [37.609422, 55.781075], [37.601112, 55.781757], [37.601678, 55.779821], [37.599824, 55.78102], [37.597056, 55.779533], [37.600459, 55.778308], [37.599008, 55.77618], [37.595452, 55.776423], [37.594819, 55.777949], [37.589639, 55.777231], [37.590332, 55.775857], [37.587521, 55.775158], [37.586006, 55.776009], [37.585917, 55.775084], [37.586656, 55.774621], [37.586359, 55.774253], [37.582416, 55.774537], [37.586319, 55.771853], [37.581286, 55.770628], [37.579656, 55.768354], [37.576744, 55.768529], [37.574096, 55.77208], [37.565935, 55.768587], [37.569506, 55.76611], [37.562624, 55.765117], [37.557878, 55.768872], [37.555259, 55.767976], [37.557185, 55.766824], [37.556104, 55.764421], [37.544353, 55.765848], [37.540972, 55.767905], [37.544382, 55.771976], [37.556363, 55.775617], [37.558203, 55.779737], [37.572504, 55.790579], [37.568546, 55.79003], [37.565366, 55.786335], [37.560071, 55.787302], [37.555311, 55.783293], [37.551286, 55.784247], [37.550059, 55.782013], [37.551545, 55.782698], [37.555848, 55.780034], [37.547791, 55.778524], [37.548619, 55.775718], [37.551876, 55.7751], [37.543568, 55.773396], [37.53541, 55.767788], [37.52672, 55.769871], [37.52699, 55.772985], [37.520896, 55.770831], [37.51256, 55.77337], [37.511694, 55.76967], [37.504407, 55.772025], [37.503266, 55.771161], [37.480525, 55.77521], [37.47897, 55.777438], [37.48179, 55.778925], [37.48177, 55.781948], [37.484035, 55.782527], [37.484587, 55.785546], [37.490721, 55.786552], [37.488749, 55.790751], [37.493987, 55.794006], [37.4928, 55.793825], [37.490994, 55.792706], [37.486912, 55.792625], [37.48745, 55.791045], [37.481042, 55.789448], [37.479723, 55.787968], [37.481658, 55.787176], [37.478835, 55.787489], [37.475957, 55.784596], [37.469875, 55.784518], [37.466477, 55.778143], [37.456154, 55.779898], [37.446553, 55.778709], [37.436486, 55.774311], [37.406596, 55.773729], [37.398581, 55.778243], [37.397357, 55.780833], [37.405449, 55.789345], [37.409396, 55.790324], [37.412799, 55.793795], [37.411899, 55.797693], [37.407723, 55.800253], [37.410324, 55.803565], [37.418727, 55.805746], [37.411017, 55.807203], [37.416128, 55.810763], [37.410048, 55.812456], [37.410396, 55.814633], [37.401192, 55.820444], [37.395948, 55.821597], [37.396308, 55.831011], [37.398639, 55.832209], [37.401039, 55.830368], [37.405104, 55.830824], [37.403103, 55.832612], [37.40496, 55.833194], [37.400645, 55.834346], [37.397285, 55.837578], [37.397728, 55.841762], [37.392473, 55.845497], [37.396793, 55.853923], [37.394804, 55.854866], [37.392096, 55.8511], [37.38737, 55.851145], [37.389822, 55.848689], [37.390101, 55.841659], [37.393309, 55.839441], [37.390964, 55.834495], [37.394143, 55.832984], [37.384206, 55.831915], [37.391602, 55.831473], [37.393028, 55.829371], [37.381768, 55.830304], [37.378433, 55.82806], [37.383832, 55.816452], [37.380313, 55.811855], [37.376732, 55.812385], [37.372655, 55.810812], [37.36878, 55.798928], [37.358271, 55.795066], [37.354752, 55.797244], [37.359122, 55.801112], [37.357615, 55.804621], [37.354603, 55.804321], [37.351467, 55.800786], [37.346761, 55.80213], [37.344579, 55.805213], [37.342259, 55.799832], [37.332506, 55.801206], [37.329252, 55.80035], [37.327915, 55.801849], [37.326555, 55.800896], [37.328585, 55.799348], [37.333083, 55.799797], [37.344961, 55.796562], [37.350432, 55.792884], [37.354985, 55.793188], [37.351743, 55.790366], [37.352711, 55.786691], [37.344872, 55.782162], [37.348833, 55.780946], [37.352688, 55.782181], [37.353881, 55.779611], [37.34501, 55.776099], [37.342492, 55.772228], [37.346879, 55.768089], [37.354519, 55.770327], [37.352674, 55.77228], [37.346836, 55.771782], [37.350265, 55.775061], [37.359576, 55.773124], [37.364184, 55.771164], [37.358567, 55.76945], [37.360269, 55.768031], [37.364167, 55.768603], [37.363017, 55.76597], [37.342679, 55.761238], [37.328475, 55.75107], [37.327719, 55.752225], [37.320251, 55.752442], [37.321369, 55.75624], [37.324465, 55.757583], [37.322373, 55.75868], [37.316485, 55.758207], [37.317058, 55.754296], [37.309977, 55.753607], [37.309379, 55.755891], [37.305223, 55.757593], [37.311507, 55.760663], [37.311788, 55.762422], [37.306738, 55.764314], [37.30171, 55.762293], [37.298982, 55.758663], [37.300483, 55.754765], [37.305576, 55.753697], [37.303475, 55.75285], [37.305619, 55.751717], [37.305545, 55.747841], [37.294342, 55.752804], [37.284787, 55.752617], [37.280958, 55.751109], [37.289473, 55.747974], [37.290674, 55.746572], [37.288378, 55.745233], [37.28456, 55.745191], [37.285198, 55.747197], [37.282539, 55.748132], [37.272107, 55.740433], [37.256935, 55.738329], [37.258444, 55.736604], [37.261785, 55.737792], [37.267838, 55.737028], [37.270768, 55.733834], [37.26837, 55.726216], [37.275913, 55.725643], [37.260988, 55.718536], [37.262894, 55.716421], [37.266459, 55.716197], [37.268819, 55.711576], [37.264303, 55.702992], [37.265315, 55.694079], [37.245494, 55.691451], [37.227174, 55.701813], [37.228916, 55.703782], [37.225283, 55.707893], [37.216843, 55.711233], [37.210151, 55.711352], [37.199391, 55.714682], [37.197008, 55.716806], [37.200449, 55.72133], [37.194289, 55.718966], [37.1928, 55.721544], [37.191253, 55.718759], [37.194504, 55.714539], [37.19025, 55.710808], [37.195039, 55.710701], [37.196243, 55.712463], [37.204241, 55.710643], [37.200377, 55.70649], [37.203211, 55.702943], [37.207891, 55.705085], [37.209286, 55.703834], [37.207276, 55.701955], [37.212008, 55.699094], [37.208794, 55.696447], [37.202769, 55.697361], [37.205523, 55.69474], [37.204034, 55.692031], [37.206862, 55.692031], [37.207745, 55.694332], [37.21145, 55.69264], [37.205353, 55.690074], [37.197135, 55.689085], [37.196531, 55.687585], [37.205505, 55.688048], [37.21114, 55.685436], [37.21095, 55.689072], [37.21492, 55.689432], [37.227232, 55.696211], [37.227565, 55.692854], [37.223348, 55.690459], [37.225875, 55.684256], [37.229974, 55.684399], [37.226904, 55.688304], [37.228491, 55.690479], [37.235321, 55.69103], [37.24458, 55.688246], [37.240478, 55.687338], [37.231886, 55.681096], [37.21615, 55.680995], [37.193906, 55.677822], [37.190273, 55.680512], [37.194987, 55.684908], [37.185961, 55.686554], [37.188514, 55.682947], [37.180212, 55.683974], [37.179614, 55.682136], [37.186168, 55.68131], [37.187151, 55.678499], [37.182555, 55.67883], [37.178892, 55.676357], [37.17099, 55.675193], [37.168245, 55.678561], [37.171329, 55.679858], [37.168141, 55.680551], [37.158336, 55.690171], [37.155533, 55.689643], [37.159555, 55.68636], [37.160501, 55.68154], [37.154053, 55.68073], [37.140996, 55.684658], [37.136141, 55.684032], [37.141563, 55.681802], [37.139907, 55.678837], [37.144506, 55.681371], [37.154855, 55.677702], [37.158687, 55.678918], [37.164186, 55.67799], [37.163582, 55.676029], [37.170153, 55.671208], [37.168274, 55.66819], [37.170277, 55.666299], [37.167236, 55.664127], [37.170657, 55.6622], [37.174011, 55.662346], [37.17162, 55.66102], [37.172979, 55.658309], [37.179002, 55.659327], [37.180485, 55.657835], [37.169515, 55.656664], [37.169521, 55.65443], [37.176067, 55.652448], [37.177058, 55.654342], [37.18273, 55.655059], [37.183589, 55.65693], [37.1882, 55.655004], [37.190698, 55.655782], [37.194343, 55.659343], [37.197735, 55.657783], [37.193691, 55.656681], [37.195203, 55.6556], [37.206494, 55.6556], [37.208127, 55.656515], [37.206348, 55.657923], [37.210042, 55.658539], [37.211347, 55.657177], [37.210211, 55.653878], [37.193898, 55.654955], [37.184466, 55.652756], [37.176429, 55.647598], [37.173847, 55.63998], [37.176998, 55.637686], [37.177625, 55.630565], [37.174566, 55.624648], [37.159454, 55.62569], [37.154878, 55.624496], [37.150316, 55.629962], [37.148551, 55.62308], [37.141804, 55.62321], [37.146171, 55.620828], [37.144503, 55.617821], [37.148801, 55.621639], [37.152538, 55.621665], [37.153027, 55.619581], [37.149994, 55.618058], [37.16249, 55.613688], [37.16322, 55.615837], [37.161751, 55.615159], [37.156873, 55.618714], [37.155841, 55.622107], [37.158678, 55.623145], [37.161208, 55.621811], [37.174299, 55.622503], [37.182721, 55.626521], [37.184136, 55.630887], [37.180899, 55.633808], [37.179916, 55.640275], [37.184072, 55.645544], [37.183477, 55.648714], [37.188275, 55.650761], [37.20222, 55.651397], [37.203522, 55.65067], [37.200357, 55.64875], [37.20468, 55.64678], [37.201697, 55.644545], [37.207797, 55.64338], [37.216075, 55.643951], [37.212841, 55.645479], [37.214471, 55.651487], [37.216998, 55.652772], [37.224093, 55.650187], [37.223843, 55.648999], [37.232236, 55.649217], [37.231498, 55.651328], [37.235617, 55.653755], [37.236451, 55.656651], [37.241093, 55.655652], [37.246851, 55.657378], [37.254095, 55.655445], [37.260686, 55.651075], [37.267974, 55.652029], [37.262647, 55.652461], [37.256501, 55.657115], [37.250881, 55.658468], [37.249904, 55.660388], [37.253977, 55.66187], [37.24803, 55.662256], [37.24665, 55.663653], [37.251491, 55.6651], [37.255978, 55.663378], [37.258114, 55.667609], [37.272147, 55.671568], [37.273547, 55.669341], [37.262621, 55.665975], [37.267491, 55.666004], [37.270969, 55.667797], [37.274689, 55.667032], [37.277624, 55.662204], [37.289415, 55.65671], [37.287759, 55.660352], [37.291321, 55.662791], [37.288288, 55.66271], [37.287757, 55.664247], [37.295584, 55.666559], [37.290056, 55.667593], [37.288754, 55.670135], [37.291959, 55.671212], [37.290807, 55.672236], [37.284451, 55.672713], [37.299988, 55.679699], [37.296823, 55.683118], [37.305119, 55.68589], [37.308227, 55.684788], [37.311515, 55.685835], [37.310064, 55.684363], [37.31458, 55.682188], [37.318409, 55.683598], [37.318966, 55.68577], [37.322154, 55.684746], [37.325308, 55.686191], [37.323445, 55.688252], [37.328381, 55.690929], [37.33208, 55.690984], [37.31274, 55.671225], [37.307499, 55.668978], [37.307054, 55.666001], [37.300517, 55.661724], [37.301753, 55.660546], [37.296998, 55.658438], [37.297384, 55.656295], [37.302871, 55.659917], [37.305588, 55.658195], [37.308054, 55.658951], [37.307313, 55.660997], [37.310618, 55.66268], [37.307778, 55.664957], [37.315844, 55.671714], [37.323459, 55.667914], [37.321093, 55.672032], [37.325793, 55.672126], [37.327044, 55.66091], [37.332187, 55.662191], [37.330401, 55.66365], [37.332859, 55.666361], [37.337025, 55.665622], [37.336786, 55.667694], [37.331462, 55.6689], [37.330439, 55.67234], [37.335346, 55.673598], [37.339425, 55.671766], [37.344843, 55.672901], [37.329919, 55.678707], [37.324583, 55.678788], [37.326101, 55.681874], [37.332882, 55.685734], [37.33434, 55.684402], [37.33131, 55.680509], [37.338468, 55.677514], [37.345729, 55.675066], [37.354534, 55.678788], [37.354936, 55.680558], [37.358725, 55.674872], [37.362663, 55.674852], [37.365276, 55.677948], [37.372509, 55.671503], [37.377706, 55.672495], [37.377542, 55.67446], [37.373273, 55.675326], [37.375435, 55.679446], [37.372989, 55.680969], [37.369924, 55.679819], [37.36638, 55.681161], [37.368726, 55.683131], [37.374199, 55.681961], [37.372144, 55.685066], [37.380224, 55.690258], [37.380282, 55.688959], [37.379244, 55.688068], [37.38142, 55.687643], [37.38276, 55.680642], [37.386028, 55.678542], [37.384849, 55.676603], [37.381529, 55.676195], [37.383924, 55.67352], [37.387396, 55.674716], [37.390303, 55.673533], [37.392872, 55.675348], [37.396604, 55.670942], [37.400614, 55.671607], [37.398602, 55.68118], [37.400921, 55.682477], [37.402948, 55.681196], [37.406668, 55.683125], [37.408999, 55.682467], [37.41131, 55.681154], [37.406898, 55.675449], [37.418189, 55.66688], [37.398579, 55.662972], [37.392832, 55.662992], [37.388667, 55.66616], [37.377053, 55.664791], [37.375659, 55.661036], [37.369019, 55.660893], [37.365552, 55.658957], [37.365477, 55.656291], [37.370278, 55.655315], [37.372141, 55.657835], [37.378839, 55.657945], [37.382524, 55.663027], [37.385999, 55.662372], [37.389041, 55.659191], [37.405547, 55.660394], [37.396264, 55.65777], [37.387862, 55.658977], [37.381866, 55.656888], [37.382645, 55.654608], [37.380155, 55.653207], [37.380655, 55.65611], [37.374481, 55.656184], [37.374573, 55.653242], [37.370433, 55.653609], [37.37229, 55.651974], [37.367547, 55.648668], [37.364934, 55.651325], [37.368047, 55.653213], [37.365561, 55.654728], [37.346689, 55.655951], [37.341193, 55.651984], [37.336438, 55.652039], [37.337418, 55.649869], [37.340233, 55.650193], [37.342343, 55.648088], [37.333106, 55.642576], [37.331045, 55.645635], [37.326182, 55.646998], [37.320815, 55.645784], [37.310187, 55.646401], [37.310187, 55.644571], [37.324149, 55.643688], [37.32471, 55.638727], [37.331962, 55.639003], [37.334664, 55.634502], [37.327294, 55.632318], [37.318236, 55.632123], [37.310417, 55.627784], [37.295239, 55.626281], [37.280901, 55.62086], [37.332681, 55.63026], [37.336769, 55.627271], [37.335001, 55.626664], [37.335883, 55.622162], [37.332652, 55.619545], [37.335794, 55.619756], [37.335101, 55.617419], [37.339126, 55.617724], [37.350443, 55.609876], [37.341541, 55.605657], [37.337783, 55.606151], [37.335935, 55.604271], [37.320007, 55.600639], [37.323778, 55.599772], [37.333112, 55.602234], [37.339945, 55.601062], [37.342567, 55.601744], [37.341986, 55.604732], [37.344476, 55.604319], [37.350731, 55.606778], [37.352858, 55.605489], [37.346344, 55.602315], [37.353099, 55.597382], [37.352619, 55.595023], [37.354982, 55.594806], [37.350026, 55.594994], [37.345174, 55.591277], [37.355238, 55.585699], [37.351228, 55.582336], [37.354979, 55.580958], [37.357638, 55.582449], [37.354933, 55.579586], [37.351478, 55.58076], [37.348894, 55.579404], [37.351035, 55.576866], [37.346499, 55.575345], [37.352582, 55.574955], [37.355356, 55.572326], [37.35034, 55.569368], [37.345625, 55.571711], [37.339692, 55.571646], [37.348037, 55.566247], [37.339988, 55.5639], [37.336271, 55.564459], [37.337962, 55.562183], [37.329243, 55.556483], [37.332807, 55.554396], [37.334242, 55.555677], [37.339709, 55.555677], [37.339971, 55.554233], [37.341923, 55.555202], [37.33607, 55.55847], [37.337758, 55.559953], [37.349451, 55.558938], [37.348305, 55.560548], [37.342682, 55.561699], [37.356477, 55.569033], [37.360421, 55.565112], [37.353508, 55.563149], [37.354456, 55.5598], [37.357164, 55.559455], [37.360042, 55.56124], [37.364391, 55.558291], [37.365656, 55.561042], [37.362683, 55.569683], [37.375587, 55.574796], [37.381078, 55.570648], [37.38614, 55.570886], [37.384884, 55.565977], [37.388538, 55.565444], [37.391654, 55.569644], [37.402175, 55.56508], [37.398604, 55.563454], [37.39592, 55.564579], [37.391455, 55.563792], [37.389581, 55.560265], [37.385712, 55.559241], [37.380819, 55.549], [37.382688, 55.54338], [37.373659, 55.538084], [37.36615, 55.536483], [37.36613, 55.534225], [37.374507, 55.537235], [37.380785, 55.533747], [37.381638, 55.535182], [37.377542, 55.537615], [37.388745, 55.546792], [37.391602, 55.560447], [37.404288, 55.559276], [37.412523, 55.553622], [37.41733, 55.554363], [37.420863, 55.557257], [37.427457, 55.555872], [37.429757, 55.553891], [37.400352, 55.542502], [37.391421, 55.537147], [37.388526, 55.532221], [37.385651, 55.532026], [37.385982, 55.527155], [37.379531, 55.521733], [37.369134, 55.516795], [37.376798, 55.518325], [37.38702, 55.517183], [37.388808, 55.518429], [37.386945, 55.519556], [37.390932, 55.521743], [37.39333, 55.520691], [37.390305, 55.517928], [37.397751, 55.516639], [37.399297, 55.521951], [37.4036, 55.525912], [37.392548, 55.530243], [37.39508, 55.534473], [37.399826, 55.537082], [37.402942, 55.532263], [37.416732, 55.523806], [37.430817, 55.522416], [37.432996, 55.524649], [37.43567, 55.524454], [37.416904, 55.544125], [37.436181, 55.548782], [37.440082, 55.547426], [37.442485, 55.542876], [37.440002, 55.542075], [37.434623, 55.543302], [37.431369, 55.54122], [37.432269, 55.534404], [37.429159, 55.532423], [37.431967, 55.529006], [37.43696, 55.531958], [37.433749, 55.529133], [37.435417, 55.527649], [37.438889, 55.529468], [37.443673, 55.529309], [37.449683, 55.521297], [37.449839, 55.517443], [37.453291, 55.515334]]]]}}, {"type": "Feature", "properties": {"school_id": "тор-it-school", "name": "ТОР IT SCHOOL", "min": 20, "mode": "driving", "method": "isochrone driving reverse:true", "status": "approx: гипотеза A (start_time = выезд), +8–14% (Гейт 2)", "start_time": "2026-10-14T05:10:00Z", "request_hash": "e6e8ec79afa19353d49e2e469f1014c7d849be17", "was_invalid": false}, "geometry": {"type": "MultiPolygon", "coordinates": [[[[37.539193, 55.612344], [37.544635, 55.617802], [37.551275, 55.614175], [37.554247, 55.614941], [37.54546, 55.619996], [37.546273, 55.62271], [37.543197, 55.626028], [37.547943, 55.637845], [37.558729, 55.641437], [37.566602, 55.64705], [37.571069, 55.647556], [37.576051, 55.645985], [37.576011, 55.647598], [37.567462, 55.650793], [37.578357, 55.648328], [37.580768, 55.650086], [37.569402, 55.652853], [37.57343, 55.655425], [37.575801, 55.653654], [37.579435, 55.654335], [37.574013, 55.657491], [37.578382, 55.66172], [37.578334, 55.665112], [37.56718, 55.66675], [37.558194, 55.671208], [37.563144, 55.676126], [37.572941, 55.674035], [37.573378, 55.676658], [37.567209, 55.679164], [37.568701, 55.679482], [37.571124, 55.678256], [37.574901, 55.67894], [37.572909, 55.681757], [37.576114, 55.68306], [37.572811, 55.685472], [37.576166, 55.688874], [37.56499, 55.692173], [37.573674, 55.693314], [37.575097, 55.695381], [37.56969, 55.694934], [37.578385, 55.699982], [37.572182, 55.70261], [37.584471, 55.708363], [37.594411, 55.717085], [37.590372, 55.716301], [37.586029, 55.712049], [37.580352, 55.712638], [37.5757, 55.715349], [37.579538, 55.709671], [37.571098, 55.707793], [37.556898, 55.706915], [37.560439, 55.711786], [37.545048, 55.702862], [37.537307, 55.70583], [37.540395, 55.709176], [37.5362, 55.708165], [37.529385, 55.712094], [37.532052, 55.715074], [37.526628, 55.712081], [37.523216, 55.713351], [37.523072, 55.711472], [37.513465, 55.707035], [37.500248, 55.720537], [37.499336, 55.718798], [37.504675, 55.710523], [37.497721, 55.706319], [37.492624, 55.706303], [37.490721, 55.708596], [37.482365, 55.705188], [37.479214, 55.70605], [37.467055, 55.702878], [37.459638, 55.70593], [37.460817, 55.707993], [37.466724, 55.707582], [37.466934, 55.710909], [37.454875, 55.710912], [37.455387, 55.719345], [37.452391, 55.719248], [37.448022, 55.724396], [37.445719, 55.718753], [37.452204, 55.711838], [37.444592, 55.710763], [37.444196, 55.709036], [37.449232, 55.704119], [37.450836, 55.708661], [37.457425, 55.701903], [37.456088, 55.700462], [37.453541, 55.701395], [37.45282, 55.698544], [37.447815, 55.696227], [37.449359, 55.695313], [37.444748, 55.692086], [37.436193, 55.68903], [37.428426, 55.689529], [37.428127, 55.693265], [37.42499, 55.695423], [37.427736, 55.696736], [37.423887, 55.697342], [37.421437, 55.701907], [37.424364, 55.712262], [37.430064, 55.71417], [37.423608, 55.715326], [37.42533, 55.717593], [37.422495, 55.717596], [37.420472, 55.715291], [37.417123, 55.716414], [37.411014, 55.713723], [37.417005, 55.714491], [37.418862, 55.71291], [37.41756, 55.710543], [37.419681, 55.709027], [37.417577, 55.707414], [37.41357, 55.708589], [37.411293, 55.707566], [37.40891, 55.708968], [37.409033, 55.711754], [37.402798, 55.71554], [37.404635, 55.717593], [37.398027, 55.715174], [37.393749, 55.715653], [37.392694, 55.714154], [37.401948, 55.713555], [37.402758, 55.707501], [37.396293, 55.704012], [37.395439, 55.705946], [37.39178, 55.706465], [37.391976, 55.708518], [37.389032, 55.707757], [37.391372, 55.707521], [37.391731, 55.706354], [37.394106, 55.705836], [37.39489, 55.700381], [37.401189, 55.698806], [37.412934, 55.686985], [37.412808, 55.68423], [37.404963, 55.685361], [37.402548, 55.683543], [37.40438, 55.684224], [37.413299, 55.680516], [37.408709, 55.678081], [37.409824, 55.677122], [37.415297, 55.676315], [37.418163, 55.677728], [37.424145, 55.668851], [37.421205, 55.667947], [37.413092, 55.67423], [37.412167, 55.672573], [37.418822, 55.666695], [37.401812, 55.662505], [37.401812, 55.660906], [37.405923, 55.660647], [37.402853, 55.659126], [37.404405, 55.657595], [37.408936, 55.658811], [37.412472, 55.656288], [37.416272, 55.657845], [37.412707, 55.659107], [37.41593, 55.659869], [37.427368, 55.658218], [37.429742, 55.659969], [37.432237, 55.659262], [37.434655, 55.656518], [37.431297, 55.65586], [37.43132, 55.653284], [37.438283, 55.654566], [37.452391, 55.640791], [37.456223, 55.63962], [37.456266, 55.637618], [37.438317, 55.631822], [37.439573, 55.627787], [37.442054, 55.630708], [37.450373, 55.632659], [37.453001, 55.629657], [37.444354, 55.627148], [37.458554, 55.627268], [37.454645, 55.634421], [37.461716, 55.635992], [37.46884, 55.630608], [37.472988, 55.624135], [37.478067, 55.621577], [37.477679, 55.620032], [37.4905, 55.613406], [37.479381, 55.626807], [37.475517, 55.627962], [37.480571, 55.630007], [37.486294, 55.626833], [37.485748, 55.62457], [37.490971, 55.623915], [37.490862, 55.626171], [37.4844, 55.630786], [37.490989, 55.635752], [37.488309, 55.637264], [37.480657, 55.636066], [37.474376, 55.637692], [37.487533, 55.639201], [37.490532, 55.641618], [37.49399, 55.641657], [37.503315, 55.639023], [37.505195, 55.636647], [37.517194, 55.633762], [37.506339, 55.623353], [37.498396, 55.62423], [37.504436, 55.620513], [37.508144, 55.620026], [37.515164, 55.625664], [37.526548, 55.623921], [37.529109, 55.6257], [37.527137, 55.628777], [37.533148, 55.631312], [37.535715, 55.630059], [37.540236, 55.626661], [37.532783, 55.623152], [37.535557, 55.620555], [37.540524, 55.622061], [37.539193, 55.612344]]]]}}, {"type": "Feature", "properties": {"school_id": "тор-it-school", "name": "ТОР IT SCHOOL", "min": 40, "mode": "driving", "method": "isochrone driving reverse:true", "status": "approx: гипотеза A (start_time = выезд), +8–14% (Гейт 2)", "start_time": "2026-10-14T04:50:00Z", "request_hash": "1b547ebaf57f967137db4576757642e3cfd272b2", "was_invalid": false}, "geometry": {"type": "MultiPolygon", "coordinates": [[[[37.386451, 55.51799], [37.392962, 55.524887], [37.395569, 55.5246], [37.392605, 55.519852], [37.398883, 55.519256], [37.397006, 55.520678], [37.402497, 55.525886], [37.39372, 55.528997], [37.394606, 55.533705], [37.399703, 55.538308], [37.411302, 55.541659], [37.422903, 55.533793], [37.427609, 55.525729], [37.42186, 55.525755], [37.421561, 55.531391], [37.418836, 55.531086], [37.418178, 55.526], [37.403583, 55.534892], [37.404095, 55.532267], [37.417884, 55.523813], [37.430817, 55.522442], [37.434549, 55.52447], [37.429552, 55.529026], [37.426908, 55.534404], [37.421463, 55.538939], [37.422078, 55.540195], [37.417741, 55.543708], [37.434353, 55.548795], [37.440108, 55.547439], [37.442632, 55.543058], [37.432855, 55.542996], [37.430438, 55.529817], [37.436503, 55.528294], [37.444035, 55.529511], [37.445294, 55.524668], [37.450448, 55.521118], [37.452992, 55.522316], [37.448143, 55.527217], [37.451, 55.530201], [37.459178, 55.53147], [37.45929, 55.529605], [37.462128, 55.52967], [37.460245, 55.531476], [37.462717, 55.534528], [37.466773, 55.534167], [37.466491, 55.53663], [37.471326, 55.536177], [37.476486, 55.541044], [37.481675, 55.53878], [37.480896, 55.541958], [37.483342, 55.543233], [37.48141, 55.543806], [37.474247, 55.54363], [37.466646, 55.538208], [37.464212, 55.538699], [37.465692, 55.540878], [37.458988, 55.545735], [37.453541, 55.544291], [37.45286, 55.540804], [37.447967, 55.540163], [37.447594, 55.547416], [37.4411, 55.550594], [37.439869, 55.55368], [37.443063, 55.554334], [37.449284, 55.563058], [37.456249, 55.559732], [37.451256, 55.556337], [37.458414, 55.554974], [37.461852, 55.557976], [37.460043, 55.555404], [37.461863, 55.554236], [37.470202, 55.556369], [37.469952, 55.558454], [37.475207, 55.553706], [37.483992, 55.551446], [37.484388, 55.548093], [37.488292, 55.545624], [37.488071, 55.550789], [37.494493, 55.551059], [37.497566, 55.552675], [37.5121, 55.551459], [37.525855, 55.555459], [37.537991, 55.552701], [37.53892, 55.55102], [37.541383, 55.551817], [37.540326, 55.554691], [37.526809, 55.558106], [37.515877, 55.553852], [37.497776, 55.555202], [37.499871, 55.556763], [37.504442, 55.555787], [37.506279, 55.560187], [37.500199, 55.559722], [37.499535, 55.561848], [37.504804, 55.564257], [37.500394, 55.565623], [37.499299, 55.569468], [37.514529, 55.571448], [37.512721, 55.574195], [37.508601, 55.573805], [37.50698, 55.576798], [37.502108, 55.57816], [37.497106, 55.572443], [37.489304, 55.573993], [37.485869, 55.576496], [37.487919, 55.58164], [37.48486, 55.582927], [37.48244, 55.581864], [37.485806, 55.584652], [37.483618, 55.59286], [37.490658, 55.599434], [37.4967, 55.597518], [37.503211, 55.598788], [37.506057, 55.595124], [37.522868, 55.590962], [37.521825, 55.586362], [37.524711, 55.582644], [37.528347, 55.584214], [37.528514, 55.588373], [37.533093, 55.588402], [37.553483, 55.58333], [37.556078, 55.583876], [37.567706, 55.579356], [37.559128, 55.573336], [37.558559, 55.5669], [37.552229, 55.560983], [37.55087, 55.555251], [37.54767, 55.552555], [37.549271, 55.551641], [37.558706, 55.555687], [37.556958, 55.559771], [37.560583, 55.565025], [37.569948, 55.560827], [37.574553, 55.565395], [37.582881, 55.562199], [37.58287, 55.564452], [37.576551, 55.566601], [37.579164, 55.569654], [37.58746, 55.567736], [37.58452, 55.565597], [37.586098, 55.564582], [37.591899, 55.56716], [37.597823, 55.566104], [37.598694, 55.569969], [37.594584, 55.570824], [37.591689, 55.575413], [37.616083, 55.574737], [37.615954, 55.575348], [37.609713, 55.576353], [37.60956, 55.58008], [37.607951, 55.579005], [37.604079, 55.580061], [37.602092, 55.576505], [37.599663, 55.576694], [37.600948, 55.578218], [37.597168, 55.578166], [37.600767, 55.591547], [37.602296, 55.593746], [37.607077, 55.595189], [37.604412, 55.598733], [37.610118, 55.609171], [37.615054, 55.610555], [37.615649, 55.608317], [37.62239, 55.605891], [37.620766, 55.602494], [37.615344, 55.601344], [37.618722, 55.599987], [37.617992, 55.597281], [37.621792, 55.597583], [37.62285, 55.59961], [37.626253, 55.59745], [37.623264, 55.596157], [37.625213, 55.596105], [37.626334, 55.596813], [37.626745, 55.598106], [37.624813, 55.599613], [37.628846, 55.599236], [37.633549, 55.603254], [37.630626, 55.604037], [37.626354, 55.600341], [37.623663, 55.601984], [37.625354, 55.604647], [37.63127, 55.605628], [37.634584, 55.604524], [37.642067, 55.613201], [37.650334, 55.612763], [37.66352, 55.616325], [37.658417, 55.618458], [37.652461, 55.617084], [37.650334, 55.614714], [37.643829, 55.615178], [37.649474, 55.623311], [37.657598, 55.620935], [37.66118, 55.622743], [37.658035, 55.625083], [37.649282, 55.624992], [37.648888, 55.626865], [37.654933, 55.62693], [37.656764, 55.625684], [37.661829, 55.627576], [37.660976, 55.626015], [37.667975, 55.624463], [37.659452, 55.635875], [37.673423, 55.634739], [37.679123, 55.636027], [37.683579, 55.634012], [37.678034, 55.634668], [37.678134, 55.633129], [37.684085, 55.63041], [37.688854, 55.634512], [37.690363, 55.64243], [37.693059, 55.64377], [37.699636, 55.642851], [37.699608, 55.64423], [37.693896, 55.645648], [37.704753, 55.651831], [37.714061, 55.660414], [37.705351, 55.656674], [37.703641, 55.6531], [37.691556, 55.646952], [37.68683, 55.641245], [37.675674, 55.645061], [37.669694, 55.643393], [37.668415, 55.64714], [37.663103, 55.646148], [37.6636, 55.64873], [37.659386, 55.648578], [37.661289, 55.651296], [37.655712, 55.653975], [37.654715, 55.657816], [37.657267, 55.662395], [37.663557, 55.666303], [37.664908, 55.674645], [37.671664, 55.676947], [37.66396, 55.67835], [37.66709, 55.683436], [37.665957, 55.686356], [37.671534, 55.687679], [37.668269, 55.690459], [37.669493, 55.701852], [37.671425, 55.702668], [37.676547, 55.700546], [37.679646, 55.703134], [37.675484, 55.703999], [37.681748, 55.704991], [37.682785, 55.706432], [37.67647, 55.708142], [37.677769, 55.712198], [37.686425, 55.706027], [37.684464, 55.710909], [37.693321, 55.714497], [37.690785, 55.715119], [37.682622, 55.712703], [37.682348, 55.714368], [37.695186, 55.717195], [37.715214, 55.724639], [37.712147, 55.724345], [37.702129, 55.734455], [37.700226, 55.734277], [37.700763, 55.732176], [37.705043, 55.730713], [37.704221, 55.72958], [37.710678, 55.725219], [37.703554, 55.721919], [37.689532, 55.725212], [37.681748, 55.729055], [37.682371, 55.731839], [37.687566, 55.734283], [37.684645, 55.736206], [37.688854, 55.73785], [37.683533, 55.739304], [37.683599, 55.741511], [37.693367, 55.740087], [37.690958, 55.743501], [37.684631, 55.74675], [37.691832, 55.746365], [37.694149, 55.747579], [37.699838, 55.746424], [37.700596, 55.748126], [37.706676, 55.748255], [37.70914, 55.749899], [37.698395, 55.749375], [37.693028, 55.75569], [37.689923, 55.755981], [37.694801, 55.752445], [37.693738, 55.750158], [37.683058, 55.748035], [37.669683, 55.749799], [37.673, 55.752613], [37.670991, 55.758337], [37.683375, 55.759453], [37.687862, 55.766627], [37.69441, 55.76904], [37.694108, 55.770977], [37.689377, 55.770456], [37.686154, 55.773807], [37.681483, 55.776649], [37.681472, 55.775682], [37.685648, 55.773309], [37.687758, 55.768807], [37.686074, 55.767073], [37.678905, 55.766572], [37.678396, 55.768137], [37.669832, 55.769172], [37.670767, 55.770514], [37.664371, 55.771653], [37.663333, 55.773228], [37.655043, 55.774026], [37.656514, 55.776497], [37.651521, 55.775669], [37.649564, 55.778434], [37.642035, 55.781706], [37.633196, 55.777593], [37.634906, 55.784108], [37.638189, 55.785828], [37.63434, 55.789057], [37.632003, 55.78597], [37.623882, 55.78725], [37.623545, 55.792221], [37.621999, 55.789105], [37.617931, 55.789222], [37.621013, 55.787273], [37.619012, 55.784098], [37.621907, 55.781541], [37.618314, 55.780671], [37.6185, 55.78297], [37.615307, 55.784318], [37.616727, 55.788443], [37.613303, 55.788776], [37.608773, 55.78662], [37.605585, 55.789655], [37.603317, 55.787761], [37.59931, 55.79057], [37.599399, 55.791969], [37.613111, 55.793113], [37.609052, 55.794959], [37.601882, 55.79365], [37.60244, 55.796394], [37.598686, 55.797906], [37.597662, 55.793269], [37.586957, 55.794959], [37.587667, 55.800201], [37.585966, 55.801138], [37.584868, 55.800223], [37.584494, 55.806253], [37.581772, 55.807158], [37.579138, 55.801332], [37.566053, 55.803329], [37.565398, 55.805003], [37.560488, 55.804285], [37.562322, 55.802178], [37.560704, 55.800737], [37.55807, 55.800905], [37.560008, 55.80308], [37.551568, 55.803242], [37.553485, 55.801555], [37.550142, 55.800857], [37.550625, 55.794975], [37.547, 55.794206], [37.53831, 55.797034], [37.540257, 55.794468], [37.537491, 55.793944], [37.537428, 55.791934], [37.543766, 55.793152], [37.540052, 55.789794], [37.5319, 55.792768], [37.52156, 55.793017], [37.527508, 55.790298], [37.537934, 55.788834], [37.533832, 55.78598], [37.533309, 55.782721], [37.528045, 55.781751], [37.532141, 55.780978], [37.53019, 55.780005], [37.535436, 55.775469], [37.531805, 55.774997], [37.52737, 55.778566], [37.519427, 55.778498], [37.512071, 55.775695], [37.514756, 55.774185], [37.51724, 55.775158], [37.517142, 55.773677], [37.512094, 55.773535], [37.507926, 55.770447], [37.500406, 55.772895], [37.507451, 55.776975], [37.503174, 55.778524], [37.500949, 55.776684], [37.490713, 55.77672], [37.488591, 55.782317], [37.483529, 55.783264], [37.485742, 55.78555], [37.492978, 55.787534], [37.501208, 55.785883], [37.499549, 55.787273], [37.502381, 55.789487], [37.493886, 55.793126], [37.498618, 55.795411], [37.503309, 55.79396], [37.500734, 55.797005], [37.510427, 55.802702], [37.510941, 55.806479], [37.501248, 55.803952], [37.49904, 55.801384], [37.501372, 55.799008], [37.495209, 55.796504], [37.492805, 55.797939], [37.483834, 55.7982], [37.48526, 55.796384], [37.477952, 55.7895], [37.467239, 55.790718], [37.468866, 55.788359], [37.478343, 55.787383], [37.476687, 55.785139], [37.465281, 55.786519], [37.462271, 55.785401], [37.462955, 55.782398], [37.465301, 55.784311], [37.469098, 55.783733], [37.466744, 55.778172], [37.446987, 55.781114], [37.445854, 55.77822], [37.436486, 55.774305], [37.426235, 55.773558], [37.419687, 55.774825], [37.409042, 55.77304], [37.398579, 55.77824], [37.397351, 55.780833], [37.40544, 55.789351], [37.409358, 55.790347], [37.412799, 55.793795], [37.411833, 55.797677], [37.407628, 55.800243], [37.415473, 55.805358], [37.410893, 55.807364], [37.416243, 55.810608], [37.414297, 55.811409], [37.407404, 55.809045], [37.406122, 55.809936], [37.411543, 55.812986], [37.410592, 55.814417], [37.4035, 55.819156], [37.395897, 55.821597], [37.397075, 55.828253], [37.395166, 55.829968], [37.397785, 55.832364], [37.40122, 55.832319], [37.401341, 55.833807], [37.397118, 55.837736], [37.396793, 55.842188], [37.39239, 55.845529], [37.393973, 55.851958], [37.388848, 55.849993], [37.394247, 55.832958], [37.387437, 55.832115], [37.391878, 55.831363], [37.393036, 55.829374], [37.381776, 55.830268], [37.378485, 55.828047], [37.378589, 55.825486], [37.382728, 55.822854], [37.380995, 55.819643], [37.383849, 55.816455], [37.380322, 55.811849], [37.376734, 55.812369], [37.372612, 55.810637], [37.368783, 55.798928], [37.358377, 55.795033], [37.354732, 55.79767], [37.358952, 55.800902], [37.358725, 55.804334], [37.354672, 55.804282], [37.351464, 55.80077], [37.346744, 55.802124], [37.344579, 55.805193], [37.34246, 55.800133], [37.335728, 55.799642], [37.351182, 55.793004], [37.355048, 55.793113], [37.351763, 55.790366], [37.352711, 55.786691], [37.344889, 55.782162], [37.348828, 55.780949], [37.352691, 55.782181], [37.353884, 55.779611], [37.34382, 55.774825], [37.343688, 55.770291], [37.346517, 55.768128], [37.35209, 55.768878], [37.354499, 55.77033], [37.353194, 55.772131], [37.346767, 55.77227], [37.352622, 55.775097], [37.364161, 55.77119], [37.35857, 55.76945], [37.360266, 55.768034], [37.364167, 55.768603], [37.36302, 55.765967], [37.34269, 55.761232], [37.328475, 55.75107], [37.327711, 55.752219], [37.32024, 55.752442], [37.321349, 55.75624], [37.324434, 55.757583], [37.322367, 55.75866], [37.316698, 55.758369], [37.31706, 55.754289], [37.309969, 55.753594], [37.306002, 55.758657], [37.311768, 55.761788], [37.307488, 55.764195], [37.301782, 55.762251], [37.29803, 55.75854], [37.300511, 55.754781], [37.305582, 55.753697], [37.303501, 55.75285], [37.305545, 55.747838], [37.294348, 55.752791], [37.284787, 55.752617], [37.281079, 55.750947], [37.288424, 55.748634], [37.289821, 55.746003], [37.284845, 55.745081], [37.285141, 55.747194], [37.282536, 55.748129], [37.272113, 55.740398], [37.259229, 55.738961], [37.260212, 55.737358], [37.266668, 55.737676], [37.270144, 55.7352], [37.268411, 55.725704], [37.275988, 55.72564], [37.261046, 55.718532], [37.262592, 55.716596], [37.266467, 55.716201], [37.268827, 55.711576], [37.264326, 55.702992], [37.265317, 55.694072], [37.245448, 55.691428], [37.227163, 55.7018], [37.228916, 55.703782], [37.224139, 55.708541], [37.199429, 55.714054], [37.19612, 55.717506], [37.198882, 55.719614], [37.197112, 55.720184], [37.193843, 55.718043], [37.192518, 55.721469], [37.191267, 55.718746], [37.194524, 55.714853], [37.192328, 55.712321], [37.204312, 55.710773], [37.200314, 55.706759], [37.202887, 55.704343], [37.209219, 55.705528], [37.206098, 55.706847], [37.20771, 55.709315], [37.217527, 55.707083], [37.22127, 55.701097], [37.224176, 55.700377], [37.221641, 55.696642], [37.217682, 55.69648], [37.214914, 55.701417], [37.209763, 55.70399], [37.207276, 55.701955], [37.212956, 55.698006], [37.2088, 55.696444], [37.204255, 55.697189], [37.203743, 55.695751], [37.212744, 55.694127], [37.205733, 55.69007], [37.198267, 55.689075], [37.198287, 55.687494], [37.205339, 55.687902], [37.211154, 55.685446], [37.210869, 55.689114], [37.227237, 55.696234], [37.227605, 55.692844], [37.223282, 55.689902], [37.225881, 55.685549], [37.228916, 55.685753], [37.22676, 55.688612], [37.228451, 55.69053], [37.235338, 55.691055], [37.244629, 55.688301], [37.239351, 55.68668], [37.231886, 55.681096], [37.216153, 55.680979], [37.193889, 55.677809], [37.190236, 55.680503], [37.193426, 55.684794], [37.188287, 55.686606], [37.188482, 55.682963], [37.180683, 55.682473], [37.187505, 55.680717], [37.187151, 55.67849], [37.183601, 55.678778], [37.179278, 55.676464], [37.170984, 55.67517], [37.168015, 55.678593], [37.171326, 55.679848], [37.167949, 55.680506], [37.159621, 55.686985], [37.1594, 55.689215], [37.156683, 55.688346], [37.159773, 55.686658], [37.162021, 55.681012], [37.148329, 55.681585], [37.143356, 55.683964], [37.138458, 55.683332], [37.142189, 55.680814], [37.144411, 55.681433], [37.154855, 55.677702], [37.159055, 55.678892], [37.165304, 55.677362], [37.166095, 55.673215], [37.17022, 55.671205], [37.168274, 55.66819], [37.171332, 55.666893], [37.167239, 55.664127], [37.170953, 55.662139], [37.176613, 55.664376], [37.17527, 55.658322], [37.181011, 55.659583], [37.182764, 55.658474], [37.169268, 55.656473], [37.170596, 55.655059], [37.174028, 55.655211], [37.175242, 55.652474], [37.176639, 55.65525], [37.181198, 55.654303], [37.183704, 55.656781], [37.1882, 55.655004], [37.190785, 55.655707], [37.19399, 55.659356], [37.19702, 55.659103], [37.198652, 55.6556], [37.206494, 55.6556], [37.208127, 55.656515], [37.206348, 55.657939], [37.210039, 55.658545], [37.211367, 55.657183], [37.210254, 55.653878], [37.193918, 55.654926], [37.183319, 55.652772], [37.176429, 55.648234], [37.173847, 55.63998], [37.177081, 55.637692], [37.177757, 55.630559], [37.174638, 55.624593], [37.161199, 55.625681], [37.156074, 55.623967], [37.150871, 55.627515], [37.150255, 55.624058], [37.133111, 55.622386], [37.132732, 55.620974], [37.129662, 55.621736], [37.128365, 55.620191], [37.123823, 55.621045], [37.122156, 55.619191], [37.134158, 55.619308], [37.142192, 55.622399], [37.14657, 55.620824], [37.144035, 55.619464], [37.145501, 55.618623], [37.148427, 55.620227], [37.146688, 55.622165], [37.150172, 55.622892], [37.15313, 55.620172], [37.149997, 55.618058], [37.156005, 55.616698], [37.158695, 55.617549], [37.155657, 55.622113], [37.157218, 55.623025], [37.164054, 55.621905], [37.174675, 55.622616], [37.182923, 55.627372], [37.179896, 55.640295], [37.185222, 55.646842], [37.184673, 55.649437], [37.191667, 55.65141], [37.201952, 55.651484], [37.204002, 55.645865], [37.208486, 55.645093], [37.213738, 55.646015], [37.214325, 55.651328], [37.217018, 55.652824], [37.22413, 55.650839], [37.223587, 55.64922], [37.226441, 55.648584], [37.232288, 55.650644], [37.220361, 55.654154], [37.225082, 55.659849], [37.234634, 55.659739], [37.23443, 55.658396], [37.228445, 55.658938], [37.225674, 55.657754], [37.232544, 55.656528], [37.231397, 55.652425], [37.234464, 55.653116], [37.236117, 55.656635], [37.241093, 55.655652], [37.246834, 55.657478], [37.25515, 55.655364], [37.260347, 55.651179], [37.263035, 55.651474], [37.257493, 55.656687], [37.249987, 55.658918], [37.24999, 55.660605], [37.253805, 55.661782], [37.24786, 55.662285], [37.246621, 55.66365], [37.27215, 55.671601], [37.273568, 55.669328], [37.266071, 55.667285], [37.2747, 55.667039], [37.28222, 55.660258], [37.287072, 55.658883], [37.28857, 55.661348], [37.283312, 55.664963], [37.287369, 55.664149], [37.291577, 55.666893], [37.288237, 55.669308], [37.285655, 55.668044], [37.28431, 55.67008], [37.287837, 55.671228], [37.284296, 55.672732], [37.295409, 55.677764], [37.290065, 55.679825], [37.292431, 55.680853], [37.296343, 55.679414], [37.297197, 55.683255], [37.304582, 55.684888], [37.304329, 55.687209], [37.306689, 55.685484], [37.31113, 55.685961], [37.314442, 55.684353], [37.31846, 55.686129], [37.322629, 55.684781], [37.326081, 55.690278], [37.332212, 55.690903], [37.307313, 55.668131], [37.306272, 55.666932], [37.308853, 55.666007], [37.315934, 55.671701], [37.325311, 55.67222], [37.32966, 55.667762], [37.331321, 55.669159], [37.329381, 55.672239], [37.339103, 55.673805], [37.332207, 55.678075], [37.324008, 55.678717], [37.332805, 55.685757], [37.334345, 55.684402], [37.33135, 55.680512], [37.338269, 55.677601], [37.345729, 55.675115], [37.354522, 55.678794], [37.354936, 55.680558], [37.358739, 55.674882], [37.36492, 55.675524], [37.365276, 55.677948], [37.372512, 55.671507], [37.377695, 55.672499], [37.377528, 55.67445], [37.373273, 55.675326], [37.375429, 55.679446], [37.372578, 55.681044], [37.370189, 55.679809], [37.366377, 55.681157], [37.368726, 55.683131], [37.37419, 55.681968], [37.372144, 55.685066], [37.380224, 55.690258], [37.380285, 55.688959], [37.37925, 55.688064], [37.38142, 55.68764], [37.382765, 55.680649], [37.386028, 55.678542], [37.384852, 55.676603], [37.381535, 55.676198], [37.383935, 55.673526], [37.387402, 55.674716], [37.390291, 55.673536], [37.392872, 55.675348], [37.396609, 55.670949], [37.400602, 55.671614], [37.398602, 55.68118], [37.400921, 55.682477], [37.402945, 55.6812], [37.406668, 55.683125], [37.408999, 55.682467], [37.412454, 55.680512], [37.409183, 55.679744], [37.406903, 55.675452], [37.418189, 55.66688], [37.398579, 55.662972], [37.392832, 55.662988], [37.388673, 55.666157], [37.377065, 55.664785], [37.375659, 55.661036], [37.369028, 55.66089], [37.365555, 55.658954], [37.365483, 55.656288], [37.370284, 55.655318], [37.372138, 55.657835], [37.378833, 55.657952], [37.382524, 55.663027], [37.385999, 55.662372], [37.389035, 55.659191], [37.405547, 55.660394], [37.396262, 55.657767], [37.387865, 55.65897], [37.381877, 55.656878], [37.382656, 55.654611], [37.380149, 55.653203], [37.380601, 55.65608], [37.374578, 55.656084], [37.37459, 55.653239], [37.370459, 55.653593], [37.37231, 55.651971], [37.367533, 55.648655], [37.36467, 55.651316], [37.366981, 55.652957], [37.365555, 55.654728], [37.34689, 55.655996], [37.344108, 55.653979], [37.350742, 55.654154], [37.350564, 55.651374], [37.343087, 55.651513], [37.339103, 55.647656], [37.34338, 55.640476], [37.351898, 55.638357], [37.347761, 55.636563], [37.347005, 55.633727], [37.340911, 55.633224], [37.340868, 55.631711], [37.347353, 55.631685], [37.354022, 55.636498], [37.35905, 55.633811], [37.360076, 55.630562], [37.34975, 55.632811], [37.34867, 55.631247], [37.359814, 55.628771], [37.370338, 55.621409], [37.37129, 55.61611], [37.363833, 55.613824], [37.360901, 55.61096], [37.353594, 55.609925], [37.353703, 55.606492], [37.357178, 55.604222], [37.360924, 55.604745], [37.360415, 55.602491], [37.363457, 55.602458], [37.364604, 55.605251], [37.367955, 55.606534], [37.365026, 55.609291], [37.375602, 55.611951], [37.403382, 55.601351], [37.400599, 55.600516], [37.392277, 55.604901], [37.387227, 55.604852], [37.376766, 55.600919], [37.373618, 55.603433], [37.37077, 55.602871], [37.371896, 55.599233], [37.375728, 55.597823], [37.38608, 55.601601], [37.390573, 55.601663], [37.399179, 55.597755], [37.39911, 55.590342], [37.396612, 55.588181], [37.381656, 55.579125], [37.373041, 55.577165], [37.377746, 55.575108], [37.387017, 55.580158], [37.388618, 55.578966], [37.385407, 55.576327], [37.387414, 55.574546], [37.391444, 55.580743], [37.406947, 55.588191], [37.413587, 55.59452], [37.425925, 55.585601], [37.435578, 55.583749], [37.419624, 55.577142], [37.417309, 55.579395], [37.414438, 55.578829], [37.41269, 55.572592], [37.410977, 55.571949], [37.406671, 55.57426], [37.405219, 55.573037], [37.409712, 55.569179], [37.394063, 55.570635], [37.392769, 55.573662], [37.388848, 55.572446], [37.382096, 55.573187], [37.380155, 55.574919], [37.377634, 55.574312], [37.386235, 55.570941], [37.386824, 55.565447], [37.390558, 55.570645], [37.402364, 55.564979], [37.392596, 55.563802], [37.390015, 55.560063], [37.386839, 55.559231], [37.385465, 55.549966], [37.381969, 55.549], [37.384651, 55.54606], [37.382234, 55.545572], [37.383441, 55.543487], [37.38113, 55.542693], [37.385097, 55.543328], [37.387595, 55.546792], [37.390096, 55.558385], [37.392924, 55.561172], [37.397903, 55.561851], [37.399478, 55.559595], [37.408174, 55.558005], [37.412523, 55.554272], [37.416165, 55.553742], [37.421222, 55.557319], [37.429788, 55.553891], [37.424042, 55.550594], [37.420173, 55.550783], [37.406397, 55.545585], [37.391165, 55.536643], [37.388618, 55.534395], [37.388489, 55.527877], [37.378336, 55.519845], [37.379178, 55.518485], [37.382507, 55.519624], [37.386451, 55.51799]]]]}}, {"type": "Feature", "properties": {"school_id": "школа-1514", "name": "Школа №1514", "min": 20, "mode": "driving", "method": "isochrone driving reverse:true", "status": "approx: гипотеза A (start_time = выезд), +8–14% (Гейт 2)", "start_time": "2026-10-14T05:10:00Z", "request_hash": "f0031a604819fb6ae458b9803386417b9f9d0c50", "was_invalid": false}, "geometry": {"type": "MultiPolygon", "coordinates": [[[[37.54053, 55.612915], [37.544669, 55.617795], [37.548964, 55.615477], [37.553089, 55.615607], [37.544833, 55.620178], [37.546356, 55.622434], [37.543111, 55.626021], [37.543013, 55.629861], [37.549257, 55.638672], [37.558847, 55.641372], [37.566516, 55.646874], [37.586167, 55.642751], [37.588274, 55.638792], [37.590749, 55.64121], [37.597524, 55.640716], [37.597864, 55.642468], [37.595288, 55.644019], [37.590393, 55.644045], [37.590548, 55.645934], [37.596446, 55.6502], [37.595529, 55.645447], [37.599163, 55.645324], [37.600914, 55.652363], [37.603553, 55.652727], [37.606148, 55.650368], [37.610644, 55.652662], [37.605358, 55.657222], [37.601894, 55.657657], [37.603351, 55.660238], [37.597545, 55.65825], [37.597806, 55.661253], [37.592934, 55.660037], [37.581329, 55.664302], [37.586109, 55.66829], [37.596426, 55.665378], [37.599002, 55.665998], [37.593655, 55.669461], [37.595202, 55.671231], [37.599844, 55.669921], [37.602406, 55.671267], [37.598229, 55.673439], [37.60077, 55.67741], [37.599379, 55.679151], [37.606157, 55.681491], [37.603889, 55.682768], [37.598715, 55.681352], [37.604938, 55.684801], [37.601793, 55.687192], [37.598694, 55.685481], [37.595679, 55.686343], [37.597743, 55.689749], [37.581501, 55.695161], [37.578955, 55.694814], [37.581323, 55.701359], [37.58721, 55.704806], [37.590686, 55.702859], [37.59177, 55.705538], [37.594078, 55.704278], [37.596004, 55.705564], [37.591439, 55.706869], [37.592724, 55.708975], [37.587208, 55.707077], [37.584548, 55.708415], [37.593417, 55.714912], [37.592321, 55.716968], [37.586029, 55.712052], [37.582321, 55.712107], [37.575723, 55.715378], [37.579095, 55.709406], [37.557038, 55.706581], [37.557404, 55.704871], [37.563788, 55.705486], [37.566499, 55.703627], [37.568799, 55.705998], [37.571547, 55.704265], [37.567629, 55.702234], [37.563742, 55.702726], [37.558361, 55.699033], [37.553583, 55.699486], [37.554121, 55.696652], [37.546684, 55.698508], [37.545799, 55.701372], [37.534732, 55.695064], [37.529304, 55.698022], [37.533257, 55.701035], [37.527404, 55.699062], [37.521649, 55.702778], [37.522543, 55.699143], [37.532162, 55.69277], [37.527404, 55.694983], [37.518188, 55.693291], [37.516182, 55.69556], [37.513278, 55.694665], [37.515331, 55.697361], [37.513589, 55.701058], [37.508952, 55.695871], [37.503551, 55.698806], [37.500233, 55.698657], [37.505948, 55.693703], [37.502116, 55.691587], [37.498931, 55.694273], [37.496629, 55.694157], [37.496082, 55.688145], [37.504413, 55.690443], [37.509303, 55.686846], [37.509751, 55.693061], [37.512663, 55.691509], [37.511042, 55.690715], [37.519519, 55.686949], [37.519418, 55.684998], [37.507825, 55.679141], [37.495013, 55.681734], [37.489183, 55.686142], [37.48973, 55.688495], [37.486783, 55.689581], [37.492015, 55.692669], [37.492552, 55.695197], [37.481005, 55.688677], [37.476394, 55.687974], [37.475308, 55.690913], [37.471815, 55.691039], [37.470559, 55.688965], [37.473839, 55.68575], [37.462467, 55.677585], [37.462245, 55.67531], [37.465551, 55.675472], [37.46708, 55.673374], [37.462909, 55.671166], [37.459497, 55.672307], [37.458123, 55.671043], [37.461967, 55.668572], [37.467218, 55.6695], [37.46144, 55.665644], [37.463073, 55.664036], [37.471473, 55.663601], [37.469633, 55.655727], [37.472493, 55.655078], [37.473083, 55.657981], [37.475661, 55.658785], [37.479516, 55.655863], [37.477464, 55.653054], [37.478375, 55.648133], [37.467351, 55.643701], [37.468345, 55.642063], [37.472217, 55.642465], [37.48033, 55.647601], [37.488258, 55.645745], [37.488226, 55.643588], [37.479574, 55.64095], [37.485906, 55.640028], [37.492869, 55.643065], [37.498359, 55.6395], [37.499949, 55.640346], [37.507578, 55.636245], [37.51726, 55.633915], [37.518481, 55.632542], [37.513066, 55.628933], [37.516495, 55.627011], [37.519646, 55.627713], [37.521393, 55.632656], [37.527712, 55.632555], [37.523618, 55.635323], [37.527295, 55.640995], [37.534634, 55.638938], [37.534973, 55.634918], [37.538951, 55.637926], [37.541312, 55.637153], [37.542361, 55.635745], [37.533823, 55.63226], [37.540265, 55.626661], [37.534579, 55.622964], [37.540532, 55.622068], [37.538368, 55.614656], [37.54053, 55.612915]]]]}}, {"type": "Feature", "properties": {"school_id": "школа-1514", "name": "Школа №1514", "min": 40, "mode": "driving", "method": "isochrone driving reverse:true", "status": "approx: гипотеза A (start_time = выезд), +8–14% (Гейт 2)", "start_time": "2026-10-14T04:50:00Z", "request_hash": "1d2f6829e198aa37db59cac5365bb406f0eaabd7", "was_invalid": false}, "geometry": {"type": "MultiPolygon", "coordinates": [[[[37.431358, 55.524476], [37.427839, 55.533012], [37.417677, 55.543529], [37.421337, 55.545592], [37.438286, 55.548031], [37.442606, 55.543299], [37.439999, 55.541304], [37.435121, 55.542976], [37.431496, 55.54082], [37.431496, 55.537684], [37.443724, 55.539701], [37.44697, 55.531486], [37.456375, 55.534225], [37.452552, 55.535563], [37.4538, 55.536568], [37.459538, 55.535384], [37.46575, 55.537014], [37.465209, 55.538543], [37.456444, 55.539577], [37.45601, 55.541789], [37.448082, 55.539844], [37.448536, 55.546675], [37.439777, 55.551992], [37.449298, 55.56309], [37.456387, 55.559719], [37.453383, 55.556464], [37.454803, 55.555127], [37.461288, 55.55809], [37.46059, 55.555101], [37.465249, 55.554974], [37.470159, 55.556981], [37.469903, 55.558509], [37.486674, 55.549153], [37.488281, 55.550971], [37.495105, 55.55102], [37.497589, 55.552747], [37.51208, 55.551813], [37.525699, 55.554854], [37.540343, 55.552383], [37.539176, 55.554041], [37.526809, 55.556805], [37.516222, 55.553797], [37.511881, 55.554841], [37.508984, 55.553651], [37.507802, 55.554792], [37.498376, 55.555026], [37.497738, 55.55795], [37.493955, 55.559358], [37.492173, 55.558431], [37.495467, 55.556347], [37.491365, 55.557179], [37.490123, 55.561643], [37.494826, 55.564088], [37.486864, 55.566406], [37.495893, 55.570996], [37.501533, 55.569845], [37.508771, 55.57165], [37.50792, 55.572836], [37.502964, 55.571936], [37.501015, 55.575573], [37.497822, 55.572251], [37.489272, 55.573954], [37.48576, 55.578816], [37.488781, 55.581786], [37.48486, 55.582849], [37.482457, 55.581731], [37.485734, 55.584646], [37.483601, 55.592856], [37.490546, 55.599412], [37.496718, 55.597554], [37.503384, 55.598759], [37.506408, 55.595322], [37.524035, 55.590345], [37.521914, 55.586599], [37.524745, 55.582778], [37.528203, 55.584233], [37.528629, 55.588422], [37.543502, 55.586186], [37.54579, 55.587106], [37.54652, 55.585504], [37.553851, 55.583622], [37.556205, 55.584461], [37.56835, 55.579648], [37.562578, 55.574637], [37.564564, 55.572881], [37.569218, 55.574149], [37.569733, 55.57736], [37.573409, 55.578163], [37.577966, 55.577009], [37.580237, 55.578228], [37.589614, 55.576665], [37.592718, 55.573294], [37.594765, 55.573811], [37.598712, 55.570973], [37.599275, 55.575667], [37.607341, 55.575131], [37.598424, 55.578761], [37.599841, 55.579456], [37.606818, 55.577045], [37.610572, 55.577948], [37.599246, 55.581842], [37.600419, 55.582794], [37.606847, 55.580929], [37.610889, 55.581621], [37.600503, 55.586365], [37.613663, 55.583197], [37.614033, 55.576223], [37.609638, 55.565909], [37.611035, 55.561256], [37.608488, 55.559406], [37.610529, 55.557998], [37.613047, 55.560076], [37.61458, 55.574832], [37.620553, 55.576223], [37.623991, 55.573831], [37.626799, 55.574923], [37.62657, 55.576788], [37.6156, 55.577984], [37.619211, 55.589763], [37.62974, 55.588129], [37.634294, 55.58926], [37.634026, 55.586833], [37.63695, 55.586167], [37.639712, 55.600799], [37.649584, 55.600805], [37.652478, 55.597274], [37.655738, 55.596521], [37.655922, 55.599535], [37.660746, 55.600977], [37.660315, 55.596849], [37.662758, 55.595676], [37.665069, 55.600867], [37.669243, 55.601585], [37.669525, 55.596865], [37.672756, 55.596849], [37.672839, 55.602302], [37.66945, 55.608155], [37.673437, 55.608694], [37.678074, 55.606313], [37.679482, 55.607557], [37.672894, 55.611412], [37.676269, 55.615954], [37.673181, 55.620776], [37.678525, 55.624697], [37.676596, 55.626164], [37.669976, 55.622308], [37.659541, 55.635813], [37.670887, 55.635093], [37.666064, 55.632448], [37.667665, 55.630997], [37.67348, 55.63075], [37.670747, 55.632529], [37.673049, 55.63359], [37.683783, 55.63027], [37.688641, 55.631692], [37.690067, 55.634781], [37.688201, 55.636397], [37.690599, 55.63668], [37.694568, 55.633772], [37.692732, 55.632351], [37.699872, 55.634116], [37.705357, 55.629115], [37.70937, 55.628998], [37.702954, 55.634457], [37.709361, 55.634963], [37.709361, 55.63654], [37.701916, 55.6369], [37.701031, 55.639211], [37.696391, 55.637316], [37.691524, 55.639464], [37.691234, 55.642235], [37.692999, 55.643633], [37.705179, 55.641375], [37.715105, 55.64145], [37.715105, 55.643033], [37.711112, 55.644023], [37.711238, 55.64692], [37.70678, 55.645924], [37.705164, 55.646845], [37.710525, 55.648448], [37.71052, 55.652863], [37.705296, 55.651935], [37.71509, 55.657666], [37.714458, 55.66101], [37.718543, 55.661545], [37.72443, 55.666928], [37.734638, 55.685844], [37.732016, 55.684373], [37.728799, 55.677796], [37.724706, 55.675913], [37.718244, 55.664616], [37.70705, 55.664999], [37.706512, 55.663504], [37.713397, 55.662346], [37.708795, 55.661847], [37.707927, 55.660469], [37.700297, 55.665771], [37.696908, 55.666241], [37.697319, 55.664146], [37.704871, 55.659742], [37.698834, 55.660673], [37.69481, 55.658403], [37.696819, 55.655866], [37.695011, 55.653106], [37.699938, 55.650683], [37.695396, 55.648033], [37.685252, 55.650699], [37.684671, 55.649226], [37.688673, 55.647598], [37.69082, 55.644195], [37.687333, 55.641541], [37.665118, 55.649895], [37.666915, 55.651974], [37.663393, 55.654721], [37.658403, 55.652564], [37.65587, 55.654572], [37.657911, 55.656515], [37.656034, 55.659097], [37.659909, 55.660255], [37.660628, 55.66426], [37.66504, 55.66733], [37.665337, 55.674723], [37.67114, 55.676039], [37.675734, 55.674441], [37.679229, 55.67495], [37.681072, 55.677488], [37.678876, 55.680687], [37.685237, 55.680276], [37.686502, 55.684998], [37.68359, 55.688421], [37.691728, 55.68985], [37.690297, 55.686327], [37.692579, 55.685925], [37.699202, 55.688346], [37.69558, 55.691678], [37.690682, 55.691742], [37.669778, 55.686975], [37.682912, 55.692021], [37.685312, 55.694121], [37.683464, 55.696026], [37.691297, 55.703423], [37.687071, 55.70525], [37.693453, 55.705843], [37.692982, 55.707294], [37.686336, 55.707689], [37.68443, 55.710951], [37.70026, 55.714853], [37.695339, 55.716408], [37.681541, 55.712648], [37.682438, 55.714332], [37.693005, 55.717587], [37.695339, 55.717078], [37.712529, 55.723597], [37.716272, 55.72248], [37.717433, 55.723506], [37.715176, 55.723937], [37.723062, 55.726388], [37.724154, 55.729324], [37.72077, 55.727093], [37.714814, 55.726294], [37.709002, 55.728388], [37.698162, 55.737514], [37.697604, 55.743407], [37.696949, 55.737524], [37.692119, 55.736863], [37.695612, 55.736468], [37.695008, 55.733481], [37.704641, 55.730519], [37.710474, 55.725008], [37.703531, 55.721949], [37.699403, 55.722421], [37.681808, 55.729065], [37.682371, 55.731839], [37.687574, 55.734283], [37.684711, 55.736196], [37.688974, 55.737838], [37.683533, 55.739304], [37.683665, 55.741475], [37.69337, 55.740087], [37.690958, 55.743501], [37.684706, 55.746708], [37.698004, 55.747459], [37.699803, 55.746323], [37.700608, 55.748119], [37.706676, 55.748255], [37.709217, 55.74985], [37.698377, 55.749394], [37.694465, 55.753257], [37.695526, 55.754471], [37.68992, 55.755998], [37.694772, 55.752439], [37.69366, 55.750167], [37.683047, 55.748048], [37.669786, 55.74965], [37.673009, 55.75261], [37.670999, 55.758333], [37.683389, 55.759449], [37.687879, 55.766621], [37.69441, 55.769033], [37.694114, 55.771013], [37.689417, 55.770463], [37.681483, 55.776911], [37.681469, 55.775676], [37.685671, 55.773144], [37.68777, 55.769014], [37.686071, 55.767073], [37.680411, 55.767022], [37.676826, 55.76946], [37.675734, 55.767924], [37.669864, 55.769189], [37.670821, 55.770518], [37.666256, 55.771009], [37.663342, 55.773234], [37.655048, 55.774039], [37.656526, 55.7765], [37.651533, 55.775676], [37.649564, 55.778437], [37.642308, 55.78168], [37.633101, 55.777751], [37.634923, 55.784101], [37.638312, 55.78563], [37.634825, 55.787308], [37.635742, 55.790072], [37.634078, 55.789739], [37.63323, 55.786616], [37.629645, 55.785747], [37.625078, 55.788278], [37.623896, 55.78726], [37.62312, 55.792338], [37.621691, 55.789038], [37.614272, 55.789458], [37.609006, 55.786636], [37.604734, 55.789794], [37.603015, 55.787838], [37.599103, 55.791837], [37.613412, 55.79313], [37.60906, 55.795001], [37.602247, 55.79353], [37.602509, 55.796998], [37.598683, 55.79791], [37.597642, 55.793301], [37.58696, 55.794962], [37.587667, 55.800201], [37.585497, 55.801096], [37.584928, 55.799862], [37.583241, 55.804812], [37.58567, 55.806079], [37.582519, 55.807616], [37.578526, 55.805448], [37.579138, 55.801338], [37.562986, 55.805006], [37.560195, 55.803804], [37.562233, 55.801994], [37.558493, 55.800656], [37.560008, 55.80308], [37.552218, 55.804318], [37.553207, 55.800912], [37.5502, 55.80098], [37.548725, 55.799655], [37.551542, 55.799655], [37.550982, 55.798553], [37.548268, 55.797674], [37.550619, 55.794978], [37.547009, 55.794219], [37.538302, 55.797037], [37.540254, 55.794468], [37.537491, 55.793944], [37.537411, 55.791927], [37.543766, 55.793152], [37.540052, 55.789797], [37.529629, 55.793395], [37.521618, 55.793149], [37.527508, 55.790298], [37.537928, 55.788824], [37.533832, 55.78598], [37.533291, 55.782731], [37.527393, 55.781024], [37.520152, 55.781104], [37.515089, 55.78362], [37.512962, 55.783012], [37.513859, 55.78071], [37.504991, 55.777975], [37.502369, 55.781014], [37.499914, 55.78114], [37.495436, 55.778278], [37.501239, 55.776529], [37.495168, 55.773625], [37.490373, 55.774269], [37.488309, 55.77746], [37.481436, 55.77498], [37.478751, 55.776089], [37.482325, 55.784117], [37.488088, 55.789878], [37.48344, 55.789425], [37.480583, 55.786435], [37.477714, 55.786196], [37.479203, 55.78469], [37.475104, 55.783125], [37.478516, 55.781825], [37.475653, 55.776788], [37.462763, 55.778802], [37.461863, 55.782514], [37.458123, 55.779436], [37.458422, 55.783872], [37.454702, 55.7836], [37.451149, 55.780315], [37.449479, 55.785537], [37.446444, 55.785333], [37.445662, 55.7806], [37.440899, 55.781993], [37.440022, 55.784476], [37.436262, 55.782139], [37.439404, 55.779252], [37.435819, 55.775695], [37.444716, 55.778547], [37.442304, 55.775336], [37.448143, 55.777797], [37.452664, 55.777325], [37.470383, 55.767067], [37.455145, 55.753587], [37.447665, 55.750934], [37.443158, 55.751698], [37.449614, 55.753733], [37.448258, 55.756311], [37.451788, 55.760967], [37.450071, 55.761607], [37.446809, 55.758612], [37.443187, 55.759663], [37.443862, 55.756926], [37.439637, 55.754344], [37.441272, 55.753571], [37.435261, 55.752313], [37.433882, 55.758657], [37.435888, 55.760109], [37.431438, 55.764279], [37.433519, 55.767245], [37.428141, 55.771168], [37.438763, 55.77284], [37.441534, 55.77521], [37.432743, 55.772636], [37.418784, 55.772442], [37.427, 55.768762], [37.425663, 55.76697], [37.430064, 55.755635], [37.426275, 55.749646], [37.416809, 55.754982], [37.424453, 55.757906], [37.415013, 55.76467], [37.414231, 55.767956], [37.417281, 55.77002], [37.414426, 55.770663], [37.411583, 55.765793], [37.406711, 55.765142], [37.407142, 55.770459], [37.404388, 55.771578], [37.402465, 55.763399], [37.397501, 55.759954], [37.392757, 55.76139], [37.391999, 55.764208], [37.383958, 55.768729], [37.376864, 55.769121], [37.370922, 55.771727], [37.372264, 55.774026], [37.388365, 55.776368], [37.384824, 55.777308], [37.373072, 55.776183], [37.373015, 55.787534], [37.37559, 55.788857], [37.387077, 55.785831], [37.389098, 55.786452], [37.392898, 55.783319], [37.393065, 55.784728], [37.38472, 55.790182], [37.379149, 55.789096], [37.374475, 55.792082], [37.369945, 55.789674], [37.366691, 55.792005], [37.360358, 55.793252], [37.35798, 55.791691], [37.359527, 55.792347], [37.369413, 55.787761], [37.367001, 55.785391], [37.368832, 55.774909], [37.366127, 55.774246], [37.360185, 55.777034], [37.363511, 55.783131], [37.361427, 55.784741], [37.364385, 55.786849], [37.354583, 55.787728], [37.346499, 55.782158], [37.349075, 55.781247], [37.352688, 55.782604], [37.356374, 55.780248], [37.348925, 55.777787], [37.343196, 55.772684], [37.347454, 55.768927], [37.346195, 55.772487], [37.350064, 55.775194], [37.359429, 55.773276], [37.364316, 55.771152], [37.359067, 55.769227], [37.364296, 55.768671], [37.363166, 55.765873], [37.344306, 55.761614], [37.328475, 55.750789], [37.322835, 55.751374], [37.307318, 55.747818], [37.31117, 55.747006], [37.32446, 55.749465], [37.329528, 55.748255], [37.346577, 55.757748], [37.36308, 55.76173], [37.366892, 55.7614], [37.364721, 55.750148], [37.370554, 55.736281], [37.373549, 55.734882], [37.370554, 55.733575], [37.370623, 55.731331], [37.36853, 55.730991], [37.367576, 55.732552], [37.366363, 55.730923], [37.353002, 55.730859], [37.342584, 55.726401], [37.328194, 55.724082], [37.305093, 55.705114], [37.309207, 55.704984], [37.308917, 55.70709], [37.315448, 55.711119], [37.318443, 55.709428], [37.320151, 55.715012], [37.330534, 55.722742], [37.345686, 55.724966], [37.350147, 55.728528], [37.356123, 55.729894], [37.374392, 55.729214], [37.378091, 55.726501], [37.376743, 55.724895], [37.371853, 55.725018], [37.368726, 55.728019], [37.365851, 55.723924], [37.35909, 55.722664], [37.365538, 55.722127], [37.367467, 55.71953], [37.369893, 55.723004], [37.377835, 55.722191], [37.384099, 55.713607], [37.368737, 55.711916], [37.35113, 55.703387], [37.34537, 55.698003], [37.347919, 55.697147], [37.35153, 55.699529], [37.35257, 55.697157], [37.352378, 55.702036], [37.35598, 55.702814], [37.359487, 55.701123], [37.359257, 55.703329], [37.367855, 55.703682], [37.367585, 55.708567], [37.371342, 55.707935], [37.372239, 55.705545], [37.377125, 55.70661], [37.377876, 55.703348], [37.38167, 55.70399], [37.378502, 55.701246], [37.386399, 55.698246], [37.386189, 55.696107], [37.381374, 55.696927], [37.377695, 55.695566], [37.380506, 55.693476], [37.374463, 55.68995], [37.36615, 55.691687], [37.359791, 55.684253], [37.356934, 55.683971], [37.357998, 55.681157], [37.362603, 55.677439], [37.365434, 55.679407], [37.368729, 55.678159], [37.366038, 55.681154], [37.367303, 55.68261], [37.37359, 55.682934], [37.37131, 55.685099], [37.38029, 55.690417], [37.386482, 55.678334], [37.383202, 55.675913], [37.384927, 55.67376], [37.39278, 55.675536], [37.397774, 55.671931], [37.400151, 55.679861], [37.398487, 55.681245], [37.400904, 55.682529], [37.403957, 55.681517], [37.406636, 55.683183], [37.411419, 55.681115], [37.409094, 55.676545], [37.406291, 55.675971], [37.418235, 55.666847], [37.398216, 55.662771], [37.391823, 55.663381], [37.38702, 55.665862], [37.379454, 55.664701], [37.375915, 55.660245], [37.3696, 55.659917], [37.367035, 55.657491], [37.369772, 55.656249], [37.372279, 55.658078], [37.378085, 55.65839], [37.382515, 55.663164], [37.389822, 55.659457], [37.405595, 55.660485], [37.395557, 55.657537], [37.387994, 55.65862], [37.382268, 55.656029], [37.380517, 55.653103], [37.375366, 55.652765], [37.369485, 55.649356], [37.381268, 55.650939], [37.385939, 55.64717], [37.389133, 55.647926], [37.387899, 55.651598], [37.39174, 55.652876], [37.389728, 55.648737], [37.390633, 55.648678], [37.395178, 55.652266], [37.404716, 55.648931], [37.405423, 55.647812], [37.398725, 55.649645], [37.398165, 55.648117], [37.403486, 55.645651], [37.403253, 55.642806], [37.407866, 55.645116], [37.411454, 55.644324], [37.410393, 55.642715], [37.406961, 55.641781], [37.406268, 55.643108], [37.405107, 55.641628], [37.412359, 55.638312], [37.412345, 55.635755], [37.415294, 55.634444], [37.401629, 55.631594], [37.409545, 55.628313], [37.414765, 55.63226], [37.418577, 55.63053], [37.417364, 55.627365], [37.398346, 55.622928], [37.397702, 55.620704], [37.393134, 55.619383], [37.385674, 55.619022], [37.382458, 55.616669], [37.371767, 55.614295], [37.373325, 55.612815], [37.377088, 55.614493], [37.379945, 55.610938], [37.392093, 55.608668], [37.412569, 55.59755], [37.421328, 55.589481], [37.428245, 55.585592], [37.435733, 55.583752], [37.42251, 55.578767], [37.410287, 55.568136], [37.399294, 55.569436], [37.399452, 55.568002], [37.401631, 55.568656], [37.406239, 55.566266], [37.400128, 55.562989], [37.4077, 55.564436], [37.407217, 55.563308], [37.417942, 55.559907], [37.415016, 55.55699], [37.41169, 55.55779], [37.413297, 55.555036], [37.422173, 55.557455], [37.429906, 55.553891], [37.399501, 55.541688], [37.389222, 55.534502], [37.387718, 55.530132], [37.390354, 55.526048], [37.390245, 55.527418], [37.393278, 55.527835], [37.391162, 55.529498], [37.392395, 55.533015], [37.399386, 55.538452], [37.412313, 55.541792], [37.423039, 55.533874], [37.42909, 55.52461], [37.431358, 55.524476]]]]}}, {"type": "Feature", "properties": {"school_id": "школа-на-проспекте-вернадского", "name": "Школа на проспекте Вернадского", "min": 20, "mode": "driving", "method": "isochrone driving reverse:true", "status": "approx: гипотеза A (start_time = выезд), +8–14% (Гейт 2)", "start_time": "2026-10-14T05:10:00Z", "request_hash": "0a947e175a2e3d151fe1d2fd0087618499eed513", "was_invalid": false}, "geometry": {"type": "MultiPolygon", "coordinates": [[[[37.48417, 55.619402], [37.481347, 55.620123], [37.48283, 55.620987], [37.475273, 55.627962], [37.480531, 55.63041], [37.483578, 55.634515], [37.488723, 55.635719], [37.481413, 55.634918], [37.474267, 55.637835], [37.486774, 55.639269], [37.493967, 55.641709], [37.503349, 55.639039], [37.507561, 55.635606], [37.518524, 55.633366], [37.515937, 55.628443], [37.519634, 55.629754], [37.521252, 55.632743], [37.525576, 55.632565], [37.523587, 55.636177], [37.527278, 55.641002], [37.534493, 55.639087], [37.534338, 55.636044], [37.538934, 55.637997], [37.541254, 55.63742], [37.539512, 55.632828], [37.542272, 55.632269], [37.547831, 55.639149], [37.551982, 55.64096], [37.546555, 55.646138], [37.551787, 55.65068], [37.559045, 55.649064], [37.566022, 55.649379], [37.564702, 55.65151], [37.554535, 55.652036], [37.56129, 55.656194], [37.55346, 55.65909], [37.559985, 55.659603], [37.561152, 55.661036], [37.551284, 55.664941], [37.563138, 55.677115], [37.560474, 55.677423], [37.553293, 55.672414], [37.548875, 55.674026], [37.552704, 55.678344], [37.550125, 55.678717], [37.544272, 55.674833], [37.540555, 55.676788], [37.533165, 55.677657], [37.541659, 55.673361], [37.538494, 55.669253], [37.535174, 55.669328], [37.526131, 55.674026], [37.540831, 55.682597], [37.544913, 55.680671], [37.543108, 55.679183], [37.544589, 55.677692], [37.550674, 55.681005], [37.551545, 55.68376], [37.555886, 55.681005], [37.557668, 55.68153], [37.555535, 55.684185], [37.557585, 55.687231], [37.555069, 55.687867], [37.551956, 55.686048], [37.546828, 55.688288], [37.556967, 55.693628], [37.562196, 55.692591], [37.558257, 55.694918], [37.567721, 55.700737], [37.560773, 55.699606], [37.560807, 55.703416], [37.551548, 55.700449], [37.550042, 55.702321], [37.572533, 55.718969], [37.56724, 55.718445], [37.565154, 55.71953], [37.564458, 55.714698], [37.544784, 55.702937], [37.53888, 55.70513], [37.538561, 55.708392], [37.531541, 55.711028], [37.534318, 55.714468], [37.539216, 55.712651], [37.536879, 55.718882], [37.526249, 55.712207], [37.51899, 55.717146], [37.506776, 55.712671], [37.500481, 55.72325], [37.492932, 55.728486], [37.491483, 55.724986], [37.497635, 55.721971], [37.493587, 55.719977], [37.493182, 55.712101], [37.486286, 55.706941], [37.480243, 55.709888], [37.478711, 55.708405], [37.480545, 55.70628], [37.472913, 55.707252], [37.475871, 55.704359], [37.46798, 55.702804], [37.461265, 55.704466], [37.460121, 55.70776], [37.469808, 55.707462], [37.473626, 55.709513], [37.472982, 55.710983], [37.469926, 55.71007], [37.459635, 55.711252], [37.457074, 55.710141], [37.459256, 55.712933], [37.4562, 55.712622], [37.454642, 55.714857], [37.45996, 55.716178], [37.45434, 55.717428], [37.45873, 55.719025], [37.452107, 55.719403], [37.449899, 55.722405], [37.453466, 55.724591], [37.449183, 55.725196], [37.447999, 55.729373], [37.445294, 55.728395], [37.446237, 55.724626], [37.443759, 55.723105], [37.438883, 55.722405], [37.43552, 55.723529], [37.42681, 55.72166], [37.42533, 55.724069], [37.422872, 55.724176], [37.422857, 55.719973], [37.419253, 55.719348], [37.4181, 55.720268], [37.409859, 55.719242], [37.408088, 55.723419], [37.40099, 55.725445], [37.397529, 55.723801], [37.398719, 55.718869], [37.391507, 55.720899], [37.395408, 55.715579], [37.388273, 55.71452], [37.385473, 55.715524], [37.380713, 55.727767], [37.374854, 55.735164], [37.375665, 55.7317], [37.373061, 55.731836], [37.373133, 55.729768], [37.378261, 55.726718], [37.376312, 55.722661], [37.383283, 55.714659], [37.36653, 55.711233], [37.365092, 55.709467], [37.369108, 55.708865], [37.374469, 55.711181], [37.380598, 55.709445], [37.382889, 55.711777], [37.384312, 55.710559], [37.380928, 55.708839], [37.389685, 55.707715], [37.379963, 55.70628], [37.387014, 55.705402], [37.389423, 55.703627], [37.39276, 55.704103], [37.395598, 55.701861], [37.387046, 55.695981], [37.378816, 55.695582], [37.380641, 55.693473], [37.378623, 55.69007], [37.385088, 55.691383], [37.385718, 55.693615], [37.39408, 55.697646], [37.398909, 55.694293], [37.398326, 55.692572], [37.401177, 55.692669], [37.399806, 55.698864], [37.407933, 55.69357], [37.412561, 55.684311], [37.395802, 55.688469], [37.391343, 55.686343], [37.397604, 55.683673], [37.385582, 55.679242], [37.390524, 55.677576], [37.396684, 55.678149], [37.400631, 55.682558], [37.403221, 55.681592], [37.406639, 55.683264], [37.409131, 55.682529], [37.411517, 55.681112], [37.408533, 55.6747], [37.418344, 55.666893], [37.39174, 55.661886], [37.38702, 55.665213], [37.379971, 55.664101], [37.391826, 55.659492], [37.405785, 55.660611], [37.399521, 55.657008], [37.404313, 55.657452], [37.405521, 55.655652], [37.408901, 55.658601], [37.41438, 55.654121], [37.416341, 55.654627], [37.41591, 55.657456], [37.422728, 55.654845], [37.421946, 55.65586], [37.425787, 55.656522], [37.421394, 55.659214], [37.424988, 55.659191], [37.427368, 55.658036], [37.429667, 55.660488], [37.433272, 55.659781], [37.4383, 55.654251], [37.443569, 55.652071], [37.445489, 55.64728], [37.456252, 55.640905], [37.455711, 55.637656], [37.4501, 55.634233], [37.457534, 55.635599], [37.461918, 55.639026], [37.462309, 55.635067], [37.474281, 55.625362], [37.473103, 55.624551], [37.481132, 55.619373], [37.48417, 55.619402]]]]}}, {"type": "Feature", "properties": {"school_id": "школа-на-проспекте-вернадского", "name": "Школа на проспекте Вернадского", "min": 40, "mode": "driving", "method": "isochrone driving reverse:true", "status": "approx: гипотеза A (start_time = выезд), +8–14% (Гейт 2)", "start_time": "2026-10-14T04:50:00Z", "request_hash": "a842ed6da212ce23de795998e0a2fac8249081db", "was_invalid": false}, "geometry": {"type": "MultiPolygon", "coordinates": [[[[37.395644, 55.53622], [37.41129, 55.543051], [37.420454, 55.538572], [37.414481, 55.544284], [37.435417, 55.549556], [37.444955, 55.543481], [37.440904, 55.541041], [37.44181, 55.539616], [37.446964, 55.539135], [37.447387, 55.546024], [37.440887, 55.550444], [37.439542, 55.553661], [37.443736, 55.555036], [37.447772, 55.562294], [37.451598, 55.563786], [37.456585, 55.559686], [37.455844, 55.557647], [37.459836, 55.558288], [37.459822, 55.560557], [37.454573, 55.56493], [37.458422, 55.567898], [37.463283, 55.561708], [37.461458, 55.55848], [37.464545, 55.557143], [37.460449, 55.555355], [37.461564, 55.554392], [37.465591, 55.55503], [37.469912, 55.558698], [37.481488, 55.553085], [37.510418, 55.551791], [37.500854, 55.554155], [37.491175, 55.55422], [37.493285, 55.556493], [37.490578, 55.55781], [37.48722, 55.553618], [37.477849, 55.555963], [37.474103, 55.559101], [37.479803, 55.563893], [37.486108, 55.565717], [37.483313, 55.568197], [37.489114, 55.57162], [37.492432, 55.571445], [37.489074, 55.569475], [37.492337, 55.568532], [37.495312, 55.570411], [37.502004, 55.569878], [37.505324, 55.571429], [37.501688, 55.57374], [37.496381, 55.571916], [37.494016, 55.573642], [37.489241, 55.573925], [37.485705, 55.578816], [37.488571, 55.579749], [37.488781, 55.581786], [37.48486, 55.582813], [37.482419, 55.581656], [37.485668, 55.58489], [37.483584, 55.592853], [37.490672, 55.599451], [37.497117, 55.597599], [37.50318, 55.598824], [37.506264, 55.595244], [37.524018, 55.590339], [37.521853, 55.586602], [37.524757, 55.582709], [37.528269, 55.584224], [37.528499, 55.588379], [37.532768, 55.588441], [37.55607, 55.583957], [37.566821, 55.580077], [37.567798, 55.579115], [37.560278, 55.572686], [37.558027, 55.564755], [37.554529, 55.562934], [37.55569, 55.560206], [37.560459, 55.565093], [37.565688, 55.565285], [37.562653, 55.566897], [37.566838, 55.568542], [37.564972, 55.570145], [37.568448, 55.573496], [37.576755, 55.568604], [37.580978, 55.570814], [37.580021, 55.572257], [37.584201, 55.572781], [37.581444, 55.576206], [37.587791, 55.57438], [37.59143, 55.576063], [37.607005, 55.574549], [37.60434, 55.576912], [37.599416, 55.576434], [37.596751, 55.58075], [37.600316, 55.587102], [37.599048, 55.589208], [37.601466, 55.589702], [37.60006, 55.591826], [37.602498, 55.592246], [37.600991, 55.59465], [37.598223, 55.592834], [37.595518, 55.584942], [37.590217, 55.585062], [37.59463, 55.58125], [37.583746, 55.583216], [37.581487, 55.580422], [37.578374, 55.583362], [37.574611, 55.582368], [37.573398, 55.584009], [37.549182, 55.588945], [37.549912, 55.595517], [37.540018, 55.597388], [37.543835, 55.602052], [37.545853, 55.602013], [37.544882, 55.59871], [37.547716, 55.596969], [37.553879, 55.596953], [37.554998, 55.598138], [37.558789, 55.597024], [37.56052, 55.598294], [37.556774, 55.602341], [37.545718, 55.604618], [37.549202, 55.609148], [37.558122, 55.609967], [37.559508, 55.611727], [37.556984, 55.615448], [37.546917, 55.620802], [37.546699, 55.623928], [37.543462, 55.626018], [37.54575, 55.63508], [37.550367, 55.63901], [37.562822, 55.64302], [37.566499, 55.64681], [37.586086, 55.642264], [37.587251, 55.639649], [37.583982, 55.637702], [37.587302, 55.636378], [37.585238, 55.63251], [37.588906, 55.630978], [37.586817, 55.628612], [37.589168, 55.62471], [37.582318, 55.621629], [37.580751, 55.619123], [37.583402, 55.617386], [37.588386, 55.622743], [37.593184, 55.622908], [37.59024, 55.613646], [37.592868, 55.611496], [37.596142, 55.62098], [37.605657, 55.621298], [37.603311, 55.611223], [37.606053, 55.611811], [37.609399, 55.620224], [37.612544, 55.619977], [37.609397, 55.609697], [37.615997, 55.613289], [37.617696, 55.610879], [37.621691, 55.613354], [37.625655, 55.612354], [37.625135, 55.610003], [37.631186, 55.610798], [37.627653, 55.617636], [37.632908, 55.614188], [37.634719, 55.614977], [37.632319, 55.619032], [37.627774, 55.619474], [37.624997, 55.621954], [37.62667, 55.624067], [37.622608, 55.628832], [37.622749, 55.630637], [37.62669, 55.630984], [37.630534, 55.633973], [37.639175, 55.633129], [37.638059, 55.631056], [37.633883, 55.629877], [37.637119, 55.627914], [37.636389, 55.62521], [37.640083, 55.625009], [37.640977, 55.627463], [37.645007, 55.627498], [37.642984, 55.62633], [37.643538, 55.618068], [37.645447, 55.622714], [37.648911, 55.624051], [37.646493, 55.627093], [37.648155, 55.63288], [37.650817, 55.633155], [37.649707, 55.63667], [37.655344, 55.636576], [37.65823, 55.631701], [37.661591, 55.630718], [37.659101, 55.635427], [37.66268, 55.63702], [37.679928, 55.636712], [37.6875, 55.63496], [37.686629, 55.637919], [37.689417, 55.641592], [37.687014, 55.641102], [37.684062, 55.638189], [37.674216, 55.637293], [37.658495, 55.639344], [37.656583, 55.640739], [37.658225, 55.64304], [37.663888, 55.644415], [37.661896, 55.646359], [37.660901, 55.645304], [37.656785, 55.646144], [37.65905, 55.649048], [37.656244, 55.651997], [37.653878, 55.645917], [37.642943, 55.65165], [37.645114, 55.654079], [37.641012, 55.653239], [37.640046, 55.65479], [37.63891, 55.653482], [37.636082, 55.655526], [37.633089, 55.653651], [37.626363, 55.653028], [37.621625, 55.655818], [37.620415, 55.660375], [37.624759, 55.662622], [37.631212, 55.662525], [37.640261, 55.65693], [37.646542, 55.656541], [37.643064, 55.659165], [37.643944, 55.663167], [37.639517, 55.660757], [37.636087, 55.662998], [37.645344, 55.663965], [37.645907, 55.665161], [37.647275, 55.663504], [37.651271, 55.666666], [37.647091, 55.667804], [37.638939, 55.665142], [37.636639, 55.667107], [37.634317, 55.664642], [37.63198, 55.665226], [37.630376, 55.667551], [37.63459, 55.668679], [37.632713, 55.670728], [37.635909, 55.673329], [37.634276, 55.674249], [37.62851, 55.672596], [37.630611, 55.675478], [37.627274, 55.680046], [37.630045, 55.680085], [37.632143, 55.677002], [37.634386, 55.678613], [37.636556, 55.677028], [37.638637, 55.67941], [37.641239, 55.67835], [37.642817, 55.679809], [37.635547, 55.680885], [37.635538, 55.682133], [37.643558, 55.682999], [37.653838, 55.681585], [37.656759, 55.684729], [37.661444, 55.68484], [37.655448, 55.685322], [37.63858, 55.684003], [37.633043, 55.684979], [37.627262, 55.694157], [37.627294, 55.701864], [37.631566, 55.687672], [37.640664, 55.684749], [37.659674, 55.686327], [37.659636, 55.687854], [37.653864, 55.68763], [37.655905, 55.689532], [37.646235, 55.686729], [37.645778, 55.689199], [37.632922, 55.690213], [37.644956, 55.695893], [37.644113, 55.698009], [37.648408, 55.698505], [37.646606, 55.701242], [37.649164, 55.702574], [37.651607, 55.702551], [37.652674, 55.700377], [37.664511, 55.702681], [37.667245, 55.699516], [37.663859, 55.697364], [37.666167, 55.691729], [37.66515, 55.68656], [37.662235, 55.685047], [37.666475, 55.684771], [37.666489, 55.687692], [37.668731, 55.686726], [37.669669, 55.688045], [37.669499, 55.701871], [37.67114, 55.702752], [37.676838, 55.701612], [37.675484, 55.703996], [37.681354, 55.705924], [37.678034, 55.707942], [37.67563, 55.706167], [37.669243, 55.706037], [37.668766, 55.707796], [37.675993, 55.708871], [37.674231, 55.710763], [37.678083, 55.712434], [37.686108, 55.707294], [37.684458, 55.710912], [37.690544, 55.714028], [37.682599, 55.712696], [37.68242, 55.713681], [37.715001, 55.7246], [37.703991, 55.732574], [37.704224, 55.729583], [37.710928, 55.725206], [37.703724, 55.72178], [37.701134, 55.722891], [37.699938, 55.721116], [37.693252, 55.724714], [37.68802, 55.725034], [37.692226, 55.721984], [37.685703, 55.72133], [37.691406, 55.719381], [37.680727, 55.716466], [37.676568, 55.720022], [37.682964, 55.722897], [37.674679, 55.722357], [37.673704, 55.724711], [37.670813, 55.725002], [37.670246, 55.723127], [37.665699, 55.722454], [37.670235, 55.720527], [37.664233, 55.718539], [37.661973, 55.721641], [37.660036, 55.719381], [37.661482, 55.723487], [37.659455, 55.727372], [37.66264, 55.726711], [37.662364, 55.72497], [37.665929, 55.727388], [37.662928, 55.730467], [37.668392, 55.729959], [37.671112, 55.731318], [37.679014, 55.72776], [37.681937, 55.728204], [37.673038, 55.731914], [37.67467, 55.73305], [37.677355, 55.73216], [37.679583, 55.734898], [37.678373, 55.737061], [37.673316, 55.738271], [37.680834, 55.738783], [37.675754, 55.741194], [37.670933, 55.741288], [37.670609, 55.745317], [37.668559, 55.745928], [37.672822, 55.747906], [37.670241, 55.749834], [37.6729, 55.75219], [37.671192, 55.758725], [37.667116, 55.755639], [37.671687, 55.75241], [37.667671, 55.750588], [37.66419, 55.755658], [37.665693, 55.756506], [37.662792, 55.756768], [37.658032, 55.764256], [37.650363, 55.769263], [37.651369, 55.77197], [37.649075, 55.773089], [37.651593, 55.774414], [37.649322, 55.775291], [37.645533, 55.77423], [37.640135, 55.77921], [37.636202, 55.777593], [37.636297, 55.773726], [37.633055, 55.77368], [37.63346, 55.781508], [37.635855, 55.782779], [37.630499, 55.782989], [37.627343, 55.77995], [37.624094, 55.780577], [37.627938, 55.783694], [37.62266, 55.787567], [37.620007, 55.784425], [37.622183, 55.781741], [37.619012, 55.780419], [37.613984, 55.785162], [37.608974, 55.78382], [37.604424, 55.786426], [37.599925, 55.786283], [37.598832, 55.784024], [37.597375, 55.784011], [37.598441, 55.784771], [37.594247, 55.786135], [37.597116, 55.79056], [37.592698, 55.790405], [37.593693, 55.79205], [37.602886, 55.791569], [37.611849, 55.79377], [37.602247, 55.79353], [37.599827, 55.796652], [37.595205, 55.792897], [37.587254, 55.794784], [37.587667, 55.798262], [37.582528, 55.805759], [37.579133, 55.801277], [37.567637, 55.80371], [37.561922, 55.803232], [37.56035, 55.80056], [37.554239, 55.802576], [37.550895, 55.795124], [37.54734, 55.794313], [37.527232, 55.803358], [37.525789, 55.805726], [37.512195, 55.806534], [37.531325, 55.824869], [37.529698, 55.827908], [37.526536, 55.824007], [37.517955, 55.82109], [37.521902, 55.819802], [37.520899, 55.817751], [37.509268, 55.80729], [37.498612, 55.818374], [37.497238, 55.817056], [37.500133, 55.815121], [37.496652, 55.813661], [37.500101, 55.813383], [37.50483, 55.807885], [37.491687, 55.810847], [37.485596, 55.810747], [37.484854, 55.812088], [37.47947, 55.811868], [37.483681, 55.809523], [37.4901, 55.809642], [37.495758, 55.801335], [37.483986, 55.807209], [37.479775, 55.805394], [37.479099, 55.802624], [37.478225, 55.805575], [37.4745, 55.804563], [37.471456, 55.805432], [37.473445, 55.802233], [37.468739, 55.802224], [37.468581, 55.798928], [37.475584, 55.800537], [37.482822, 55.797654], [37.482761, 55.793188], [37.478059, 55.789852], [37.467066, 55.791236], [37.466523, 55.799189], [37.463775, 55.797687], [37.465709, 55.795066], [37.463266, 55.792347], [37.459604, 55.791636], [37.456378, 55.793941], [37.453435, 55.793795], [37.456493, 55.790563], [37.4524, 55.789125], [37.463709, 55.787977], [37.458043, 55.78501], [37.45524, 55.787483], [37.452414, 55.786843], [37.454268, 55.785394], [37.452969, 55.780687], [37.449542, 55.781121], [37.449686, 55.787273], [37.446981, 55.787576], [37.446593, 55.781476], [37.444624, 55.780393], [37.440784, 55.782162], [37.444877, 55.783949], [37.444676, 55.785533], [37.442287, 55.786429], [37.442327, 55.785013], [37.439131, 55.785475], [37.436052, 55.781091], [37.439335, 55.778987], [37.430283, 55.775372], [37.435313, 55.77478], [37.445685, 55.778608], [37.438941, 55.775022], [37.4365, 55.774334], [37.426224, 55.773674], [37.418525, 55.774906], [37.412371, 55.773053], [37.40661, 55.773735], [37.39859, 55.778249], [37.397386, 55.780836], [37.405472, 55.789319], [37.409583, 55.790217], [37.412006, 55.792949], [37.410965, 55.803448], [37.412437, 55.804437], [37.424473, 55.803177], [37.425562, 55.804537], [37.419069, 55.80592], [37.419595, 55.808815], [37.406944, 55.818503], [37.396247, 55.822092], [37.397259, 55.828686], [37.399835, 55.830223], [37.405118, 55.830213], [37.426232, 55.82524], [37.429863, 55.825392], [37.430073, 55.826713], [37.42334, 55.827062], [37.424965, 55.830233], [37.418175, 55.829115], [37.415869, 55.831482], [37.411017, 55.830481], [37.410773, 55.833833], [37.41384, 55.836464], [37.412141, 55.837223], [37.407539, 55.834359], [37.407168, 55.839215], [37.402968, 55.839173], [37.400631, 55.837339], [37.403552, 55.836671], [37.403948, 55.83414], [37.400712, 55.834359], [37.397386, 55.83761], [37.399001, 55.841597], [37.39278, 55.845361], [37.393769, 55.849312], [37.395184, 55.850851], [37.402839, 55.848456], [37.40617, 55.851071], [37.401571, 55.851952], [37.4036, 55.853865], [37.402071, 55.854724], [37.397, 55.852633], [37.403603, 55.864203], [37.402126, 55.86571], [37.401217, 55.86401], [37.39815, 55.864132], [37.395379, 55.857567], [37.391461, 55.856611], [37.393031, 55.853717], [37.389394, 55.853], [37.386077, 55.85413], [37.385108, 55.852394], [37.379845, 55.851284], [37.385117, 55.850012], [37.37785, 55.845322], [37.382429, 55.845745], [37.383386, 55.843373], [37.386249, 55.843395], [37.387408, 55.848195], [37.393079, 55.836474], [37.390478, 55.835312], [37.388745, 55.839605], [37.38499, 55.840868], [37.385091, 55.836936], [37.379425, 55.838166], [37.382259, 55.833688], [37.386255, 55.832409], [37.381437, 55.83279], [37.381687, 55.831754], [37.370548, 55.829274], [37.374475, 55.825615], [37.37923, 55.8295], [37.378235, 55.825657], [37.382668, 55.822834], [37.383809, 55.81662], [37.38029, 55.811862], [37.376372, 55.812388], [37.372491, 55.810818], [37.372276, 55.804818], [37.368763, 55.798937], [37.3583, 55.795075], [37.354801, 55.797228], [37.359248, 55.800883], [37.358021, 55.804663], [37.354353, 55.804463], [37.351472, 55.800837], [37.346804, 55.802156], [37.344579, 55.805287], [37.342167, 55.800062], [37.322033, 55.801552], [37.354974, 55.793181], [37.351694, 55.790599], [37.352688, 55.786688], [37.344797, 55.782162], [37.348856, 55.780927], [37.35268, 55.782178], [37.353858, 55.779607], [37.348359, 55.778094], [37.34921, 55.776966], [37.343737, 55.774874], [37.342449, 55.772232], [37.347278, 55.76807], [37.354637, 55.770304], [37.353025, 55.772296], [37.346844, 55.771785], [37.350279, 55.775061], [37.359567, 55.773121], [37.364172, 55.771168], [37.358529, 55.769441], [37.359789, 55.768079], [37.364158, 55.768597], [37.363011, 55.76597], [37.342601, 55.76128], [37.328478, 55.75108], [37.327742, 55.752274], [37.320312, 55.752439], [37.321513, 55.756328], [37.324669, 55.757382], [37.322775, 55.758735], [37.316569, 55.758463], [37.317035, 55.754309], [37.313165, 55.754788], [37.310009, 55.753015], [37.309739, 55.755852], [37.305343, 55.757605], [37.310797, 55.760776], [37.310805, 55.762794], [37.307402, 55.763894], [37.301673, 55.762516], [37.298838, 55.757133], [37.300273, 55.754649], [37.305553, 55.753701], [37.303369, 55.75285], [37.305582, 55.751724], [37.30553, 55.747847], [37.294377, 55.752882], [37.284787, 55.752717], [37.281795, 55.75108], [37.290574, 55.746521], [37.285198, 55.744974], [37.282533, 55.748113], [37.276997, 55.742534], [37.274542, 55.742961], [37.272104, 55.740472], [37.261523, 55.738957], [37.270095, 55.734876], [37.26831, 55.729748], [37.270063, 55.728473], [37.266131, 55.726346], [37.269839, 55.724914], [37.275787, 55.725643], [37.260911, 55.718769], [37.262331, 55.716453], [37.266444, 55.716184], [37.268784, 55.711582], [37.264283, 55.703225], [37.265294, 55.694092], [37.246581, 55.691467], [37.237917, 55.697513], [37.231685, 55.698547], [37.227209, 55.701839], [37.226617, 55.70767], [37.224119, 55.709176], [37.200256, 55.714844], [37.198241, 55.717619], [37.204327, 55.720984], [37.210335, 55.721168], [37.210283, 55.724519], [37.208049, 55.722457], [37.200952, 55.722243], [37.194274, 55.719254], [37.193527, 55.721586], [37.18532, 55.71973], [37.180775, 55.720867], [37.179772, 55.719387], [37.184765, 55.717797], [37.192874, 55.717962], [37.19449, 55.714183], [37.190029, 55.710909], [37.191371, 55.709513], [37.195378, 55.71016], [37.196226, 55.712399], [37.204396, 55.710429], [37.20059, 55.706857], [37.20291, 55.705162], [37.203099, 55.68996], [37.199618, 55.688793], [37.188304, 55.68985], [37.181485, 55.684295], [37.168676, 55.681579], [37.158304, 55.691094], [37.15543, 55.688936], [37.158776, 55.682512], [37.154102, 55.680953], [37.141896, 55.684175], [37.136061, 55.690236], [37.136722, 55.693619], [37.132597, 55.692695], [37.129866, 55.694808], [37.129087, 55.692883], [37.136989, 55.686019], [37.129662, 55.685961], [37.127937, 55.683809], [37.132663, 55.682016], [37.136452, 55.683313], [37.141318, 55.681802], [37.138185, 55.679556], [37.131608, 55.681313], [37.133896, 55.678418], [37.147381, 55.675673], [37.149353, 55.676778], [37.141908, 55.678561], [37.14411, 55.681326], [37.154927, 55.677699], [37.159362, 55.678707], [37.160708, 55.677002], [37.164367, 55.6774], [37.164732, 55.674084], [37.17001, 55.671212], [37.165847, 55.66388], [37.171461, 55.661056], [37.170852, 55.657225], [37.162866, 55.655101], [37.160708, 55.656132], [37.159379, 55.65441], [37.146803, 55.653842], [37.14227, 55.657397], [37.139895, 55.655646], [37.134376, 55.656567], [37.136184, 55.654417], [37.146251, 55.652308], [37.157169, 55.652999], [37.15835, 55.65105], [37.162809, 55.652246], [37.168069, 55.649074], [37.179286, 55.651828], [37.181681, 55.653272], [37.177694, 55.654018], [37.18164, 55.654381], [37.183679, 55.656681], [37.1882, 55.654952], [37.192072, 55.656282], [37.19374, 55.659165], [37.197589, 55.65777], [37.193685, 55.657313], [37.192903, 55.654537], [37.18419, 55.652941], [37.176003, 55.646819], [37.17573, 55.625242], [37.165597, 55.624489], [37.164324, 55.626171], [37.159454, 55.626339], [37.155711, 55.625216], [37.148427, 55.638289], [37.144932, 55.639341], [37.147346, 55.631536], [37.145406, 55.629264], [37.149566, 55.625788], [37.146662, 55.624223], [37.148094, 55.62334], [37.131832, 55.621363], [37.128512, 55.622386], [37.127175, 55.620711], [37.123818, 55.621655], [37.122573, 55.620071], [37.119785, 55.621123], [37.117991, 55.619458], [37.115185, 55.620474], [37.113409, 55.618831], [37.109456, 55.619837], [37.101962, 55.618548], [37.098188, 55.623233], [37.098188, 55.618201], [37.094287, 55.616068], [37.072086, 55.612617], [37.07125, 55.611337], [37.06872, 55.611996], [37.067501, 55.610584], [37.062971, 55.611347], [37.062218, 55.609571], [37.074262, 55.607567], [37.078195, 55.609132], [37.07639, 55.611236], [37.091588, 55.613987], [37.092867, 55.612113], [37.098791, 55.611889], [37.09907, 55.608489], [37.102189, 55.607161], [37.099579, 55.607187], [37.100433, 55.605709], [37.106458, 55.604969], [37.101585, 55.613682], [37.104106, 55.616273], [37.112311, 55.61612], [37.125034, 55.619091], [37.144466, 55.621016], [37.14365, 55.618042], [37.137343, 55.613506], [37.14225, 55.612159], [37.143385, 55.613058], [37.144506, 55.611516], [37.15213, 55.613289], [37.151124, 55.616415], [37.156304, 55.615776], [37.160983, 55.613039], [37.157908, 55.611045], [37.161248, 55.610412], [37.162309, 55.607499], [37.16299, 55.603277], [37.159152, 55.601734], [37.164108, 55.601494], [37.164953, 55.608648], [37.172899, 55.611084], [37.166753, 55.61173], [37.170337, 55.614656], [37.165813, 55.615617], [37.167782, 55.618383], [37.157037, 55.622081], [37.175449, 55.621853], [37.178231, 55.623418], [37.176613, 55.624126], [37.18296, 55.62668], [37.180022, 55.640298], [37.185826, 55.650054], [37.201288, 55.651231], [37.199521, 55.648081], [37.204494, 55.646634], [37.198264, 55.642183], [37.190029, 55.641002], [37.1961, 55.636258], [37.200863, 55.639282], [37.205876, 55.637309], [37.204025, 55.63618], [37.207354, 55.634755], [37.212732, 55.637689], [37.209774, 55.64045], [37.218562, 55.641664], [37.214204, 55.646177], [37.217326, 55.64873], [37.216969, 55.652704], [37.222026, 55.649979], [37.220129, 55.64729], [37.227881, 55.645178], [37.230356, 55.646501], [37.225326, 55.648078], [37.22885, 55.649622], [37.233343, 55.64825], [37.234243, 55.645836], [37.241027, 55.645411], [37.245902, 55.646813], [37.232797, 55.65117], [37.236474, 55.656606], [37.241093, 55.655617], [37.24713, 55.657245], [37.254497, 55.655218], [37.260692, 55.650495], [37.271018, 55.651951], [37.275485, 55.651059], [37.279331, 55.652477], [37.27932, 55.654708], [37.275025, 55.654887], [37.262883, 55.652201], [37.256731, 55.657219], [37.250042, 55.659155], [37.25016, 55.660495], [37.25415, 55.661289], [37.266755, 55.661922], [37.267074, 55.665534], [37.271012, 55.667694], [37.274907, 55.666857], [37.27842, 55.66148], [37.277328, 55.659136], [37.284411, 55.659784], [37.285658, 55.653781], [37.298013, 55.656171], [37.300885, 55.653057], [37.30259, 55.656181], [37.300483, 55.657796], [37.302894, 55.659901], [37.306059, 55.658163], [37.312642, 55.659596], [37.31228, 55.661322], [37.307405, 55.661056], [37.310555, 55.662411], [37.309601, 55.665544], [37.315586, 55.671549], [37.323459, 55.667116], [37.324261, 55.670135], [37.32095, 55.67208], [37.325345, 55.672236], [37.327714, 55.668835], [37.326952, 55.663001], [37.329229, 55.662531], [37.330683, 55.666286], [37.336927, 55.66627], [37.331663, 55.668689], [37.329355, 55.672259], [37.334805, 55.673676], [37.338933, 55.671815], [37.344843, 55.672564], [37.332212, 55.678075], [37.324753, 55.678376], [37.326107, 55.681867], [37.329896, 55.682308], [37.332868, 55.685731], [37.334311, 55.684402], [37.331284, 55.680146], [37.345148, 55.674995], [37.354609, 55.678746], [37.354933, 55.680548], [37.358662, 55.674836], [37.362715, 55.674823], [37.365276, 55.677945], [37.369039, 55.672907], [37.376033, 55.671533], [37.377608, 55.674496], [37.373279, 55.675326], [37.375349, 55.679705], [37.366386, 55.681161], [37.368726, 55.683128], [37.374242, 55.681935], [37.372149, 55.685066], [37.380224, 55.690255], [37.380273, 55.688959], [37.379218, 55.688077], [37.381414, 55.687643], [37.382722, 55.680626], [37.386034, 55.678422], [37.384849, 55.676606], [37.381604, 55.676493], [37.381624, 55.674817], [37.385091, 55.673419], [37.388236, 55.674703], [37.389791, 55.673455], [37.392872, 55.675345], [37.396561, 55.670923], [37.400666, 55.671578], [37.398573, 55.681135], [37.400921, 55.682473], [37.40112, 55.681274], [37.405322, 55.681274], [37.406671, 55.683122], [37.411304, 55.681154], [37.407981, 55.678473], [37.408996, 55.676606], [37.406883, 55.677151], [37.40803, 55.673497], [37.418189, 55.666883], [37.398584, 55.662975], [37.392835, 55.662992], [37.388647, 55.666173], [37.37701, 55.664814], [37.375654, 55.661039], [37.368973, 55.660916], [37.365506, 55.658983], [37.366708, 55.655377], [37.370775, 55.65536], [37.372147, 55.657832], [37.378867, 55.657929], [37.382524, 55.663024], [37.385996, 55.662369], [37.388486, 55.65923], [37.405558, 55.66041], [37.39627, 55.657777], [37.387451, 55.658928], [37.381774, 55.65694], [37.382616, 55.654605], [37.380164, 55.653223], [37.380836, 55.656213], [37.374104, 55.656259], [37.374544, 55.653246], [37.372552, 55.654394], [37.370344, 55.653658], [37.372262, 55.651974], [37.367562, 55.648681], [37.365101, 55.651316], [37.369197, 55.653213], [37.365305, 55.654926], [37.359125, 55.656723], [37.356043, 55.655179], [37.347925, 55.65743], [37.338856, 55.657842], [37.338769, 55.65584], [37.340158, 55.656658], [37.34376, 55.653917], [37.335254, 55.65141], [37.338042, 55.649369], [37.333759, 55.646725], [37.334429, 55.643387], [37.328105, 55.642238], [37.335053, 55.63727], [37.334509, 55.634256], [37.320536, 55.632123], [37.3067, 55.626761], [37.298203, 55.626641], [37.300531, 55.625002], [37.306557, 55.62582], [37.325466, 55.630799], [37.333359, 55.630069], [37.337686, 55.626804], [37.337209, 55.631153], [37.341503, 55.632951], [37.343533, 55.631591], [37.34706, 55.631955], [37.348132, 55.630293], [37.351081, 55.631396], [37.352731, 55.629644], [37.354893, 55.630673], [37.359527, 55.628397], [37.360855, 55.629335], [37.371046, 55.62212], [37.372558, 55.616279], [37.356885, 55.60897], [37.35982, 55.609285], [37.365276, 55.605021], [37.366805, 55.606534], [37.363865, 55.609931], [37.375613, 55.612604], [37.380328, 55.609515], [37.396322, 55.60567], [37.39771, 55.606641], [37.403615, 55.601335], [37.402635, 55.599399], [37.405808, 55.600188], [37.411716, 55.59615], [37.397434, 55.585744], [37.402344, 55.586241], [37.414745, 55.595069], [37.422484, 55.589497], [37.435882, 55.583733], [37.424795, 55.579398], [37.424249, 55.577263], [37.438883, 55.582066], [37.4426, 55.580704], [37.446079, 55.573821], [37.442626, 55.5754], [37.444167, 55.57295], [37.442278, 55.571851], [37.440789, 55.57361], [37.436322, 55.574643], [37.43485, 55.573717], [37.43744, 55.568038], [37.442669, 55.565593], [37.441243, 55.563568], [37.431864, 55.558174], [37.420791, 55.561058], [37.421337, 55.558932], [37.425496, 55.55808], [37.430047, 55.553888], [37.424804, 55.550799], [37.425588, 55.549355], [37.419261, 55.547868], [37.417876, 55.548831], [37.416068, 55.546646], [37.398334, 55.540377], [37.3936, 55.537596], [37.395644, 55.53622]]]]}}, {"type": "Feature", "properties": {"school_id": "школа-1329", "name": "Школа №1329", "min": 20, "mode": "driving", "method": "isochrone driving reverse:true", "status": "approx: гипотеза A (start_time = выезд), +8–14% (Гейт 2)", "start_time": "2026-10-14T05:10:00Z", "request_hash": "13ea621eeeab4a3f45000f2eae22d14fe80e0c96", "was_invalid": false}, "geometry": {"type": "MultiPolygon", "coordinates": [[[[37.450836, 55.633697], [37.458675, 55.636235], [37.457321, 55.639094], [37.462751, 55.634953], [37.466037, 55.634755], [37.466184, 55.639805], [37.469972, 55.638082], [37.475661, 55.638133], [37.47997, 55.640441], [37.485906, 55.640028], [37.492906, 55.643082], [37.503289, 55.639444], [37.510665, 55.643705], [37.508535, 55.641002], [37.513543, 55.638773], [37.515135, 55.639646], [37.513215, 55.642228], [37.517064, 55.645019], [37.525501, 55.640032], [37.530037, 55.641953], [37.528226, 55.646615], [37.523943, 55.644392], [37.518021, 55.647439], [37.523874, 55.652422], [37.530178, 55.6502], [37.53326, 55.650706], [37.524897, 55.655049], [37.5263, 55.656158], [37.540613, 55.654608], [37.543804, 55.658753], [37.537529, 55.661707], [37.541472, 55.662859], [37.544054, 55.667207], [37.541266, 55.667804], [37.532886, 55.664869], [37.526128, 55.66876], [37.525881, 55.670787], [37.529097, 55.67081], [37.528333, 55.675274], [37.538767, 55.683167], [37.542105, 55.68306], [37.544819, 55.687043], [37.538819, 55.68587], [37.532918, 55.6896], [37.53852, 55.691516], [37.54065, 55.695401], [37.549633, 55.701903], [37.544356, 55.702989], [37.540714, 55.706384], [37.542361, 55.707307], [37.550418, 55.705564], [37.551979, 55.707028], [37.542122, 55.709529], [37.537333, 55.716784], [37.537261, 55.726475], [37.541679, 55.729065], [37.537477, 55.728609], [37.534297, 55.726229], [37.530376, 55.72777], [37.53125, 55.725863], [37.527697, 55.722638], [37.532297, 55.724102], [37.534648, 55.717668], [37.529905, 55.714128], [37.52534, 55.714144], [37.519976, 55.7168], [37.526286, 55.721129], [37.523969, 55.721712], [37.520508, 55.719818], [37.516981, 55.721563], [37.514695, 55.719779], [37.507569, 55.720274], [37.508121, 55.717405], [37.514261, 55.716366], [37.506793, 55.712784], [37.503056, 55.71681], [37.503729, 55.721272], [37.499693, 55.722664], [37.49683, 55.729042], [37.491397, 55.731082], [37.489732, 55.735727], [37.485846, 55.7363], [37.484388, 55.734986], [37.487234, 55.73294], [37.480902, 55.730415], [37.483696, 55.728884], [37.483423, 55.730558], [37.486033, 55.730758], [37.485487, 55.729136], [37.48858, 55.729237], [37.49161, 55.726035], [37.481031, 55.719387], [37.483992, 55.718591], [37.486881, 55.721489], [37.496493, 55.723425], [37.497732, 55.721994], [37.492437, 55.718034], [37.492291, 55.712311], [37.484889, 55.708729], [37.475609, 55.711194], [37.469926, 55.710079], [37.459629, 55.711252], [37.457307, 55.710031], [37.4595, 55.712781], [37.456053, 55.712405], [37.454654, 55.71485], [37.459828, 55.71599], [37.458738, 55.719047], [37.451247, 55.719232], [37.449931, 55.72325], [37.470958, 55.726893], [37.472473, 55.72925], [37.462447, 55.727501], [37.458517, 55.728719], [37.450365, 55.72517], [37.446409, 55.730583], [37.446165, 55.726919], [37.438475, 55.726268], [37.436279, 55.727301], [37.434965, 55.722622], [37.430412, 55.721699], [37.426005, 55.721877], [37.425396, 55.724118], [37.427371, 55.725462], [37.431079, 55.724422], [37.433381, 55.727307], [37.420581, 55.727424], [37.41827, 55.726511], [37.42209, 55.725157], [37.421826, 55.721201], [37.416536, 55.724108], [37.412158, 55.72279], [37.414053, 55.72008], [37.410528, 55.719112], [37.408413, 55.724235], [37.412256, 55.725863], [37.406665, 55.727148], [37.409192, 55.72776], [37.406363, 55.72821], [37.408252, 55.734264], [37.405544, 55.735157], [37.404394, 55.728], [37.401243, 55.728453], [37.402865, 55.727799], [37.394203, 55.723231], [37.385982, 55.72372], [37.383973, 55.726012], [37.380141, 55.726446], [37.381049, 55.727951], [37.388647, 55.729496], [37.398337, 55.729101], [37.386382, 55.729997], [37.379991, 55.728978], [37.379951, 55.731198], [37.38702, 55.732073], [37.389061, 55.733814], [37.380328, 55.733367], [37.375395, 55.736721], [37.367636, 55.753963], [37.367021, 55.747559], [37.373664, 55.734908], [37.373095, 55.731263], [37.350314, 55.729745], [37.374679, 55.729191], [37.377545, 55.72519], [37.36983, 55.724905], [37.367541, 55.723461], [37.378186, 55.722172], [37.382854, 55.714241], [37.362695, 55.709833], [37.352274, 55.703543], [37.358659, 55.703044], [37.362982, 55.707291], [37.365236, 55.704683], [37.368645, 55.704845], [37.367251, 55.708661], [37.369876, 55.707514], [37.373725, 55.709325], [37.376852, 55.708136], [37.377947, 55.70904], [37.378741, 55.703698], [37.380029, 55.705237], [37.384778, 55.704262], [37.386715, 55.705402], [37.389104, 55.703675], [37.393025, 55.703944], [37.395448, 55.701472], [37.389423, 55.699088], [37.383369, 55.702056], [37.382107, 55.700646], [37.386333, 55.696127], [37.377669, 55.695573], [37.380707, 55.69347], [37.374762, 55.69009], [37.367194, 55.691059], [37.367613, 55.686859], [37.363646, 55.684992], [37.363367, 55.682256], [37.368726, 55.683329], [37.372445, 55.682302], [37.371888, 55.685206], [37.380218, 55.690527], [37.383202, 55.681216], [37.386701, 55.678367], [37.383202, 55.675913], [37.384571, 55.673873], [37.392881, 55.675913], [37.397472, 55.671867], [37.398216, 55.681112], [37.40089, 55.682548], [37.403517, 55.681012], [37.406814, 55.683151], [37.411463, 55.681089], [37.408591, 55.679861], [37.409137, 55.676516], [37.406291, 55.675971], [37.418293, 55.666893], [37.398027, 55.663335], [37.390676, 55.663387], [37.386077, 55.665862], [37.37979, 55.664542], [37.375001, 55.659139], [37.378499, 55.658464], [37.38253, 55.663264], [37.389526, 55.659492], [37.405452, 55.660559], [37.399498, 55.658627], [37.399484, 55.656372], [37.402114, 55.657268], [37.403325, 55.6556], [37.407772, 55.655591], [37.408896, 55.658555], [37.413297, 55.652451], [37.415815, 55.652373], [37.415602, 55.657112], [37.418112, 55.657342], [37.423958, 55.649807], [37.423027, 55.655866], [37.429406, 55.655318], [37.432427, 55.653103], [37.434563, 55.656009], [37.427008, 55.657786], [37.429613, 55.660449], [37.433174, 55.660436], [37.437774, 55.656492], [37.437055, 55.654848], [37.442373, 55.652658], [37.443954, 55.648707], [37.452759, 55.642984], [37.451256, 55.642076], [37.455191, 55.640898], [37.453435, 55.640295], [37.45528, 55.637721], [37.450175, 55.635223], [37.450836, 55.633697]]]]}}, {"type": "Feature", "properties": {"school_id": "школа-1329", "name": "Школа №1329", "min": 40, "mode": "driving", "method": "isochrone driving reverse:true", "status": "approx: гипотеза A (start_time = выезд), +8–14% (Гейт 2)", "start_time": "2026-10-14T04:50:00Z", "request_hash": "836406e3be59a9c6d7fa14937802ec856247b773", "was_invalid": false}, "geometry": {"type": "MultiPolygon", "coordinates": [[[[37.434778, 55.551176], [37.45179, 55.564124], [37.453328, 55.568386], [37.456166, 55.567547], [37.454915, 55.565372], [37.461783, 55.569751], [37.464789, 55.565587], [37.467995, 55.570375], [37.469808, 55.56402], [37.471763, 55.566452], [37.468423, 55.571429], [37.469685, 55.574828], [37.47193, 55.573255], [37.474497, 55.573655], [37.472973, 55.576674], [37.475339, 55.57711], [37.483423, 55.573899], [37.486309, 55.574451], [37.48432, 55.576317], [37.486286, 55.582001], [37.484564, 55.582641], [37.482572, 55.580334], [37.479924, 55.581172], [37.485239, 55.585094], [37.483454, 55.592847], [37.490693, 55.599496], [37.498083, 55.597141], [37.50318, 55.598924], [37.507564, 55.594695], [37.52298, 55.590992], [37.522109, 55.586609], [37.524814, 55.583002], [37.528106, 55.584412], [37.527246, 55.586391], [37.530083, 55.587694], [37.528459, 55.588405], [37.532754, 55.588568], [37.543502, 55.58618], [37.545776, 55.587197], [37.550401, 55.58423], [37.553822, 55.585247], [37.553851, 55.58358], [37.556147, 55.584581], [37.559703, 55.582228], [37.565924, 55.580896], [37.56762, 55.581981], [37.581487, 55.57775], [37.587969, 55.577279], [37.579992, 55.579726], [37.57829, 55.583291], [37.5757, 55.58163], [37.551235, 55.588815], [37.548613, 55.59116], [37.550674, 55.594994], [37.546216, 55.597024], [37.539857, 55.59744], [37.54312, 55.59909], [37.546538, 55.597206], [37.553851, 55.596576], [37.561284, 55.599067], [37.558732, 55.60149], [37.545664, 55.604628], [37.549182, 55.609155], [37.557674, 55.609964], [37.559462, 55.611938], [37.546908, 55.620795], [37.54345, 55.626018], [37.545776, 55.635132], [37.550355, 55.639013], [37.562736, 55.643069], [37.566438, 55.6468], [37.569899, 55.646183], [37.586104, 55.642274], [37.587279, 55.639649], [37.58431, 55.637702], [37.587394, 55.635972], [37.584517, 55.633804], [37.587254, 55.631591], [37.591013, 55.631828], [37.589246, 55.629102], [37.592071, 55.628462], [37.597542, 55.632896], [37.600031, 55.632026], [37.594863, 55.626008], [37.596369, 55.623756], [37.599192, 55.624109], [37.598243, 55.626021], [37.604852, 55.633418], [37.612102, 55.632529], [37.610636, 55.626813], [37.615663, 55.631367], [37.618854, 55.630893], [37.61558, 55.627346], [37.616779, 55.625547], [37.614427, 55.625395], [37.618506, 55.62522], [37.618124, 55.626758], [37.624948, 55.631857], [37.624241, 55.634613], [37.621375, 55.635106], [37.622571, 55.640382], [37.638956, 55.638744], [37.64152, 55.635606], [37.645571, 55.638786], [37.643147, 55.640304], [37.64401, 55.642183], [37.641342, 55.642507], [37.641796, 55.641265], [37.638344, 55.640629], [37.636047, 55.64181], [37.641684, 55.645658], [37.637789, 55.64461], [37.6344, 55.645573], [37.633193, 55.642679], [37.622364, 55.642293], [37.620731, 55.651517], [37.623048, 55.654572], [37.620214, 55.659979], [37.620343, 55.662486], [37.635432, 55.662781], [37.640371, 55.664143], [37.640368, 55.665735], [37.630499, 55.664707], [37.631361, 55.666834], [37.629105, 55.667531], [37.626374, 55.675429], [37.622945, 55.676237], [37.617106, 55.673757], [37.615471, 55.674732], [37.618276, 55.679232], [37.609101, 55.673189], [37.60307, 55.677219], [37.610618, 55.680266], [37.615413, 55.683738], [37.61464, 55.686479], [37.620467, 55.688738], [37.62237, 55.688071], [37.62237, 55.681216], [37.625391, 55.681874], [37.623002, 55.689743], [37.624713, 55.691017], [37.628337, 55.685536], [37.634604, 55.682399], [37.641512, 55.68295], [37.630459, 55.686369], [37.627104, 55.694341], [37.627326, 55.702001], [37.632072, 55.688071], [37.637292, 55.696039], [37.642768, 55.698009], [37.639543, 55.698978], [37.642915, 55.700598], [37.642069, 55.702078], [37.65504, 55.701864], [37.666529, 55.706902], [37.666156, 55.699953], [37.668731, 55.698391], [37.668312, 55.702862], [37.672963, 55.705136], [37.668139, 55.706649], [37.669809, 55.709791], [37.678111, 55.713059], [37.681452, 55.711903], [37.683513, 55.714358], [37.70124, 55.719397], [37.69763, 55.720935], [37.693039, 55.720232], [37.683723, 55.716042], [37.675975, 55.71816], [37.67298, 55.715469], [37.673529, 55.713114], [37.668861, 55.711462], [37.666162, 55.713571], [37.669881, 55.713292], [37.670666, 55.714847], [37.665362, 55.714568], [37.665647, 55.716298], [37.663198, 55.716414], [37.663183, 55.713471], [37.65821, 55.714358], [37.656465, 55.711459], [37.65017, 55.708547], [37.654108, 55.707738], [37.649293, 55.704372], [37.646988, 55.707368], [37.631686, 55.706507], [37.630594, 55.70767], [37.633218, 55.708521], [37.644286, 55.707478], [37.648276, 55.709066], [37.647776, 55.710701], [37.643441, 55.708755], [37.638689, 55.709516], [37.6428, 55.711012], [37.640132, 55.71313], [37.633543, 55.710973], [37.637781, 55.722431], [37.648327, 55.719578], [37.645942, 55.716541], [37.650368, 55.719151], [37.660812, 55.718302], [37.659219, 55.727161], [37.663416, 55.729078], [37.660585, 55.729729], [37.665656, 55.73094], [37.666555, 55.733895], [37.672319, 55.731619], [37.669646, 55.734283], [37.671359, 55.736391], [37.666262, 55.736737], [37.664897, 55.739475], [37.668205, 55.740171], [37.670813, 55.743343], [37.668401, 55.745928], [37.670537, 55.746598], [37.670574, 55.750129], [37.672739, 55.751785], [37.67271, 55.754966], [37.669881, 55.755736], [37.671931, 55.752374], [37.667685, 55.750899], [37.663511, 55.75351], [37.6645, 55.754487], [37.657227, 55.753574], [37.658184, 55.759498], [37.662402, 55.76315], [37.660346, 55.764483], [37.662419, 55.765359], [37.653424, 55.767992], [37.655847, 55.771824], [37.653022, 55.774421], [37.657015, 55.776083], [37.651518, 55.775679], [37.641678, 55.781735], [37.633187, 55.777816], [37.634955, 55.784095], [37.638361, 55.785634], [37.636639, 55.787861], [37.63488, 55.787321], [37.635742, 55.790072], [37.634279, 55.789998], [37.631977, 55.786083], [37.629024, 55.785763], [37.625115, 55.788323], [37.623922, 55.787276], [37.622815, 55.792512], [37.621976, 55.789128], [37.615951, 55.788614], [37.613318, 55.789752], [37.609043, 55.787231], [37.606467, 55.787189], [37.605165, 55.789787], [37.603311, 55.787761], [37.598761, 55.789545], [37.597533, 55.784913], [37.594109, 55.786959], [37.591519, 55.786012], [37.59164, 55.784609], [37.595147, 55.784095], [37.590249, 55.78082], [37.590752, 55.77759], [37.586086, 55.778042], [37.585241, 55.783041], [37.579397, 55.784056], [37.58404, 55.786455], [37.5827, 55.788433], [37.578733, 55.788782], [37.576845, 55.785828], [37.574157, 55.787596], [37.581533, 55.791969], [37.588395, 55.791604], [37.589579, 55.789684], [37.592109, 55.790301], [37.591045, 55.791856], [37.598657, 55.791649], [37.599594, 55.793201], [37.5949, 55.792722], [37.584709, 55.794985], [37.583732, 55.800366], [37.580297, 55.796168], [37.573671, 55.799765], [37.568896, 55.798701], [37.569526, 55.800259], [37.564599, 55.8013], [37.564464, 55.799467], [37.556015, 55.798827], [37.557355, 55.796947], [37.554089, 55.794368], [37.5516, 55.795347], [37.547731, 55.7943], [37.545842, 55.798356], [37.539592, 55.798385], [37.542769, 55.801513], [37.541461, 55.802327], [37.536373, 55.799729], [37.52929, 55.802592], [37.526887, 55.805416], [37.529968, 55.810098], [37.519318, 55.808224], [37.522075, 55.811199], [37.51703, 55.811894], [37.525964, 55.8185], [37.530017, 55.818736], [37.528131, 55.821546], [37.532475, 55.825515], [37.531636, 55.830601], [37.535922, 55.835954], [37.532653, 55.835086], [37.529934, 55.830472], [37.524386, 55.83124], [37.52743, 55.828673], [37.524394, 55.829677], [37.522319, 55.828005], [37.524075, 55.824746], [37.514457, 55.825676], [37.51807, 55.821139], [37.515799, 55.819382], [37.511324, 55.820037], [37.508627, 55.817059], [37.519407, 55.81642], [37.51028, 55.807943], [37.506328, 55.811277], [37.506428, 55.815121], [37.499782, 55.817692], [37.497948, 55.821562], [37.493987, 55.823635], [37.491052, 55.820913], [37.494085, 55.820325], [37.493604, 55.818367], [37.497939, 55.815748], [37.494915, 55.815913], [37.493981, 55.814252], [37.490333, 55.815289], [37.486981, 55.81255], [37.489827, 55.810418], [37.464755, 55.815748], [37.469627, 55.811752], [37.474632, 55.812618], [37.472959, 55.80866], [37.476161, 55.806948], [37.474506, 55.805203], [37.464893, 55.808182], [37.463585, 55.80739], [37.46677, 55.806899], [37.469004, 55.803991], [37.461078, 55.805455], [37.467014, 55.799949], [37.458336, 55.800214], [37.458152, 55.798821], [37.462245, 55.797677], [37.458948, 55.796439], [37.463024, 55.793805], [37.459834, 55.791772], [37.456922, 55.792913], [37.455228, 55.797176], [37.451946, 55.797687], [37.454288, 55.792926], [37.45211, 55.79023], [37.454306, 55.783872], [37.452914, 55.780765], [37.450005, 55.780917], [37.449594, 55.79121], [37.446944, 55.792073], [37.446199, 55.781547], [37.444618, 55.780684], [37.440393, 55.782168], [37.445239, 55.785401], [37.444874, 55.788129], [37.44012, 55.788889], [37.43226, 55.784114], [37.432838, 55.782016], [37.435799, 55.782368], [37.439309, 55.779572], [37.430346, 55.775103], [37.435313, 55.77478], [37.445627, 55.778489], [37.443535, 55.776963], [37.436506, 55.774347], [37.426218, 55.773697], [37.418942, 55.774958], [37.412374, 55.77306], [37.406619, 55.773735], [37.398593, 55.778256], [37.397397, 55.780839], [37.405483, 55.789312], [37.409657, 55.790179], [37.412106, 55.792932], [37.413081, 55.796581], [37.409919, 55.799403], [37.411189, 55.803565], [37.412949, 55.804098], [37.41357, 55.801338], [37.417123, 55.803109], [37.430222, 55.803177], [37.43312, 55.804599], [37.438763, 55.803872], [37.440646, 55.805646], [37.420929, 55.805384], [37.420727, 55.808825], [37.406944, 55.819149], [37.39625, 55.8215], [37.397388, 55.828835], [37.404523, 55.828764], [37.406694, 55.827178], [37.406386, 55.82887], [37.408786, 55.829332], [37.41357, 55.825244], [37.420748, 55.826765], [37.425318, 55.824217], [37.427831, 55.825021], [37.430898, 55.822531], [37.433117, 55.824607], [37.438584, 55.822072], [37.440887, 55.822686], [37.441129, 55.821371], [37.443402, 55.822188], [37.443503, 55.82069], [37.445075, 55.821975], [37.432838, 55.825298], [37.43331, 55.82804], [37.423726, 55.827304], [37.42554, 55.830565], [37.421915, 55.83206], [37.419319, 55.829377], [37.416625, 55.829742], [37.417275, 55.83134], [37.410635, 55.831276], [37.410902, 55.833804], [37.413483, 55.835831], [37.418436, 55.83629], [37.419865, 55.83935], [37.414696, 55.840093], [37.410965, 55.836932], [37.405035, 55.842943], [37.407562, 55.850125], [37.416574, 55.84935], [37.416131, 55.85079], [37.409649, 55.851987], [37.411557, 55.855405], [37.407553, 55.855301], [37.404014, 55.851422], [37.401562, 55.851945], [37.402494, 55.854449], [37.399312, 55.85394], [37.4016, 55.860909], [37.409212, 55.869413], [37.407884, 55.870223], [37.39834, 55.865029], [37.395299, 55.857657], [37.390314, 55.856599], [37.392809, 55.854211], [37.380908, 55.852542], [37.380213, 55.850961], [37.385002, 55.850012], [37.377105, 55.8455], [37.37937, 55.841433], [37.371534, 55.841161], [37.382783, 55.835305], [37.38163, 55.833048], [37.367297, 55.828844], [37.362588, 55.825437], [37.365293, 55.823267], [37.366808, 55.825615], [37.373342, 55.823848], [37.371454, 55.821584], [37.377051, 55.820783], [37.378479, 55.82254], [37.375817, 55.8263], [37.378988, 55.829535], [37.378198, 55.825428], [37.382636, 55.822838], [37.383766, 55.816446], [37.380276, 55.811868], [37.376361, 55.812414], [37.372425, 55.810831], [37.372259, 55.804818], [37.368757, 55.798944], [37.358314, 55.795075], [37.354821, 55.797215], [37.359234, 55.800682], [37.358024, 55.804696], [37.354272, 55.804505], [37.351475, 55.800854], [37.346821, 55.802166], [37.346482, 55.80456], [37.343826, 55.805206], [37.341161, 55.799409], [37.339623, 55.800728], [37.335415, 55.80001], [37.332707, 55.801309], [37.329666, 55.800637], [37.329579, 55.801807], [37.317937, 55.802453], [37.330781, 55.798753], [37.333063, 55.79971], [37.346956, 55.795767], [37.349966, 55.793385], [37.354968, 55.793175], [37.351722, 55.790796], [37.35268, 55.786688], [37.344763, 55.782158], [37.348877, 55.780917], [37.352671, 55.782174], [37.35385, 55.779601], [37.344875, 55.776174], [37.342426, 55.772241], [37.347281, 55.768047], [37.354695, 55.770295], [37.353039, 55.772329], [37.346844, 55.771792], [37.350285, 55.775061], [37.359567, 55.773118], [37.364167, 55.771168], [37.358515, 55.769434], [37.35976, 55.76806], [37.364155, 55.768597], [37.363005, 55.765974], [37.342558, 55.761306], [37.330824, 55.75239], [37.328803, 55.752869], [37.328475, 55.751083], [37.327745, 55.752296], [37.320335, 55.752436], [37.321528, 55.756318], [37.324747, 55.757363], [37.323134, 55.758722], [37.316379, 55.758566], [37.317029, 55.754319], [37.310029, 55.753662], [37.309638, 55.756036], [37.305381, 55.757593], [37.306568, 55.759563], [37.310866, 55.760608], [37.310975, 55.762784], [37.30626, 55.763849], [37.301379, 55.762477], [37.298749, 55.759087], [37.300201, 55.754606], [37.305542, 55.753701], [37.303328, 55.752601], [37.305568, 55.75173], [37.305525, 55.747854], [37.294397, 55.752918], [37.284451, 55.752814], [37.281703, 55.750905], [37.289424, 55.747922], [37.290611, 55.746579], [37.288317, 55.745265], [37.284646, 55.74522], [37.285428, 55.747249], [37.282189, 55.748669], [37.279225, 55.744527], [37.273021, 55.742841], [37.272403, 55.740673], [37.256915, 55.738326], [37.258444, 55.736604], [37.264857, 55.737847], [37.267603, 55.736944], [37.270012, 55.734882], [37.269983, 55.72846], [37.267134, 55.726281], [37.269839, 55.724791], [37.275715, 55.725824], [37.275649, 55.724536], [37.260847, 55.718775], [37.262256, 55.716414], [37.266436, 55.716178], [37.26877, 55.711586], [37.264248, 55.703228], [37.265286, 55.694095], [37.247912, 55.691464], [37.244462, 55.692138], [37.227232, 55.701852], [37.228114, 55.704288], [37.223092, 55.70925], [37.200561, 55.715339], [37.199222, 55.717389], [37.201783, 55.720161], [37.208794, 55.719769], [37.211927, 55.723464], [37.221813, 55.726329], [37.218691, 55.727472], [37.212068, 55.725704], [37.211758, 55.730713], [37.20291, 55.729246], [37.202812, 55.728026], [37.197106, 55.727987], [37.197123, 55.726368], [37.200745, 55.726776], [37.201659, 55.725377], [37.206874, 55.726653], [37.208397, 55.722842], [37.200883, 55.722266], [37.194024, 55.719828], [37.193955, 55.722256], [37.185863, 55.719854], [37.182966, 55.720385], [37.181054, 55.722787], [37.18718, 55.725034], [37.177947, 55.724947], [37.173471, 55.726562], [37.171809, 55.723726], [37.175601, 55.723943], [37.180856, 55.718345], [37.172976, 55.71566], [37.173014, 55.713671], [37.166986, 55.714624], [37.167164, 55.712752], [37.172657, 55.712596], [37.179415, 55.715087], [37.180511, 55.712204], [37.18361, 55.713775], [37.185004, 55.713046], [37.183216, 55.711599], [37.184725, 55.710102], [37.189822, 55.713616], [37.184958, 55.717311], [37.188229, 55.71827], [37.194182, 55.714232], [37.188879, 55.710909], [37.190227, 55.708871], [37.195099, 55.709347], [37.196243, 55.712347], [37.200952, 55.710054], [37.204367, 55.710387], [37.200101, 55.706873], [37.202366, 55.704913], [37.203729, 55.690466], [37.199825, 55.688891], [37.188243, 55.689847], [37.180393, 55.684321], [37.176805, 55.684664], [37.168084, 55.682156], [37.158405, 55.691149], [37.15459, 55.690381], [37.1543, 55.688622], [37.159998, 55.681851], [37.153788, 55.681031], [37.141948, 55.684292], [37.139021, 55.689095], [37.135701, 55.690216], [37.142454, 55.691392], [37.143736, 55.695602], [37.137607, 55.693259], [37.134261, 55.695683], [37.133008, 55.693907], [37.124899, 55.69958], [37.11543, 55.700232], [37.126379, 55.696217], [37.135733, 55.687008], [37.132663, 55.685844], [37.117013, 55.685961], [37.116625, 55.684259], [37.127155, 55.684016], [37.126994, 55.679715], [37.14461, 55.675705], [37.14964, 55.676947], [37.144788, 55.677916], [37.144486, 55.68129], [37.15484, 55.677585], [37.158698, 55.678704], [37.164137, 55.677955], [37.166796, 55.672693], [37.169958, 55.671218], [37.168029, 55.66819], [37.169993, 55.666886], [37.165709, 55.664276], [37.171217, 55.661017], [37.169268, 55.659437], [37.171717, 55.657819], [37.166339, 55.655756], [37.161179, 55.656817], [37.159469, 55.655656], [37.156686, 55.657332], [37.153314, 55.654345], [37.144196, 55.655068], [37.151877, 55.665654], [37.150255, 55.667107], [37.141951, 55.659924], [37.140315, 55.655659], [37.128963, 55.659424], [37.117013, 55.659376], [37.113196, 55.65861], [37.113196, 55.657018], [37.127537, 55.657965], [37.129943, 55.656505], [37.125611, 55.653888], [37.124965, 55.650972], [37.133005, 55.655425], [37.14576, 55.652357], [37.155096, 55.652088], [37.146541, 55.648889], [37.149085, 55.647854], [37.162835, 55.65224], [37.166353, 55.643325], [37.168561, 55.649145], [37.18156, 55.652684], [37.177757, 55.653982], [37.181859, 55.654254], [37.183687, 55.656622], [37.187852, 55.654838], [37.190862, 55.655435], [37.19401, 55.659194], [37.197477, 55.657855], [37.193665, 55.657952], [37.192872, 55.65454], [37.184115, 55.652983], [37.175931, 55.646991], [37.17561, 55.625311], [37.156873, 55.625285], [37.154139, 55.627294], [37.155326, 55.630501], [37.147346, 55.638987], [37.148755, 55.644717], [37.145397, 55.644289], [37.142802, 55.641258], [37.146105, 55.634879], [37.145785, 55.623626], [37.137616, 55.62273], [37.133008, 55.624551], [37.127224, 55.621938], [37.124815, 55.622805], [37.126684, 55.624716], [37.124999, 55.626882], [37.122576, 55.62386], [37.120322, 55.62559], [37.11768, 55.624716], [37.121771, 55.621331], [37.102066, 55.619256], [37.100266, 55.627307], [37.107769, 55.631893], [37.103994, 55.632357], [37.102232, 55.637845], [37.09746, 55.639263], [37.094684, 55.631857], [37.096684, 55.62867], [37.093534, 55.627313], [37.097759, 55.618652], [37.095207, 55.61685], [37.092763, 55.617789], [37.084688, 55.614256], [37.075619, 55.613945], [37.074349, 55.612357], [37.072072, 55.613279], [37.066323, 55.611503], [37.054922, 55.611347], [37.04447, 55.608291], [37.029625, 55.60745], [37.028763, 55.606041], [37.025026, 55.606801], [37.024951, 55.605037], [37.019116, 55.606093], [37.016388, 55.604186], [37.027191, 55.604267], [37.035225, 55.60632], [37.050964, 55.60747], [37.046298, 55.603228], [37.049, 55.602387], [37.05508, 55.60377], [37.053137, 55.60556], [37.054925, 55.607447], [37.068648, 55.609434], [37.070959, 55.607586], [37.077772, 55.608233], [37.077565, 55.610587], [37.08934, 55.613841], [37.091657, 55.612129], [37.098918, 55.611691], [37.086635, 55.609132], [37.095218, 55.60794], [37.093442, 55.605943], [37.098581, 55.60328], [37.095954, 55.601822], [37.104529, 55.603436], [37.115763, 55.595718], [37.117025, 55.601305], [37.113297, 55.601932], [37.118319, 55.603452], [37.108039, 55.603917], [37.101882, 55.61413], [37.108904, 55.616448], [37.119106, 55.616659], [37.125048, 55.618996], [37.128408, 55.61801], [37.129645, 55.619646], [37.144449, 55.620941], [37.143466, 55.61813], [37.135986, 55.613087], [37.141083, 55.612772], [37.144506, 55.610756], [37.152848, 55.611587], [37.156082, 55.613958], [37.158612, 55.613204], [37.154475, 55.609132], [37.157155, 55.607619], [37.160917, 55.607992], [37.161101, 55.603982], [37.158218, 55.602361], [37.151141, 55.602137], [37.151098, 55.600529], [37.157416, 55.600188], [37.157652, 55.598135], [37.154748, 55.595556], [37.151466, 55.596417], [37.148577, 55.59452], [37.150281, 55.593074], [37.157051, 55.593925], [37.170182, 55.598739], [37.168182, 55.60063], [37.172482, 55.602637], [37.170849, 55.605502], [37.165899, 55.604608], [37.167219, 55.608642], [37.178987, 55.608749], [37.181876, 55.605586], [37.187444, 55.609139], [37.187165, 55.610574], [37.183589, 55.611045], [37.183601, 55.613243], [37.180048, 55.611464], [37.167348, 55.61161], [37.171424, 55.615568], [37.166097, 55.615539], [37.169124, 55.618815], [37.161389, 55.621438], [37.174767, 55.622379], [37.183167, 55.626625], [37.180054, 55.640298], [37.18584, 55.65005], [37.201211, 55.651277], [37.199299, 55.647857], [37.204384, 55.646693], [37.196991, 55.641966], [37.190218, 55.644347], [37.188879, 55.641002], [37.196264, 55.636235], [37.201136, 55.637848], [37.203933, 55.636404], [37.201728, 55.632993], [37.205551, 55.630942], [37.208811, 55.631095], [37.213727, 55.631792], [37.210844, 55.632805], [37.216259, 55.635141], [37.212571, 55.637699], [37.218766, 55.641807], [37.214379, 55.646161], [37.216958, 55.652684], [37.220931, 55.650446], [37.218979, 55.64729], [37.222696, 55.645272], [37.226148, 55.645859], [37.231877, 55.642034], [37.246127, 55.647007], [37.234763, 55.651338], [37.236474, 55.656596], [37.241093, 55.655542], [37.247052, 55.657216], [37.257343, 55.653369], [37.259468, 55.650021], [37.264093, 55.649801], [37.272527, 55.651676], [37.276635, 55.651059], [37.298614, 55.656087], [37.298206, 55.65392], [37.300885, 55.652409], [37.303656, 55.653979], [37.302883, 55.65861], [37.306531, 55.657546], [37.31965, 55.661108], [37.326233, 55.656256], [37.331865, 55.65561], [37.331347, 55.657819], [37.333339, 55.657958], [37.333742, 55.653949], [37.336795, 55.652898], [37.334978, 55.651316], [37.336953, 55.649392], [37.332609, 55.646725], [37.333288, 55.64276], [37.328378, 55.646401], [37.321513, 55.645486], [37.326041, 55.64605], [37.32456, 55.642949], [37.333311, 55.6385], [37.331551, 55.637699], [37.334699, 55.63702], [37.334857, 55.634479], [37.327308, 55.632308], [37.318236, 55.632123], [37.306585, 55.62708], [37.302075, 55.628216], [37.287012, 55.623353], [37.280162, 55.622327], [37.278934, 55.623684], [37.274542, 55.623684], [37.27071, 55.621451], [37.281243, 55.620444], [37.283637, 55.617659], [37.287081, 55.621798], [37.295239, 55.624333], [37.304797, 55.622606], [37.305786, 55.625366], [37.313433, 55.627995], [37.320329, 55.627696], [37.331931, 55.630445], [37.334923, 55.628625], [37.337203, 55.620224], [37.339914, 55.619919], [37.341526, 55.622084], [37.339468, 55.627086], [37.342659, 55.629261], [37.337068, 55.630978], [37.342233, 55.632753], [37.347031, 55.631942], [37.345321, 55.631224], [37.348132, 55.629644], [37.352628, 55.629047], [37.354913, 55.630656], [37.357331, 55.628345], [37.360826, 55.629319], [37.365357, 55.626732], [37.369597, 55.620662], [37.372307, 55.620133], [37.370554, 55.617633], [37.374739, 55.614818], [37.368447, 55.614487], [37.365236, 55.612107], [37.363833, 55.613175], [37.363327, 55.611512], [37.356946, 55.60898], [37.359835, 55.609291], [37.365322, 55.6067], [37.363865, 55.609931], [37.37553, 55.612655], [37.379178, 55.610165], [37.400177, 55.605466], [37.403678, 55.601328], [37.402913, 55.599246], [37.405814, 55.600214], [37.411779, 55.596147], [37.405242, 55.592402], [37.402701, 55.587512], [37.414728, 55.596501], [37.416755, 55.594039], [37.43197, 55.587678], [37.426638, 55.590949], [37.425861, 55.59399], [37.42249, 55.593402], [37.416309, 55.598064], [37.41691, 55.601426], [37.422852, 55.604696], [37.427368, 55.602423], [37.437673, 55.605368], [37.432855, 55.603449], [37.433985, 55.601848], [37.441442, 55.604073], [37.445538, 55.598648], [37.452647, 55.600786], [37.45198, 55.598307], [37.454717, 55.59669], [37.460311, 55.597719], [37.468762, 55.595166], [37.473706, 55.596358], [37.476015, 55.594825], [37.474667, 55.591606], [37.470858, 55.589789], [37.467575, 55.583447], [37.464168, 55.582823], [37.454677, 55.586628], [37.465597, 55.580561], [37.460463, 55.578758], [37.462036, 55.577822], [37.455289, 55.573574], [37.447815, 55.576154], [37.45449, 55.572745], [37.445078, 55.566208], [37.446179, 55.564989], [37.440694, 55.560333], [37.442005, 55.558428], [37.438607, 55.556662], [37.439513, 55.555475], [37.431579, 55.551267], [37.434778, 55.551176]]]]}}, {"type": "Feature", "properties": {"school_id": "школа-1534-академическая-школа-1534", "name": "Школа №1534 «Академическая школа № 1534»", "min": 20, "mode": "driving", "method": "isochrone driving reverse:true", "status": "approx: гипотеза A (start_time = выезд), +8–14% (Гейт 2)", "start_time": "2026-10-14T05:10:00Z", "request_hash": "e9a0fa59a2dfb94e2692564f45b19efb78ad6383", "was_invalid": false}, "geometry": {"type": "MultiPolygon", "coordinates": [[[[37.53138, 55.646638], [37.533248, 55.648354], [37.537408, 55.648065], [37.535798, 55.651364], [37.540067, 55.654112], [37.540722, 55.651144], [37.544603, 55.652211], [37.552732, 55.650459], [37.558053, 55.654222], [37.564234, 55.651001], [37.56758, 55.651056], [37.57138, 55.655114], [37.580265, 55.651591], [37.584916, 55.652204], [37.584008, 55.654069], [37.574421, 55.656661], [37.575706, 55.658649], [37.582867, 55.657968], [37.583022, 55.655393], [37.588452, 55.658724], [37.590924, 55.65863], [37.591764, 55.656489], [37.594127, 55.658104], [37.598683, 55.656849], [37.60449, 55.658896], [37.603981, 55.655925], [37.607008, 55.655717], [37.607548, 55.657336], [37.612771, 55.65897], [37.613329, 55.661879], [37.616218, 55.66221], [37.615876, 55.665002], [37.623051, 55.664811], [37.627311, 55.670262], [37.629792, 55.669065], [37.631712, 55.671575], [37.628438, 55.672596], [37.626023, 55.677041], [37.627182, 55.68002], [37.631957, 55.679592], [37.632741, 55.680924], [37.625213, 55.682798], [37.623796, 55.684849], [37.62264, 55.699917], [37.624333, 55.699917], [37.626969, 55.68705], [37.634581, 55.683699], [37.630516, 55.686087], [37.628199, 55.690903], [37.627268, 55.703199], [37.628628, 55.704605], [37.642388, 55.702979], [37.64309, 55.704038], [37.628381, 55.706435], [37.633221, 55.708512], [37.644628, 55.707511], [37.64831, 55.709451], [37.647548, 55.710591], [37.643438, 55.708755], [37.638689, 55.709516], [37.64077, 55.710773], [37.639042, 55.712528], [37.623813, 55.706484], [37.624097, 55.70834], [37.631543, 55.711207], [37.628852, 55.714355], [37.623778, 55.714251], [37.623836, 55.720216], [37.628536, 55.720446], [37.629312, 55.72178], [37.624649, 55.722674], [37.627926, 55.723302], [37.627228, 55.729062], [37.629726, 55.728165], [37.640991, 55.730982], [37.643901, 55.734342], [37.633379, 55.734254], [37.630062, 55.730982], [37.625213, 55.730237], [37.624198, 55.733775], [37.619415, 55.735112], [37.616218, 55.732998], [37.618794, 55.731713], [37.614689, 55.731616], [37.613421, 55.734238], [37.616942, 55.739576], [37.621004, 55.738177], [37.618636, 55.742702], [37.623215, 55.74334], [37.620915, 55.745026], [37.616204, 55.743993], [37.619383, 55.748297], [37.612507, 55.747084], [37.610429, 55.749957], [37.603828, 55.750459], [37.606329, 55.745773], [37.610388, 55.747831], [37.608557, 55.743767], [37.611679, 55.740977], [37.606272, 55.736164], [37.608074, 55.734193], [37.604536, 55.733513], [37.602144, 55.735141], [37.599856, 55.734206], [37.597415, 55.736235], [37.598959, 55.737015], [37.586978, 55.738864], [37.583333, 55.745297], [37.583755, 55.755127], [37.580863, 55.751788], [37.582091, 55.749148], [37.579986, 55.748469], [37.582188, 55.742029], [37.579903, 55.743165], [37.574594, 55.741683], [37.575698, 55.74777], [37.567778, 55.737426], [37.549314, 55.728359], [37.559821, 55.73451], [37.548139, 55.730794], [37.536465, 55.740194], [37.550453, 55.745333], [37.565145, 55.745744], [37.560511, 55.748012], [37.577379, 55.752364], [37.567649, 55.753264], [37.564409, 55.750365], [37.56194, 55.752115], [37.560692, 55.749569], [37.534349, 55.743886], [37.532147, 55.751937], [37.534697, 55.751601], [37.535847, 55.753021], [37.533751, 55.756616], [37.53537, 55.759766], [37.532774, 55.759521], [37.532412, 55.756049], [37.528244, 55.755606], [37.532136, 55.740634], [37.516639, 55.73651], [37.510478, 55.737313], [37.508596, 55.735569], [37.511881, 55.733982], [37.522057, 55.736384], [37.518573, 55.734057], [37.52087, 55.732435], [37.535398, 55.737604], [37.536775, 55.735484], [37.525869, 55.733173], [37.526591, 55.731665], [37.53111, 55.732425], [37.534407, 55.728835], [37.540035, 55.731111], [37.542438, 55.729661], [37.535444, 55.727152], [37.528246, 55.72765], [37.526254, 55.730609], [37.523684, 55.729894], [37.524633, 55.725274], [37.527611, 55.723775], [37.523653, 55.724073], [37.520246, 55.72213], [37.521712, 55.720223], [37.515906, 55.723487], [37.507561, 55.722123], [37.506431, 55.717289], [37.511427, 55.717975], [37.514132, 55.716165], [37.507457, 55.712583], [37.503513, 55.716949], [37.501533, 55.714853], [37.504505, 55.711621], [37.502996, 55.709487], [37.505965, 55.709056], [37.501811, 55.706157], [37.507058, 55.702548], [37.503128, 55.699888], [37.508156, 55.701398], [37.511792, 55.699256], [37.511025, 55.696483], [37.513551, 55.695845], [37.518165, 55.701447], [37.527715, 55.695841], [37.526214, 55.694558], [37.522509, 55.694915], [37.517047, 55.691315], [37.51709, 55.692851], [37.511832, 55.69346], [37.519815, 55.68528], [37.506442, 55.678075], [37.506146, 55.675997], [37.509389, 55.674029], [37.509875, 55.66805], [37.518481, 55.670787], [37.511134, 55.665391], [37.506391, 55.6652], [37.50631, 55.663686], [37.510122, 55.662054], [37.519965, 55.668816], [37.522765, 55.66817], [37.524739, 55.663634], [37.516348, 55.658263], [37.52346, 55.655068], [37.526832, 55.656171], [37.535513, 55.654961], [37.533383, 55.651844], [37.529666, 55.652843], [37.528264, 55.651575], [37.53138, 55.646638]]]]}}, {"type": "Feature", "properties": {"school_id": "школа-1534-академическая-школа-1534", "name": "Школа №1534 «Академическая школа № 1534»", "min": 40, "mode": "driving", "method": "isochrone driving reverse:true", "status": "approx: гипотеза A (start_time = выезд), +8–14% (Гейт 2)", "start_time": "2026-10-14T04:50:00Z", "request_hash": "00f9ecf8495db7ce3131211a7c7b6136b5e6648f", "was_invalid": false}, "geometry": {"type": "MultiPolygon", "coordinates": [[[[37.432439, 55.549231], [37.437751, 55.550961], [37.440329, 55.550376], [37.438579, 55.552766], [37.447798, 55.562495], [37.451871, 55.564124], [37.451425, 55.565694], [37.454096, 55.56479], [37.45877, 55.568607], [37.462731, 55.565164], [37.461596, 55.56414], [37.466508, 55.563874], [37.468294, 55.565337], [37.464933, 55.568194], [37.46963, 55.574832], [37.475954, 55.572543], [37.472971, 55.576661], [37.478754, 55.576632], [37.477964, 55.579551], [37.481793, 55.577942], [37.47999, 55.575199], [37.485136, 55.577139], [37.486283, 55.581998], [37.484567, 55.582641], [37.482572, 55.580331], [37.479829, 55.581175], [37.485239, 55.585094], [37.482963, 55.587502], [37.483394, 55.592853], [37.490698, 55.599522], [37.498103, 55.597125], [37.503539, 55.59885], [37.515633, 55.59209], [37.519303, 55.592415], [37.524228, 55.590449], [37.52227, 55.586722], [37.525104, 55.58293], [37.52833, 55.588483], [37.532004, 55.589211], [37.541306, 55.586778], [37.543922, 55.587895], [37.549355, 55.585478], [37.551922, 55.586235], [37.554972, 55.584237], [37.556642, 55.585146], [37.548254, 55.588555], [37.550663, 55.59436], [37.539871, 55.59743], [37.543542, 55.599035], [37.550401, 55.596576], [37.554983, 55.598194], [37.558749, 55.597294], [37.561284, 55.599067], [37.556452, 55.602137], [37.545649, 55.604628], [37.546903, 55.607879], [37.555064, 55.61049], [37.557941, 55.610067], [37.559436, 55.612591], [37.546905, 55.620789], [37.543424, 55.630533], [37.548075, 55.637728], [37.559321, 55.641102], [37.566499, 55.646813], [37.586081, 55.642264], [37.587248, 55.639649], [37.583951, 55.637702], [37.587285, 55.636378], [37.58521, 55.632295], [37.589585, 55.630559], [37.587455, 55.628638], [37.588533, 55.624768], [37.583646, 55.622626], [37.578883, 55.622918], [37.576468, 55.618873], [37.581599, 55.618321], [37.585256, 55.614337], [37.578886, 55.614477], [37.576468, 55.610431], [37.579147, 55.604371], [37.580941, 55.612344], [37.589642, 55.611808], [37.584416, 55.5949], [37.591692, 55.594458], [37.594015, 55.592658], [37.596791, 55.594643], [37.600034, 55.593798], [37.597608, 55.58577], [37.593687, 55.583184], [37.595975, 55.575556], [37.59229, 55.575332], [37.592718, 55.573297], [37.594796, 55.573834], [37.598703, 55.570902], [37.599264, 55.576323], [37.607269, 55.575017], [37.598407, 55.578764], [37.608925, 55.578403], [37.599229, 55.582485], [37.607327, 55.58089], [37.614433, 55.581809], [37.617549, 55.589854], [37.622019, 55.591323], [37.621102, 55.592899], [37.632888, 55.602806], [37.636082, 55.596128], [37.629321, 55.592921], [37.633451, 55.592392], [37.632385, 55.589643], [37.63578, 55.588516], [37.639758, 55.600909], [37.65349, 55.601539], [37.653818, 55.600438], [37.666854, 55.602384], [37.664221, 55.603956], [37.660361, 55.603059], [37.658463, 55.605904], [37.657722, 55.604404], [37.649276, 55.602478], [37.640149, 55.603121], [37.635265, 55.605216], [37.646255, 55.613013], [37.653887, 55.612815], [37.658409, 55.614857], [37.665374, 55.609304], [37.665426, 55.612074], [37.661467, 55.615587], [37.671313, 55.61874], [37.678505, 55.624126], [37.676921, 55.626236], [37.669858, 55.622639], [37.659556, 55.635807], [37.67018, 55.635193], [37.666231, 55.631899], [37.676312, 55.627657], [37.676013, 55.630718], [37.670922, 55.632643], [37.673377, 55.633353], [37.686083, 55.630345], [37.690004, 55.633863], [37.68829, 55.635894], [37.690984, 55.63592], [37.690127, 55.6257], [37.693787, 55.621727], [37.695856, 55.622769], [37.693695, 55.628582], [37.700056, 55.633869], [37.702376, 55.63248], [37.700769, 55.631692], [37.707938, 55.627966], [37.707001, 55.623366], [37.710597, 55.623623], [37.711115, 55.619983], [37.715099, 55.619977], [37.713305, 55.620808], [37.714159, 55.625307], [37.710505, 55.629404], [37.706469, 55.630598], [37.705141, 55.634418], [37.715987, 55.635339], [37.721728, 55.634239], [37.722245, 55.636358], [37.702244, 55.636813], [37.701031, 55.63986], [37.696515, 55.63752], [37.691702, 55.639558], [37.691472, 55.642452], [37.692996, 55.643624], [37.70488, 55.641323], [37.719698, 55.642086], [37.711115, 55.644023], [37.713288, 55.646569], [37.709689, 55.649707], [37.712908, 55.65392], [37.709772, 55.655208], [37.716237, 55.657663], [37.713564, 55.659888], [37.718551, 55.661545], [37.729098, 55.672787], [37.728049, 55.674668], [37.731398, 55.677326], [37.734537, 55.688366], [37.733623, 55.688285], [37.729958, 55.680318], [37.725853, 55.677858], [37.722961, 55.670965], [37.718957, 55.668131], [37.718465, 55.664814], [37.709177, 55.664678], [37.702991, 55.666403], [37.705357, 55.663498], [37.712862, 55.662538], [37.707884, 55.660754], [37.701899, 55.66414], [37.701508, 55.667058], [37.695017, 55.666393], [37.705012, 55.659745], [37.698834, 55.660673], [37.693873, 55.657329], [37.696805, 55.655866], [37.693743, 55.653914], [37.696839, 55.649382], [37.695391, 55.648036], [37.691987, 55.648172], [37.688647, 55.652013], [37.682337, 55.650955], [37.688928, 55.64739], [37.690806, 55.644195], [37.687327, 55.641547], [37.665299, 55.649982], [37.66607, 55.653661], [37.662292, 55.65442], [37.659515, 55.653203], [37.65598, 55.657832], [37.665167, 55.667308], [37.666481, 55.675352], [37.67983, 55.674959], [37.680374, 55.681294], [37.683567, 55.678743], [37.683288, 55.674707], [37.689532, 55.673163], [37.692746, 55.680642], [37.694396, 55.681235], [37.694249, 55.679086], [37.697041, 55.679196], [37.69721, 55.684172], [37.700395, 55.688291], [37.696503, 55.691934], [37.686827, 55.691383], [37.67463, 55.687627], [37.672532, 55.6875], [37.672325, 55.686979], [37.669913, 55.686992], [37.671908, 55.687205], [37.672221, 55.687662], [37.67415, 55.687886], [37.675668, 55.688959], [37.681848, 55.690456], [37.684346, 55.691862], [37.68585, 55.694565], [37.683705, 55.696059], [37.691723, 55.702587], [37.708042, 55.698103], [37.708801, 55.695258], [37.715182, 55.691483], [37.715717, 55.686198], [37.720158, 55.686321], [37.719026, 55.687633], [37.72336, 55.691496], [37.720106, 55.692883], [37.719724, 55.695563], [37.715978, 55.693833], [37.713314, 55.696707], [37.718534, 55.700445], [37.718543, 55.702717], [37.716826, 55.703342], [37.710287, 55.699798], [37.709361, 55.705276], [37.703083, 55.705162], [37.702111, 55.710335], [37.705486, 55.714277], [37.710149, 55.715025], [37.72652, 55.707844], [37.725654, 55.703896], [37.722484, 55.702577], [37.726258, 55.701003], [37.727805, 55.703348], [37.730464, 55.698427], [37.730455, 55.701191], [37.736213, 55.704916], [37.732746, 55.705839], [37.734109, 55.70846], [37.746239, 55.707449], [37.747769, 55.706111], [37.750123, 55.707504], [37.756189, 55.705577], [37.759287, 55.706448], [37.747065, 55.708738], [37.745251, 55.71051], [37.736621, 55.710277], [37.739444, 55.716091], [37.72871, 55.714666], [37.730156, 55.716797], [37.72735, 55.720262], [37.724071, 55.717308], [37.712356, 55.72133], [37.725163, 55.725617], [37.727201, 55.722483], [37.730024, 55.72315], [37.726939, 55.726737], [37.728595, 55.728217], [37.736727, 55.725646], [37.739254, 55.726326], [37.739473, 55.729062], [37.735463, 55.731406], [37.74586, 55.72889], [37.746303, 55.73035], [37.738995, 55.733193], [37.730176, 55.733306], [37.727523, 55.73205], [37.72748, 55.735268], [37.721759, 55.73217], [37.70776, 55.739446], [37.70922, 55.741634], [37.714366, 55.743139], [37.712598, 55.74797], [37.716694, 55.743741], [37.720782, 55.74398], [37.71854, 55.739313], [37.714435, 55.738194], [37.720578, 55.734714], [37.725516, 55.737488], [37.722317, 55.739142], [37.724919, 55.747944], [37.733623, 55.746139], [37.732769, 55.744718], [37.736086, 55.744958], [37.737872, 55.742336], [37.740206, 55.744194], [37.74214, 55.741903], [37.744, 55.743317], [37.721532, 55.750478], [37.734764, 55.754367], [37.728621, 55.754532], [37.725177, 55.756599], [37.720285, 55.754399], [37.720193, 55.758883], [37.723349, 55.76205], [37.719914, 55.763367], [37.720724, 55.766786], [37.714087, 55.773299], [37.716369, 55.775721], [37.714564, 55.777583], [37.719187, 55.780218], [37.717585, 55.781544], [37.721363, 55.782356], [37.719359, 55.784347], [37.715809, 55.783364], [37.708441, 55.793382], [37.71275, 55.795738], [37.710557, 55.796833], [37.706811, 55.795447], [37.705894, 55.797173], [37.702991, 55.796885], [37.699884, 55.798944], [37.701525, 55.801151], [37.699743, 55.804334], [37.69362, 55.799603], [37.695589, 55.79621], [37.690653, 55.796187], [37.690944, 55.793873], [37.687181, 55.792881], [37.683398, 55.796749], [37.674584, 55.792548], [37.661637, 55.794274], [37.661257, 55.7964], [37.663465, 55.797027], [37.660315, 55.799025], [37.661257, 55.801493], [37.658486, 55.802266], [37.654565, 55.800201], [37.655379, 55.798769], [37.651438, 55.797677], [37.655336, 55.796565], [37.655333, 55.794975], [37.637824, 55.793656], [37.637648, 55.795883], [37.642388, 55.794875], [37.64332, 55.797186], [37.645852, 55.796594], [37.646413, 55.797674], [37.636455, 55.801409], [37.637461, 55.804744], [37.647252, 55.807222], [37.646666, 55.808822], [37.65071, 55.809154], [37.651872, 55.81139], [37.650489, 55.810495], [37.644757, 55.812182], [37.638542, 55.806463], [37.637941, 55.810695], [37.633155, 55.810408], [37.628596, 55.804573], [37.623117, 55.808815], [37.603325, 55.812976], [37.603972, 55.808072], [37.608161, 55.807516], [37.608488, 55.805439], [37.597582, 55.805804], [37.596866, 55.811186], [37.594009, 55.813454], [37.591551, 55.813981], [37.591373, 55.811661], [37.582002, 55.817373], [37.579917, 55.817059], [37.580587, 55.813693], [37.577874, 55.814394], [37.572248, 55.827249], [37.568534, 55.826261], [37.569954, 55.825453], [37.567295, 55.825027], [37.566847, 55.823112], [37.57163, 55.822188], [37.572326, 55.817967], [37.568816, 55.819653], [37.56507, 55.818193], [37.560655, 55.821823], [37.559881, 55.818193], [37.553379, 55.817001], [37.559861, 55.815916], [37.561325, 55.813829], [37.555679, 55.811833], [37.557835, 55.80834], [37.554621, 55.806075], [37.558835, 55.805607], [37.559689, 55.804101], [37.553922, 55.804066], [37.543502, 55.810812], [37.536439, 55.807943], [37.538972, 55.811319], [37.531247, 55.814052], [37.519131, 55.812601], [37.520557, 55.814763], [37.533562, 55.816452], [37.528954, 55.817379], [37.52511, 55.81621], [37.523797, 55.818322], [37.531325, 55.824869], [37.530854, 55.831053], [37.529888, 55.828557], [37.524794, 55.826354], [37.523052, 55.822069], [37.517125, 55.822673], [37.514356, 55.824795], [37.516803, 55.828056], [37.512787, 55.830643], [37.5206, 55.833655], [37.509064, 55.832335], [37.505083, 55.837917], [37.504039, 55.834508], [37.507296, 55.831269], [37.492989, 55.825925], [37.484291, 55.835783], [37.485331, 55.837023], [37.480672, 55.838673], [37.486438, 55.83063], [37.476549, 55.82659], [37.48716, 55.825889], [37.488148, 55.828279], [37.491989, 55.822653], [37.487703, 55.820945], [37.485136, 55.815661], [37.47688, 55.813758], [37.474563, 55.815502], [37.467604, 55.815767], [37.462892, 55.819252], [37.449979, 55.819863], [37.452061, 55.821274], [37.450839, 55.824349], [37.450123, 55.824152], [37.450115, 55.822686], [37.448855, 55.822227], [37.449982, 55.821142], [37.446832, 55.8209], [37.446444, 55.815825], [37.451811, 55.81381], [37.449905, 55.808718], [37.457704, 55.808062], [37.448991, 55.805426], [37.454202, 55.804127], [37.44864, 55.800905], [37.45411, 55.793146], [37.451109, 55.788401], [37.453981, 55.784063], [37.45273, 55.780833], [37.450253, 55.780904], [37.449005, 55.790343], [37.451112, 55.791649], [37.448421, 55.7929], [37.443624, 55.788598], [37.440807, 55.789639], [37.429271, 55.785821], [37.421417, 55.78726], [37.414998, 55.791368], [37.411336, 55.791439], [37.408591, 55.787331], [37.411767, 55.784777], [37.405072, 55.782782], [37.406374, 55.778133], [37.409074, 55.779837], [37.418431, 55.78072], [37.415335, 55.783222], [37.420477, 55.784861], [37.438964, 55.779569], [37.430389, 55.777228], [37.429305, 55.774644], [37.435799, 55.774583], [37.445834, 55.778285], [37.438929, 55.775022], [37.433045, 55.773545], [37.418169, 55.775258], [37.409042, 55.773027], [37.397308, 55.779617], [37.400522, 55.785359], [37.410655, 55.793475], [37.41037, 55.795247], [37.406774, 55.796], [37.405794, 55.79301], [37.398699, 55.792231], [37.397317, 55.793301], [37.402333, 55.793647], [37.402508, 55.795049], [37.394893, 55.79558], [37.39364, 55.798317], [37.394563, 55.804133], [37.400151, 55.804783], [37.396977, 55.806747], [37.397219, 55.809303], [37.399714, 55.811655], [37.403632, 55.811852], [37.400142, 55.813183], [37.401171, 55.813987], [37.394698, 55.81453], [37.396704, 55.837049], [37.395215, 55.840358], [37.392976, 55.840571], [37.394925, 55.834714], [37.39437, 55.832374], [37.391266, 55.832335], [37.393048, 55.829219], [37.382788, 55.829332], [37.38547, 55.827821], [37.384421, 55.824523], [37.38138, 55.828466], [37.378629, 55.828018], [37.383441, 55.822392], [37.384137, 55.816639], [37.380448, 55.811794], [37.372865, 55.810569], [37.372664, 55.805012], [37.368881, 55.798892], [37.358104, 55.795007], [37.354373, 55.797664], [37.358757, 55.800905], [37.358642, 55.804285], [37.354655, 55.803642], [37.351478, 55.800046], [37.346585, 55.802033], [37.344881, 55.804932], [37.343027, 55.804098], [37.343929, 55.798963], [37.342018, 55.798149], [37.355241, 55.792286], [37.351007, 55.789859], [37.352711, 55.786616], [37.345355, 55.782162], [37.348819, 55.781027], [37.352539, 55.782255], [37.353982, 55.77963], [37.345269, 55.77595], [37.342547, 55.772435], [37.346879, 55.767717], [37.354157, 55.770518], [37.351375, 55.772723], [37.34681, 55.771753], [37.35023, 55.775074], [37.359602, 55.773134], [37.36421, 55.771168], [37.358676, 55.769441], [37.360277, 55.768089], [37.364187, 55.768613], [37.36304, 55.765954], [37.342854, 55.761141], [37.328458, 55.751044], [37.3199, 55.752423], [37.323111, 55.75758], [37.321479, 55.758492], [37.31671, 55.757085], [37.317184, 55.754202], [37.309811, 55.752898], [37.309204, 55.755794], [37.302871, 55.758867], [37.309405, 55.76205], [37.307784, 55.762969], [37.3029, 55.76162], [37.300483, 55.755677], [37.305608, 55.753833], [37.3038, 55.75273], [37.305832, 55.751737], [37.305608, 55.747799], [37.293882, 55.752668], [37.284891, 55.752021], [37.283379, 55.750944], [37.288504, 55.749964], [37.290855, 55.746398], [37.285934, 55.74443], [37.282203, 55.747375], [37.275884, 55.741388], [37.277848, 55.739789], [37.282191, 55.742864], [37.291951, 55.744094], [37.296007, 55.737358], [37.303561, 55.732163], [37.305243, 55.733125], [37.299267, 55.738226], [37.297194, 55.744048], [37.305116, 55.743573], [37.311326, 55.746718], [37.330824, 55.748152], [37.342708, 55.754105], [37.346795, 55.758272], [37.365201, 55.76218], [37.366607, 55.742663], [37.370226, 55.735772], [37.373391, 55.734902], [37.370108, 55.733866], [37.371031, 55.731046], [37.368685, 55.731024], [37.367576, 55.732238], [37.36638, 55.731007], [37.353551, 55.731033], [37.347597, 55.7334], [37.3457, 55.73609], [37.344108, 55.734338], [37.349213, 55.729726], [37.34138, 55.726485], [37.331655, 55.726601], [37.325837, 55.723208], [37.325903, 55.725374], [37.331152, 55.728625], [37.327058, 55.728605], [37.321582, 55.725005], [37.311521, 55.730545], [37.308894, 55.730208], [37.31894, 55.723454], [37.312107, 55.72019], [37.308215, 55.715938], [37.310135, 55.708985], [37.302003, 55.704932], [37.297375, 55.706921], [37.297714, 55.702389], [37.274439, 55.698333], [37.270684, 55.700821], [37.273688, 55.705788], [37.271903, 55.707508], [37.273918, 55.712042], [37.271803, 55.713778], [37.273668, 55.714853], [37.268373, 55.718707], [37.272406, 55.720181], [37.275864, 55.716006], [37.27873, 55.719585], [37.282766, 55.719151], [37.283008, 55.721324], [37.274944, 55.721974], [37.283028, 55.724241], [37.277003, 55.729246], [37.274174, 55.729246], [37.275844, 55.724426], [37.260261, 55.718092], [37.266522, 55.716256], [37.268922, 55.711569], [37.264441, 55.702551], [37.266611, 55.695456], [37.265171, 55.693975], [37.247903, 55.691904], [37.243413, 55.692481], [37.230457, 55.699146], [37.226993, 55.701916], [37.226617, 55.706374], [37.221825, 55.709176], [37.198494, 55.714429], [37.195944, 55.713804], [37.197135, 55.712113], [37.204574, 55.710475], [37.203189, 55.707443], [37.2075, 55.709555], [37.219513, 55.706581], [37.224262, 55.700377], [37.221661, 55.696629], [37.216987, 55.695916], [37.214911, 55.701414], [37.2075, 55.702056], [37.213807, 55.697364], [37.207483, 55.696214], [37.207268, 55.694805], [37.212839, 55.694166], [37.205497, 55.689584], [37.200578, 55.689082], [37.20057, 55.6875], [37.20535, 55.687909], [37.209346, 55.685536], [37.210944, 55.689079], [37.227235, 55.696305], [37.227554, 55.692556], [37.223291, 55.691195], [37.225863, 55.686194], [37.228824, 55.686992], [37.22672, 55.688936], [37.228672, 55.690829], [37.244666, 55.688294], [37.23186, 55.681044], [37.22674, 55.68212], [37.203743, 55.680175], [37.189925, 55.676969], [37.18858, 55.678937], [37.17611, 55.675008], [37.170668, 55.675164], [37.165186, 55.678986], [37.170277, 55.671377], [37.169423, 55.668838], [37.174394, 55.665382], [37.178128, 55.666883], [37.176161, 55.668511], [37.177421, 55.672249], [37.200297, 55.675637], [37.216843, 55.676353], [37.220439, 55.678068], [37.2244, 55.677235], [37.219841, 55.671747], [37.222207, 55.666461], [37.219913, 55.661701], [37.208949, 55.66256], [37.206581, 55.660949], [37.200831, 55.660819], [37.200067, 55.662048], [37.19785, 55.660793], [37.198549, 55.65875], [37.205077, 55.659522], [37.21118, 55.658134], [37.210289, 55.653816], [37.203723, 55.654871], [37.190603, 55.654186], [37.177593, 55.647598], [37.175017, 55.643218], [37.177429, 55.638786], [37.17623, 55.632565], [37.179105, 55.630293], [37.181836, 55.630887], [37.179591, 55.633486], [37.17966, 55.642196], [37.185705, 55.650122], [37.205439, 55.652139], [37.209648, 55.651014], [37.213051, 55.652727], [37.215797, 55.65176], [37.217265, 55.653901], [37.221796, 55.655062], [37.224656, 55.659966], [37.228439, 55.660709], [37.234996, 55.661104], [37.23384, 55.657793], [37.237644, 55.656301], [37.240495, 55.65815], [37.238451, 55.661046], [37.241018, 55.662207], [37.243381, 55.662862], [37.246589, 55.659603], [37.249392, 55.659599], [37.246466, 55.663653], [37.256317, 55.667373], [37.254952, 55.66852], [37.244442, 55.665327], [37.235447, 55.66651], [37.233332, 55.663556], [37.227117, 55.662881], [37.225944, 55.670741], [37.231558, 55.676139], [37.233412, 55.675945], [37.231687, 55.674441], [37.233863, 55.672055], [37.231394, 55.670174], [37.235335, 55.670469], [37.237644, 55.669036], [37.247509, 55.67187], [37.24042, 55.672709], [37.242651, 55.676259], [37.250551, 55.674172], [37.253828, 55.670547], [37.256099, 55.672975], [37.268609, 55.675491], [37.270233, 55.673157], [37.258384, 55.668475], [37.261687, 55.667924], [37.272579, 55.671649], [37.275105, 55.668624], [37.271863, 55.668981], [37.271863, 55.667399], [37.278176, 55.667045], [37.282226, 55.662197], [37.284827, 55.662525], [37.283151, 55.666205], [37.286483, 55.667515], [37.280467, 55.669633], [37.292083, 55.678548], [37.287504, 55.679248], [37.296326, 55.681974], [37.300563, 55.685465], [37.295863, 55.685465], [37.293583, 55.6874], [37.297467, 55.689993], [37.285969, 55.687241], [37.283637, 55.687854], [37.277948, 55.685533], [37.275485, 55.690874], [37.299209, 55.697011], [37.308414, 55.702192], [37.312447, 55.707786], [37.315948, 55.707048], [37.315005, 55.702548], [37.317072, 55.701252], [37.309503, 55.700604], [37.313602, 55.698728], [37.314281, 55.693897], [37.319475, 55.690887], [37.313349, 55.689049], [37.312679, 55.687474], [37.308658, 55.687786], [37.308672, 55.686389], [37.315511, 55.682956], [37.318115, 55.686068], [37.3217, 55.684784], [37.324155, 55.685543], [37.323419, 55.688236], [37.325995, 55.69033], [37.336484, 55.691273], [37.33958, 55.693162], [37.343553, 55.689565], [37.34315, 55.686185], [37.348465, 55.685689], [37.346562, 55.682862], [37.350282, 55.683877], [37.350682, 55.682882], [37.345447, 55.681342], [37.347537, 55.679644], [37.34384, 55.677919], [37.344683, 55.675705], [37.355991, 55.682081], [37.355606, 55.679271], [37.360398, 55.675164], [37.365291, 55.67812], [37.37476, 55.67257], [37.376004, 55.673377], [37.372693, 55.675961], [37.374745, 55.679358], [37.36621, 55.681151], [37.368731, 55.683206], [37.373627, 55.682285], [37.371942, 55.684998], [37.380236, 55.690307], [37.381561, 55.687617], [37.379753, 55.686402], [37.386505, 55.678237], [37.383426, 55.675812], [37.389998, 55.674376], [37.395253, 55.675144], [37.397771, 55.67258], [37.398167, 55.681089], [37.400884, 55.682554], [37.403514, 55.681012], [37.40659, 55.683222], [37.411468, 55.681112], [37.409361, 55.67719], [37.419517, 55.676091], [37.424102, 55.668679], [37.42165, 55.66795], [37.414705, 55.671218], [37.418416, 55.666734], [37.406403, 55.663147], [37.406958, 55.660884], [37.399487, 55.658601], [37.398869, 55.657122], [37.406648, 55.656797], [37.408565, 55.658889], [37.414719, 55.654089], [37.415605, 55.657313], [37.420762, 55.658234], [37.41923, 55.659139], [37.427368, 55.658283], [37.429725, 55.659966], [37.432226, 55.659256], [37.434643, 55.656518], [37.430104, 55.656509], [37.429414, 55.652467], [37.43531, 55.651695], [37.434882, 55.653888], [37.438444, 55.654631], [37.45052, 55.644324], [37.448835, 55.643539], [37.454283, 55.639584], [37.454099, 55.63728], [37.424668, 55.628284], [37.417358, 55.634372], [37.416553, 55.631893], [37.420612, 55.628517], [37.393758, 55.620321], [37.392591, 55.618084], [37.417068, 55.623681], [37.417827, 55.620548], [37.421521, 55.619909], [37.4224, 55.626203], [37.425585, 55.625353], [37.425445, 55.621068], [37.42773, 55.625395], [37.433094, 55.628186], [37.438306, 55.62494], [37.431231, 55.622795], [37.430533, 55.620668], [37.435374, 55.619863], [37.439441, 55.623067], [37.446242, 55.620237], [37.447387, 55.622061], [37.441824, 55.627294], [37.458698, 55.627157], [37.459828, 55.628134], [37.454608, 55.632938], [37.45482, 55.634544], [37.458425, 55.635313], [37.463096, 55.633899], [37.471283, 55.626615], [37.465313, 55.626946], [37.463789, 55.625151], [37.467339, 55.622639], [37.472177, 55.623567], [37.477024, 55.621064], [37.474442, 55.622344], [37.471893, 55.621698], [37.470616, 55.616883], [37.472643, 55.616013], [37.465042, 55.616432], [37.463668, 55.61501], [37.467874, 55.614477], [37.467903, 55.61287], [37.45814, 55.611883], [37.456396, 55.607694], [37.452937, 55.611233], [37.450063, 55.611353], [37.450046, 55.606375], [37.459595, 55.604936], [37.46439, 55.602634], [37.453558, 55.600536], [37.456131, 55.600464], [37.457223, 55.598499], [37.466431, 55.600929], [37.472557, 55.599587], [37.470777, 55.5972], [37.475963, 55.594419], [37.47078, 55.589822], [37.469029, 55.584493], [37.465341, 55.582703], [37.451135, 55.588977], [37.465537, 55.580558], [37.459305, 55.578748], [37.460935, 55.577344], [37.455343, 55.573665], [37.447752, 55.576912], [37.454245, 55.572771], [37.447924, 55.567398], [37.441971, 55.566546], [37.443905, 55.563041], [37.440694, 55.560333], [37.441844, 55.558415], [37.436012, 55.552906], [37.430561, 55.550802], [37.432439, 55.549231]]]]}}, {"type": "Feature", "properties": {"school_id": "лицей-1533-лит", "name": "Лицей №1533 (информационных технологий) — главное здание", "min": 20, "mode": "driving", "method": "isochrone driving reverse:true", "status": "approx: гипотеза A (start_time = выезд), +8–14% (Гейт 2)", "start_time": "2026-10-14T05:10:00Z", "request_hash": "015d8f4d8de999a1ce70806fe65d3a73fdbe5495", "was_invalid": false}, "geometry": {"type": "MultiPolygon", "coordinates": [[[[37.496985, 55.654407], [37.508984, 55.661253], [37.519459, 55.656898], [37.523383, 55.658763], [37.528554, 55.656301], [37.534315, 55.659681], [37.538331, 55.654919], [37.549251, 55.663673], [37.554578, 55.659587], [37.558852, 55.660842], [37.559631, 55.659541], [37.568856, 55.663757], [37.57052, 55.6627], [37.575611, 55.663926], [37.57545, 55.66222], [37.581881, 55.662181], [37.580651, 55.664302], [37.586092, 55.668349], [37.596403, 55.665382], [37.598648, 55.665939], [37.593457, 55.669266], [37.596073, 55.672301], [37.59912, 55.672178], [37.59908, 55.674694], [37.593627, 55.675945], [37.599867, 55.677456], [37.599583, 55.679362], [37.604711, 55.681002], [37.603294, 55.682668], [37.598375, 55.681809], [37.608365, 55.689643], [37.614723, 55.698093], [37.623528, 55.703167], [37.622749, 55.705188], [37.63555, 55.703543], [37.640442, 55.704479], [37.635412, 55.706021], [37.623888, 55.706384], [37.622631, 55.710581], [37.625848, 55.711605], [37.623005, 55.720028], [37.626929, 55.721981], [37.618975, 55.722198], [37.623965, 55.723655], [37.627734, 55.723033], [37.627305, 55.72981], [37.637686, 55.73013], [37.639146, 55.731914], [37.633253, 55.733215], [37.626285, 55.730263], [37.620892, 55.734743], [37.616218, 55.732998], [37.618837, 55.732354], [37.617098, 55.730956], [37.613467, 55.733827], [37.616942, 55.739579], [37.621001, 55.738177], [37.618618, 55.742705], [37.623215, 55.74334], [37.620136, 55.746262], [37.617575, 55.745307], [37.618081, 55.748601], [37.628852, 55.750614], [37.62506, 55.751598], [37.624238, 55.750387], [37.61238, 55.748459], [37.615068, 55.7545], [37.613358, 55.755131], [37.611121, 55.752287], [37.608666, 55.75371], [37.611601, 55.755791], [37.608629, 55.755859], [37.606755, 55.754121], [37.599876, 55.758434], [37.598674, 55.753827], [37.588731, 55.757926], [37.585647, 55.757233], [37.584678, 55.75438], [37.584787, 55.757544], [37.588113, 55.76292], [37.600557, 55.771853], [37.592899, 55.769273], [37.583471, 55.762251], [37.584094, 55.76062], [37.577977, 55.763202], [37.578308, 55.7613], [37.570607, 55.760381], [37.569486, 55.758854], [37.57489, 55.757389], [37.568813, 55.757855], [37.563797, 55.75472], [37.558424, 55.756069], [37.553428, 55.753002], [37.556061, 55.751617], [37.549935, 55.753759], [37.553051, 55.757078], [37.54667, 55.758366], [37.546575, 55.754969], [37.54122, 55.753516], [37.539179, 55.75516], [37.54138, 55.756447], [37.535321, 55.757431], [37.538862, 55.766724], [37.545664, 55.772549], [37.556432, 55.775533], [37.5634, 55.784189], [37.558191, 55.783005], [37.558355, 55.781887], [37.553583, 55.781715], [37.555388, 55.780228], [37.552005, 55.777868], [37.554101, 55.776177], [37.545382, 55.773984], [37.537017, 55.767804], [37.525852, 55.770198], [37.522805, 55.768503], [37.51358, 55.771219], [37.51183, 55.769211], [37.524176, 55.759676], [37.529761, 55.7504], [37.505925, 55.740365], [37.502634, 55.743327], [37.499288, 55.74377], [37.504686, 55.745776], [37.50351, 55.748029], [37.498647, 55.745356], [37.492897, 55.748313], [37.466189, 55.740258], [37.464065, 55.738766], [37.466868, 55.737757], [37.46443, 55.735763], [37.465612, 55.734112], [37.45929, 55.733138], [37.45716, 55.730778], [37.452454, 55.73114], [37.450905, 55.729988], [37.454076, 55.728311], [37.441804, 55.726932], [37.454401, 55.725863], [37.44319, 55.722784], [37.444615, 55.720126], [37.447493, 55.721634], [37.45177, 55.720537], [37.451908, 55.72327], [37.459566, 55.724814], [37.461909, 55.719711], [37.463838, 55.725332], [37.478001, 55.7272], [37.47684, 55.7235], [37.469052, 55.721375], [37.476052, 55.720051], [37.47174, 55.715443], [37.471999, 55.710973], [37.465968, 55.708777], [37.476167, 55.704502], [37.463786, 55.703358], [37.464094, 55.701158], [37.453532, 55.701388], [37.444722, 55.692109], [37.437639, 55.689351], [37.43322, 55.68985], [37.430406, 55.688563], [37.427305, 55.690628], [37.423711, 55.685527], [37.431915, 55.684791], [37.431625, 55.68656], [37.435011, 55.687316], [37.439737, 55.683592], [37.445722, 55.682853], [37.444236, 55.685044], [37.449218, 55.687912], [37.451911, 55.68636], [37.447594, 55.683692], [37.449508, 55.682308], [37.456585, 55.686402], [37.452147, 55.690871], [37.462136, 55.694924], [37.466951, 55.691947], [37.463898, 55.688755], [37.468029, 55.689169], [37.467285, 55.68808], [37.473784, 55.685705], [37.455829, 55.673137], [37.45837, 55.672401], [37.464557, 55.675708], [37.469498, 55.67257], [37.472516, 55.673536], [37.475745, 55.670942], [37.470271, 55.670155], [37.46729, 55.666225], [37.471947, 55.662207], [37.478038, 55.663514], [37.480726, 55.662376], [37.481281, 55.657715], [37.484021, 55.660563], [37.490871, 55.656681], [37.489781, 55.654504], [37.496985, 55.654407]]]]}}, {"type": "Feature", "properties": {"school_id": "лицей-1533-лит", "name": "Лицей №1533 (информационных технологий) — главное здание", "min": 40, "mode": "driving", "method": "isochrone driving reverse:true", "status": "approx: гипотеза A (start_time = выезд), +8–14% (Гейт 2)", "start_time": "2026-10-14T04:50:00Z", "request_hash": "29936c1dbc42500de300b937cff76bd40947e0ac", "was_invalid": false}, "geometry": {"type": "MultiPolygon", "coordinates": [[[[37.532567, 55.590153], [37.533188, 55.591372], [37.536942, 55.591284], [37.535062, 55.593539], [37.536666, 55.595754], [37.546494, 55.594192], [37.546063, 55.595644], [37.539679, 55.597437], [37.543577, 55.602225], [37.546336, 55.601942], [37.548205, 55.597823], [37.55181, 55.598574], [37.550749, 55.601195], [37.556254, 55.597823], [37.558921, 55.598798], [37.552991, 55.602796], [37.545465, 55.604621], [37.549107, 55.609184], [37.557662, 55.610233], [37.559286, 55.611944], [37.54688, 55.620772], [37.543387, 55.630527], [37.548064, 55.637741], [37.559226, 55.641154], [37.566499, 55.646819], [37.586098, 55.642267], [37.587268, 55.639649], [37.584114, 55.637702], [37.587348, 55.636375], [37.585557, 55.632506], [37.58991, 55.630556], [37.587811, 55.62829], [37.589872, 55.625366], [37.582217, 55.620821], [37.585169, 55.620672], [37.589536, 55.623058], [37.593793, 55.622814], [37.59122, 55.618224], [37.593523, 55.615318], [37.597266, 55.621629], [37.605579, 55.621198], [37.601661, 55.610467], [37.609374, 55.608064], [37.612501, 55.609197], [37.618506, 55.607687], [37.617859, 55.610428], [37.621137, 55.613344], [37.625635, 55.612357], [37.623741, 55.608973], [37.632365, 55.610136], [37.630476, 55.611746], [37.632704, 55.613415], [37.62947, 55.614175], [37.627625, 55.617104], [37.63204, 55.61576], [37.633661, 55.616867], [37.63204, 55.619198], [37.628306, 55.619393], [37.625032, 55.62198], [37.62667, 55.624067], [37.622626, 55.628832], [37.622758, 55.630627], [37.629752, 55.631818], [37.630597, 55.633934], [37.639152, 55.633133], [37.637444, 55.630491], [37.632589, 55.629666], [37.637116, 55.627907], [37.636355, 55.624512], [37.640192, 55.624866], [37.640977, 55.627463], [37.645013, 55.62731], [37.642984, 55.62633], [37.644467, 55.622314], [37.64192, 55.619298], [37.642368, 55.613854], [37.64516, 55.616984], [37.644194, 55.620792], [37.649883, 55.623658], [37.646723, 55.627527], [37.649489, 55.636469], [37.655339, 55.636573], [37.65823, 55.631701], [37.661602, 55.630689], [37.659101, 55.635427], [37.662905, 55.637056], [37.679968, 55.636826], [37.681477, 55.635537], [37.690685, 55.637991], [37.693855, 55.635606], [37.700076, 55.634914], [37.691573, 55.639487], [37.689667, 55.642345], [37.686143, 55.641356], [37.664925, 55.649771], [37.666107, 55.653064], [37.663385, 55.654718], [37.660435, 55.65286], [37.655807, 55.654397], [37.655925, 55.659535], [37.659909, 55.660903], [37.660654, 55.66438], [37.664707, 55.665654], [37.66408, 55.669441], [37.666915, 55.671432], [37.665302, 55.674755], [37.67114, 55.676062], [37.675734, 55.67446], [37.679445, 55.675173], [37.68042, 55.681365], [37.686839, 55.676276], [37.684315, 55.681815], [37.687531, 55.681012], [37.691743, 55.684911], [37.698052, 55.685105], [37.70026, 55.688288], [37.696032, 55.691862], [37.686873, 55.691295], [37.669904, 55.686985], [37.684243, 55.691914], [37.685832, 55.694565], [37.683702, 55.696059], [37.691714, 55.702593], [37.708047, 55.69811], [37.708801, 55.695261], [37.715205, 55.691483], [37.716039, 55.686726], [37.723349, 55.690939], [37.720101, 55.69288], [37.720839, 55.694934], [37.719132, 55.695563], [37.71597, 55.693748], [37.713259, 55.696707], [37.718543, 55.702717], [37.716829, 55.703342], [37.710637, 55.699691], [37.708772, 55.700633], [37.710761, 55.70342], [37.709358, 55.705279], [37.703172, 55.704965], [37.702528, 55.713545], [37.698581, 55.718157], [37.702275, 55.718778], [37.707013, 55.714866], [37.716162, 55.713056], [37.726586, 55.707232], [37.726336, 55.703296], [37.73059, 55.704981], [37.732091, 55.704122], [37.734373, 55.708573], [37.745915, 55.706857], [37.751555, 55.707689], [37.751572, 55.706225], [37.753797, 55.70708], [37.75152, 55.708641], [37.736742, 55.710079], [37.735218, 55.714883], [37.72873, 55.714724], [37.727874, 55.716978], [37.712328, 55.72133], [37.725505, 55.725633], [37.729825, 55.721515], [37.727405, 55.72755], [37.730941, 55.728586], [37.735603, 55.726925], [37.738081, 55.727654], [37.735132, 55.731474], [37.742793, 55.730434], [37.738975, 55.733199], [37.729825, 55.733241], [37.72746, 55.731988], [37.727474, 55.735183], [37.721345, 55.732225], [37.719684, 55.734432], [37.711201, 55.736756], [37.711646, 55.738336], [37.707645, 55.73944], [37.70893, 55.742132], [37.714248, 55.74334], [37.712345, 55.747948], [37.716801, 55.743822], [37.720831, 55.744155], [37.722311, 55.741106], [37.724896, 55.748032], [37.72873, 55.746314], [37.731636, 55.747427], [37.721334, 55.750481], [37.729041, 55.753092], [37.725358, 55.756347], [37.720943, 55.754166], [37.717766, 55.75437], [37.719733, 55.762267], [37.712601, 55.761995], [37.710022, 55.763383], [37.71246, 55.764919], [37.719899, 55.764107], [37.720722, 55.766786], [37.714573, 55.769919], [37.716272, 55.775937], [37.710994, 55.780215], [37.7186, 55.780089], [37.717568, 55.781732], [37.719718, 55.781376], [37.719905, 55.782747], [37.715349, 55.783461], [37.712791, 55.78748], [37.709068, 55.786681], [37.70864, 55.792053], [37.704259, 55.791184], [37.707087, 55.793146], [37.705503, 55.794574], [37.709764, 55.795725], [37.702301, 55.79693], [37.698702, 55.801374], [37.69479, 55.798301], [37.697661, 55.795673], [37.693016, 55.79407], [37.689087, 55.79526], [37.687181, 55.792887], [37.685674, 55.794031], [37.687934, 55.795079], [37.683449, 55.796917], [37.675797, 55.792709], [37.662798, 55.793637], [37.658486, 55.802411], [37.655298, 55.798821], [37.651208, 55.797674], [37.655822, 55.796413], [37.655479, 55.794907], [37.637691, 55.793741], [37.637904, 55.795935], [37.642388, 55.794872], [37.643556, 55.796249], [37.645953, 55.795702], [37.646249, 55.799622], [37.652059, 55.802902], [37.650731, 55.804928], [37.64852, 55.804356], [37.645648, 55.805914], [37.646864, 55.808793], [37.652754, 55.809862], [37.658754, 55.808518], [37.660846, 55.813025], [37.6547, 55.811703], [37.653982, 55.814911], [37.649026, 55.81433], [37.648503, 55.815764], [37.651981, 55.816391], [37.646617, 55.818083], [37.643009, 55.81672], [37.646028, 55.814339], [37.638683, 55.81433], [37.641414, 55.817676], [37.639019, 55.818209], [37.641592, 55.81901], [37.639807, 55.821084], [37.63931, 55.819346], [37.638812, 55.818942], [37.637835, 55.81766], [37.63693, 55.817069], [37.637292, 55.81642], [37.636133, 55.815745], [37.636967, 55.814285], [37.632034, 55.814201], [37.629634, 55.811629], [37.624382, 55.811888], [37.629516, 55.807823], [37.62861, 55.804637], [37.620314, 55.811907], [37.62398, 55.812162], [37.624727, 55.813826], [37.620004, 55.813525], [37.618176, 55.817334], [37.614413, 55.815767], [37.617474, 55.814259], [37.615077, 55.810489], [37.609057, 55.811048], [37.604067, 55.813839], [37.60691, 55.81496], [37.605766, 55.816559], [37.600988, 55.814853], [37.598979, 55.817208], [37.593957, 55.818254], [37.59321, 55.823022], [37.587869, 55.823684], [37.582275, 55.820774], [37.579722, 55.826426], [37.577526, 55.825399], [37.579481, 55.820938], [37.577417, 55.819001], [37.573085, 55.827617], [37.573338, 55.836022], [37.569537, 55.835105], [37.571251, 55.827895], [37.559583, 55.82463], [37.554532, 55.82939], [37.556875, 55.831918], [37.54878, 55.832503], [37.547814, 55.828457], [37.549231, 55.827178], [37.552985, 55.827553], [37.558847, 55.818981], [37.553572, 55.81786], [37.552126, 55.815767], [37.557634, 55.808437], [37.554417, 55.806079], [37.559652, 55.804114], [37.553805, 55.804114], [37.543847, 55.81098], [37.536531, 55.807978], [37.539641, 55.811445], [37.531233, 55.814307], [37.519298, 55.812511], [37.520376, 55.814524], [37.524024, 55.815231], [37.536597, 55.816116], [37.538621, 55.814336], [37.540331, 55.814966], [37.539181, 55.817864], [37.534663, 55.81945], [37.534582, 55.821739], [37.530566, 55.822886], [37.534683, 55.826748], [37.534021, 55.831873], [37.536468, 55.834559], [37.542631, 55.835002], [37.546632, 55.839195], [37.551261, 55.836283], [37.554032, 55.836952], [37.549769, 55.840112], [37.553034, 55.841184], [37.542346, 55.844903], [37.534614, 55.841446], [37.530126, 55.842288], [37.531135, 55.839525], [37.5272, 55.840451], [37.525104, 55.837165], [37.522851, 55.839825], [37.518214, 55.837359], [37.518714, 55.840981], [37.522316, 55.841594], [37.51993, 55.842546], [37.513595, 55.838653], [37.506713, 55.838221], [37.50485, 55.842462], [37.508236, 55.844828], [37.506773, 55.84958], [37.502108, 55.844958], [37.500104, 55.847556], [37.498382, 55.84692], [37.492173, 55.839906], [37.490023, 55.840312], [37.490546, 55.84252], [37.482187, 55.840755], [37.478524, 55.843541], [37.477084, 55.848208], [37.47289, 55.848644], [37.477104, 55.843524], [37.47634, 55.841013], [37.486156, 55.830627], [37.481316, 55.827869], [37.475661, 55.829545], [37.473097, 55.827875], [37.476915, 55.825192], [37.488235, 55.825683], [37.491862, 55.822841], [37.487476, 55.821155], [37.484972, 55.815719], [37.478743, 55.815557], [37.479168, 55.813803], [37.471918, 55.816898], [37.464844, 55.825486], [37.471122, 55.830439], [37.468489, 55.830775], [37.462955, 55.827146], [37.458853, 55.828069], [37.463484, 55.83391], [37.461875, 55.83535], [37.45883, 55.834511], [37.458414, 55.832348], [37.45484, 55.832493], [37.455752, 55.833852], [37.453512, 55.834275], [37.445507, 55.833362], [37.445087, 55.830036], [37.440611, 55.827727], [37.447944, 55.822621], [37.434261, 55.824478], [37.430797, 55.8263], [37.428138, 55.825667], [37.425062, 55.827611], [37.422119, 55.82669], [37.425442, 55.824339], [37.42846, 55.824749], [37.428046, 55.822289], [37.431522, 55.820709], [37.429058, 55.819643], [37.432229, 55.819081], [37.433755, 55.81662], [37.430901, 55.814992], [37.433186, 55.812521], [37.431734, 55.811781], [37.435698, 55.81046], [37.446909, 55.817838], [37.446254, 55.815745], [37.449359, 55.815215], [37.451914, 55.810812], [37.448953, 55.810101], [37.448953, 55.808515], [37.458715, 55.808657], [37.45267, 55.805833], [37.44979, 55.807022], [37.443371, 55.805413], [37.448539, 55.804082], [37.447594, 55.798378], [37.454007, 55.79312], [37.451606, 55.78917], [37.44912, 55.789952], [37.451046, 55.792241], [37.446562, 55.793592], [37.443543, 55.788611], [37.440772, 55.789768], [37.433054, 55.786626], [37.426281, 55.78598], [37.415921, 55.791591], [37.409833, 55.791271], [37.412799, 55.793795], [37.411756, 55.797645], [37.407565, 55.800233], [37.41534, 55.805856], [37.41089, 55.807364], [37.41361, 55.810027], [37.408395, 55.809009], [37.405972, 55.809936], [37.411529, 55.813009], [37.410393, 55.814627], [37.4035, 55.819156], [37.395819, 55.821601], [37.397006, 55.828476], [37.395129, 55.829955], [37.400312, 55.834818], [37.397078, 55.837736], [37.396793, 55.842188], [37.392318, 55.845484], [37.392973, 55.850306], [37.389043, 55.849347], [37.394275, 55.832968], [37.388609, 55.832374], [37.393048, 55.829374], [37.381762, 55.83021], [37.378537, 55.82803], [37.378603, 55.825515], [37.382748, 55.822854], [37.380995, 55.819643], [37.383858, 55.816455], [37.379845, 55.813829], [37.380328, 55.811846], [37.376732, 55.812349], [37.372652, 55.810628], [37.368786, 55.798924], [37.358377, 55.795027], [37.354735, 55.798104], [37.359791, 55.80138], [37.359777, 55.804292], [37.353824, 55.804379], [37.349949, 55.801332], [37.346721, 55.802111], [37.344579, 55.805132], [37.342141, 55.800004], [37.33106, 55.800437], [37.344634, 55.79685], [37.351179, 55.793004], [37.354991, 55.793194], [37.351806, 55.790363], [37.35272, 55.786691], [37.344927, 55.782158], [37.348822, 55.780956], [37.352565, 55.78222], [37.353893, 55.779614], [37.345045, 55.77608], [37.342449, 55.772426], [37.346879, 55.768115], [37.35445, 55.770324], [37.352694, 55.772216], [37.34683, 55.771779], [37.350262, 55.775064], [37.359579, 55.773127], [37.364187, 55.771168], [37.358581, 55.76945], [37.360266, 55.76804], [37.364172, 55.768603], [37.36302, 55.765964], [37.342711, 55.761222], [37.328473, 55.751067], [37.32738, 55.752258], [37.320309, 55.752313], [37.321312, 55.75624], [37.324365, 55.757583], [37.322353, 55.758618], [37.316704, 55.758366], [37.317072, 55.754283], [37.309949, 55.753558], [37.306082, 55.75854], [37.311705, 55.76205], [37.30883, 55.763668], [37.302138, 55.763021], [37.29803, 55.757913], [37.300603, 55.754205], [37.305591, 55.753697], [37.303555, 55.752846], [37.30555, 55.747834], [37.294038, 55.752788], [37.284787, 55.752617], [37.282108, 55.751109], [37.289292, 55.748155], [37.289861, 55.745993], [37.284848, 55.7451], [37.285227, 55.747197], [37.282548, 55.748135], [37.272102, 55.740453], [37.256932, 55.738329], [37.258444, 55.736604], [37.267393, 55.737436], [37.270566, 55.73384], [37.270279, 55.728456], [37.26716, 55.726511], [37.269839, 55.725118], [37.275887, 55.725643], [37.260965, 55.718539], [37.262886, 55.716408], [37.266459, 55.716194], [37.268816, 55.711579], [37.264294, 55.702992], [37.265116, 55.694506], [37.245511, 55.69146], [37.22718, 55.701819], [37.228916, 55.703782], [37.222974, 55.709176], [37.19827, 55.715342], [37.197017, 55.716806], [37.20245, 55.720741], [37.201423, 55.722279], [37.194691, 55.719037], [37.193061, 55.721479], [37.19023, 55.720838], [37.194524, 55.714853], [37.190029, 55.710377], [37.193061, 55.709526], [37.196243, 55.712447], [37.204459, 55.710488], [37.200377, 55.70649], [37.203206, 55.702917], [37.206618, 55.704709], [37.209148, 55.703999], [37.207276, 55.701955], [37.212051, 55.699775], [37.208854, 55.696441], [37.202887, 55.698158], [37.203827, 55.692235], [37.206862, 55.692028], [37.207742, 55.694332], [37.211953, 55.693282], [37.204361, 55.689801], [37.193625, 55.688959], [37.197002, 55.687335], [37.20504, 55.6881], [37.211137, 55.685429], [37.210973, 55.689062], [37.214923, 55.689432], [37.227235, 55.696201], [37.227548, 55.692857], [37.223397, 55.691305], [37.225875, 55.684256], [37.229974, 55.684399], [37.22691, 55.688298], [37.228494, 55.690453], [37.236086, 55.690511], [37.24462, 55.688294], [37.23817, 55.686048], [37.231972, 55.681125], [37.206957, 55.680321], [37.193912, 55.677832], [37.19029, 55.680516], [37.196496, 55.685209], [37.1848, 55.68659], [37.188807, 55.682794], [37.179585, 55.684058], [37.176943, 55.682023], [37.185964, 55.681595], [37.187131, 55.678496], [37.171352, 55.675144], [37.168308, 55.678564], [37.171203, 55.680026], [37.168236, 55.680571], [37.158598, 55.691026], [37.15547, 55.689911], [37.160501, 55.68154], [37.150244, 55.681391], [37.141945, 55.684253], [37.139033, 55.687789], [37.136207, 55.687144], [37.136184, 55.683598], [37.141471, 55.681806], [37.139628, 55.677128], [37.1445, 55.681368], [37.154855, 55.677702], [37.158701, 55.678866], [37.164177, 55.677984], [37.163582, 55.676029], [37.170125, 55.671205], [37.168274, 55.66819], [37.170217, 55.666886], [37.166095, 55.664133], [37.169849, 55.662113], [37.173488, 55.662499], [37.171542, 55.660725], [37.172976, 55.658309], [37.179002, 55.659321], [37.180396, 55.657835], [37.171056, 55.65743], [37.1679, 55.655451], [37.160708, 55.655484], [37.159848, 55.654099], [37.15595, 55.654773], [37.153441, 55.652477], [37.170947, 55.654796], [37.172979, 55.65247], [37.177748, 55.651708], [37.179421, 55.652671], [37.177449, 55.654131], [37.18158, 55.65441], [37.184003, 55.656963], [37.1882, 55.655004], [37.190756, 55.655737], [37.19434, 55.659324], [37.197698, 55.65778], [37.193688, 55.656681], [37.195203, 55.6556], [37.206494, 55.6556], [37.208127, 55.656515], [37.206333, 55.657923], [37.210042, 55.658536], [37.211338, 55.657177], [37.209993, 55.653833], [37.194306, 55.655033], [37.180146, 55.650355], [37.173847, 55.641907], [37.176981, 55.637481], [37.175607, 55.625311], [37.158899, 55.625681], [37.154872, 55.624499], [37.152081, 55.627368], [37.152935, 55.62991], [37.150218, 55.63041], [37.148344, 55.623204], [37.141793, 55.623412], [37.146067, 55.620824], [37.141724, 55.616312], [37.147082, 55.616773], [37.148821, 55.621633], [37.153032, 55.621603], [37.149991, 55.618058], [37.164212, 55.613672], [37.164373, 55.616484], [37.156881, 55.618717], [37.155993, 55.622159], [37.174299, 55.622503], [37.183874, 55.627161], [37.179933, 55.640301], [37.185806, 55.650063], [37.191664, 55.6514], [37.203393, 55.650809], [37.199319, 55.648081], [37.204675, 55.64678], [37.198164, 55.642222], [37.200734, 55.643056], [37.202763, 55.641359], [37.208463, 55.641901], [37.21003, 55.643646], [37.214638, 55.642556], [37.217196, 55.643383], [37.21258, 55.64679], [37.216055, 55.648565], [37.21699, 55.652753], [37.224093, 55.650187], [37.221074, 55.648023], [37.222402, 55.646638], [37.228399, 55.649843], [37.232328, 55.649204], [37.231506, 55.651328], [37.235623, 55.653758], [37.236456, 55.656638], [37.241093, 55.655779], [37.24686, 55.657349], [37.254043, 55.655399], [37.260698, 55.651059], [37.269785, 55.651929], [37.271164, 55.653294], [37.262656, 55.652464], [37.256579, 55.657151], [37.249944, 55.659142], [37.254032, 55.661889], [37.248024, 55.662262], [37.246664, 55.663653], [37.251493, 55.66509], [37.255938, 55.663384], [37.258142, 55.667603], [37.27215, 55.671568], [37.27355, 55.669341], [37.263759, 55.665975], [37.270966, 55.667807], [37.274689, 55.667035], [37.277624, 55.662204], [37.289369, 55.656729], [37.287673, 55.660076], [37.291229, 55.662998], [37.286673, 55.663647], [37.295636, 55.666487], [37.290243, 55.667376], [37.289651, 55.67223], [37.284569, 55.672875], [37.299988, 55.679702], [37.297398, 55.683511], [37.310834, 55.685903], [37.312007, 55.682516], [37.314623, 55.682191], [37.325385, 55.686146], [37.326443, 55.68716], [37.323712, 55.688268], [37.328501, 55.690948], [37.333014, 55.69088], [37.331152, 55.688077], [37.32801, 55.687581], [37.327892, 55.684733], [37.322456, 55.681965], [37.320668, 55.677861], [37.333069, 55.685925], [37.333943, 55.679712], [37.337663, 55.68202], [37.343429, 55.678337], [37.348034, 55.681414], [37.350328, 55.678153], [37.354982, 55.680733], [37.359102, 55.675086], [37.364529, 55.675747], [37.365279, 55.677981], [37.369565, 55.673206], [37.375237, 55.671711], [37.377511, 55.673381], [37.373207, 55.675345], [37.375165, 55.679245], [37.366331, 55.681157], [37.368726, 55.683154], [37.37396, 55.682097], [37.372057, 55.685011], [37.380227, 55.690278], [37.38276, 55.680927], [37.386088, 55.67837], [37.381909, 55.674976], [37.389423, 55.67353], [37.392867, 55.675365], [37.396816, 55.671066], [37.400137, 55.671649], [37.398533, 55.681125], [37.400918, 55.682486], [37.404782, 55.68129], [37.406665, 55.683135], [37.41133, 55.681151], [37.408111, 55.678402], [37.409036, 55.67658], [37.406958, 55.676418], [37.408231, 55.67398], [37.418238, 55.666896], [37.398234, 55.662898], [37.392941, 55.662901], [37.386333, 55.666059], [37.377608, 55.664477], [37.375475, 55.661451], [37.3696, 55.661198], [37.36596, 55.658464], [37.367642, 55.655639], [37.371293, 55.65572], [37.372244, 55.657958], [37.378494, 55.65814], [37.382532, 55.663073], [37.389779, 55.659282], [37.40561, 55.660417], [37.395922, 55.65766], [37.388345, 55.658672], [37.382265, 55.656674], [37.383151, 55.654543], [37.38025, 55.652905], [37.3729, 55.653434], [37.362652, 55.643916], [37.364402, 55.64339], [37.369855, 55.646355], [37.370775, 55.644032], [37.37359, 55.644042], [37.374012, 55.649317], [37.379859, 55.651114], [37.384154, 55.650028], [37.379965, 55.649531], [37.379707, 55.648312], [37.383079, 55.646449], [37.381084, 55.642634], [37.38472, 55.641975], [37.386862, 55.646284], [37.392901, 55.646709], [37.391539, 55.64934], [37.395382, 55.652058], [37.405754, 55.64825], [37.402068, 55.647763], [37.395874, 55.649995], [37.397199, 55.647929], [37.404178, 55.645492], [37.39945, 55.643808], [37.401347, 55.641589], [37.408605, 55.640308], [37.415096, 55.63445], [37.407274, 55.631234], [37.411166, 55.630293], [37.414613, 55.63212], [37.420819, 55.629478], [37.414987, 55.626512], [37.381127, 55.617087], [37.381868, 55.61563], [37.389374, 55.614675], [37.389147, 55.617084], [37.415869, 55.623093], [37.416131, 55.621324], [37.410839, 55.62013], [37.414742, 55.616052], [37.422728, 55.61924], [37.426218, 55.61736], [37.433111, 55.619087], [37.432646, 55.616334], [37.436572, 55.615422], [37.439274, 55.623058], [37.441548, 55.622113], [37.439757, 55.620006], [37.441965, 55.619321], [37.444604, 55.620642], [37.449258, 55.615318], [37.44979, 55.619821], [37.461119, 55.616123], [37.461006, 55.618373], [37.451411, 55.621736], [37.44774, 55.62135], [37.441856, 55.627086], [37.446559, 55.62618], [37.460176, 55.627618], [37.4548, 55.632724], [37.454898, 55.634496], [37.46015, 55.636053], [37.459583, 55.637764], [37.488847, 55.611503], [37.478947, 55.594273], [37.476437, 55.594205], [37.477857, 55.592808], [37.479367, 55.592739], [37.478358, 55.593756], [37.479096, 55.594159], [37.480942, 55.596742], [37.482678, 55.597336], [37.484584, 55.600194], [37.489695, 55.601244], [37.494654, 55.599074], [37.503171, 55.600198], [37.514477, 55.593386], [37.517056, 55.592678], [37.518171, 55.593711], [37.522509, 55.591446], [37.523911, 55.592395], [37.532567, 55.590153]]]]}}, {"type": "Feature", "properties": {"school_id": "школа-1448-шуваловская-школа-1448", "name": "Школа №1448 «Шуваловская школа № 1448»", "min": 20, "mode": "driving", "method": "isochrone driving reverse:true", "status": "approx: гипотеза A (start_time = выезд), +8–14% (Гейт 2)", "start_time": "2026-10-14T05:10:00Z", "request_hash": "737454f4332a83934ac5ef1e4320b647f0cf67a9", "was_invalid": false}, "geometry": {"type": "MultiPolygon", "coordinates": [[[[37.470369, 55.647332], [37.472574, 55.654738], [37.478208, 55.653135], [37.481729, 55.655007], [37.483722, 55.660543], [37.490882, 55.656499], [37.482299, 55.652139], [37.482621, 55.64994], [37.485122, 55.649875], [37.489359, 55.65332], [37.495574, 55.654348], [37.506029, 55.651137], [37.498831, 55.655357], [37.508998, 55.661153], [37.515963, 55.657546], [37.52175, 55.657041], [37.523549, 55.655101], [37.536672, 55.656509], [37.531728, 55.65766], [37.53205, 55.659574], [37.525705, 55.661072], [37.528152, 55.663819], [37.534286, 55.661461], [37.542824, 55.665005], [37.541263, 55.667762], [37.532883, 55.664856], [37.525984, 55.668884], [37.52808, 55.673971], [37.532952, 55.678003], [37.539776, 55.673873], [37.545828, 55.673653], [37.543022, 55.675378], [37.543775, 55.677303], [37.552347, 55.68224], [37.546977, 55.674969], [37.55611, 55.680059], [37.56075, 55.676882], [37.566421, 55.676548], [37.565073, 55.679394], [37.571518, 55.680496], [37.567269, 55.683491], [37.56906, 55.685873], [37.565588, 55.687701], [37.567597, 55.688508], [37.576885, 55.686823], [37.577695, 55.688068], [37.575085, 55.689811], [37.577112, 55.691674], [37.574574, 55.691872], [37.571932, 55.689727], [37.565154, 55.692177], [37.57217, 55.692676], [37.575669, 55.694464], [37.575689, 55.696924], [37.569626, 55.694756], [37.577716, 55.700115], [37.587199, 55.704706], [37.592595, 55.701382], [37.591798, 55.70478], [37.606847, 55.700335], [37.613668, 55.701278], [37.598487, 55.705], [37.6024, 55.705632], [37.603291, 55.710248], [37.589211, 55.711187], [37.599775, 55.7186], [37.602538, 55.717065], [37.610443, 55.719232], [37.60762, 55.721505], [37.609972, 55.724707], [37.612964, 55.725274], [37.612191, 55.727291], [37.614864, 55.72563], [37.616497, 55.727822], [37.613594, 55.729975], [37.613907, 55.733134], [37.610546, 55.733018], [37.611328, 55.730153], [37.600715, 55.734419], [37.599574, 55.73284], [37.609333, 55.728835], [37.600057, 55.722538], [37.596395, 55.724782], [37.593833, 55.723441], [37.596702, 55.720731], [37.589611, 55.71544], [37.584623, 55.714358], [37.58487, 55.712768], [37.578943, 55.714815], [37.594521, 55.729127], [37.597708, 55.734303], [37.594911, 55.735144], [37.596389, 55.738601], [37.592842, 55.736701], [37.589464, 55.738381], [37.588214, 55.737585], [37.592181, 55.734937], [37.588915, 55.734908], [37.589809, 55.731535], [37.584106, 55.731697], [37.584919, 55.73385], [37.581453, 55.732629], [37.575778, 55.733296], [37.572423, 55.729276], [37.577092, 55.728609], [37.576776, 55.726349], [37.565582, 55.726472], [37.568086, 55.731202], [37.566533, 55.729891], [37.559169, 55.730415], [37.565769, 55.734931], [37.564061, 55.735533], [37.566447, 55.737579], [37.56829, 55.737925], [37.56758, 55.735342], [37.57359, 55.738669], [37.575473, 55.744119], [37.582967, 55.746343], [37.586296, 55.759032], [37.580918, 55.757593], [37.582243, 55.752869], [37.575404, 55.752882], [37.576704, 55.755234], [37.567715, 55.75525], [37.570207, 55.752927], [37.561362, 55.752636], [37.560936, 55.74975], [37.551551, 55.74787], [37.550459, 55.748744], [37.534226, 55.744573], [37.533125, 55.749857], [37.54278, 55.751772], [37.540015, 55.753917], [37.536192, 55.752785], [37.533998, 55.756506], [37.537278, 55.765314], [37.542366, 55.770789], [37.536108, 55.767251], [37.532055, 55.756253], [37.528077, 55.756121], [37.52651, 55.757631], [37.529885, 55.750459], [37.524242, 55.747718], [37.519039, 55.74899], [37.513281, 55.754804], [37.509375, 55.751992], [37.502171, 55.754571], [37.482664, 55.753963], [37.481157, 55.752895], [37.488715, 55.751348], [37.489707, 55.747741], [37.45927, 55.738957], [37.455536, 55.733672], [37.450382, 55.731878], [37.402773, 55.755153], [37.402959, 55.752885], [37.42069, 55.74477], [37.419031, 55.742534], [37.421917, 55.742844], [37.431547, 55.73819], [37.427655, 55.736252], [37.428247, 55.734785], [37.434267, 55.736805], [37.442281, 55.733306], [37.442181, 55.731432], [37.437662, 55.732574], [37.434928, 55.731668], [37.436291, 55.729593], [37.440051, 55.729596], [37.440263, 55.727751], [37.433117, 55.728777], [37.409361, 55.727637], [37.392108, 55.730179], [37.381414, 55.728894], [37.373889, 55.732341], [37.37503, 55.738478], [37.373242, 55.739699], [37.372454, 55.730901], [37.351768, 55.729758], [37.371776, 55.730049], [37.378356, 55.727521], [37.391326, 55.729308], [37.405768, 55.727242], [37.398142, 55.723302], [37.399829, 55.721728], [37.403649, 55.722204], [37.406935, 55.720851], [37.406211, 55.717515], [37.410051, 55.71657], [37.408806, 55.726585], [37.419307, 55.726174], [37.423918, 55.722758], [37.427054, 55.72541], [37.429667, 55.724354], [37.434623, 55.725795], [37.434891, 55.722279], [37.428621, 55.721596], [37.425746, 55.719637], [37.428245, 55.717292], [37.432249, 55.717583], [37.432855, 55.715355], [37.436612, 55.714931], [37.435776, 55.7136], [37.427923, 55.715168], [37.422768, 55.713357], [37.420038, 55.714394], [37.417764, 55.711579], [37.419874, 55.709338], [37.418189, 55.705389], [37.406291, 55.710112], [37.404632, 55.714355], [37.401585, 55.71417], [37.404848, 55.709007], [37.401792, 55.706205], [37.406662, 55.707945], [37.412793, 55.705136], [37.406409, 55.700763], [37.406941, 55.699273], [37.416298, 55.704142], [37.419854, 55.697685], [37.416528, 55.695187], [37.418845, 55.688968], [37.427448, 55.687643], [37.418094, 55.684408], [37.414972, 55.690388], [37.411414, 55.692915], [37.409824, 55.692378], [37.412891, 55.684457], [37.407245, 55.685348], [37.405998, 55.684198], [37.412986, 55.680088], [37.408591, 55.677916], [37.41012, 55.677054], [37.418258, 55.678649], [37.42451, 55.668845], [37.420106, 55.668342], [37.416717, 55.664532], [37.4195, 55.660955], [37.410224, 55.661322], [37.408507, 55.659168], [37.423516, 55.660628], [37.422513, 55.659603], [37.427368, 55.658247], [37.429667, 55.661172], [37.434195, 55.659956], [37.43861, 55.654407], [37.449991, 55.647679], [37.438469, 55.659768], [37.449137, 55.660579], [37.456122, 55.657485], [37.458793, 55.658461], [37.45361, 55.661049], [37.457502, 55.662252], [37.459549, 55.66508], [37.463151, 55.66235], [37.460256, 55.661675], [37.460449, 55.659587], [37.469159, 55.653288], [37.467141, 55.647491], [37.470369, 55.647332]]]]}}, {"type": "Feature", "properties": {"school_id": "школа-1448-шуваловская-школа-1448", "name": "Школа №1448 «Шуваловская школа № 1448»", "min": 40, "mode": "driving", "method": "isochrone driving reverse:true", "status": "approx: гипотеза A (start_time = выезд), +8–14% (Гейт 2)", "start_time": "2026-10-14T04:50:00Z", "request_hash": "6d2aa58383e20aa4471506d052867547cccb1201", "was_invalid": false}, "geometry": {"type": "MultiPolygon", "coordinates": [[[[37.471487, 55.583704], [37.477682, 55.590452], [37.483032, 55.591001], [37.48409, 55.593542], [37.479962, 55.59501], [37.483986, 55.594685], [37.486898, 55.598236], [37.491207, 55.599704], [37.498103, 55.598424], [37.50456, 55.599457], [37.510248, 55.596219], [37.509883, 55.594689], [37.517056, 55.592678], [37.518343, 55.593581], [37.525383, 55.590452], [37.524788, 55.585903], [37.532004, 55.589858], [37.543807, 55.587538], [37.541165, 55.589611], [37.542619, 55.590452], [37.536129, 55.592298], [37.537491, 55.598073], [37.533058, 55.598252], [37.532688, 55.600003], [37.536209, 55.60415], [37.540271, 55.603407], [37.541202, 55.600591], [37.545796, 55.602354], [37.548101, 55.597875], [37.550505, 55.600955], [37.557093, 55.599431], [37.55298, 55.602796], [37.545293, 55.605011], [37.549082, 55.609197], [37.55757, 55.610311], [37.559192, 55.612172], [37.546868, 55.620759], [37.543375, 55.630523], [37.548061, 55.637741], [37.559197, 55.641171], [37.566499, 55.646822], [37.586109, 55.642277], [37.585767, 55.632347], [37.59089, 55.631964], [37.591795, 55.630179], [37.597982, 55.632899], [37.600074, 55.632029], [37.594871, 55.626021], [37.596694, 55.624885], [37.604852, 55.633477], [37.611604, 55.632656], [37.611403, 55.629637], [37.616517, 55.63151], [37.620912, 55.629092], [37.624402, 55.632467], [37.621289, 55.635106], [37.622462, 55.640437], [37.642414, 55.638578], [37.641055, 55.640525], [37.636159, 55.640995], [37.638292, 55.644363], [37.633196, 55.642618], [37.622516, 55.642024], [37.620932, 55.651766], [37.622953, 55.654572], [37.620314, 55.660375], [37.624048, 55.662521], [37.630844, 55.662389], [37.638715, 55.658513], [37.637913, 55.65503], [37.643133, 55.656823], [37.648905, 55.653765], [37.651581, 55.654108], [37.651719, 55.65466], [37.6495, 55.654666], [37.649239, 55.656444], [37.643064, 55.659703], [37.647839, 55.663819], [37.656782, 55.667528], [37.650159, 55.667402], [37.650929, 55.670116], [37.648241, 55.671043], [37.64591, 55.666403], [37.638939, 55.665388], [37.633762, 55.667544], [37.632891, 55.671001], [37.636935, 55.671286], [37.645901, 55.677527], [37.653137, 55.675002], [37.656454, 55.675177], [37.656187, 55.676833], [37.663017, 55.676811], [37.659513, 55.667561], [37.661875, 55.666633], [37.66571, 55.675397], [37.678292, 55.675173], [37.67563, 55.677533], [37.668453, 55.677926], [37.672296, 55.680004], [37.678281, 55.68035], [37.675967, 55.680629], [37.677145, 55.682606], [37.667699, 55.68012], [37.667426, 55.684353], [37.67392, 55.682885], [37.674423, 55.685796], [37.680307, 55.687299], [37.6843, 55.684237], [37.686445, 55.68507], [37.683544, 55.688443], [37.693453, 55.690287], [37.693263, 55.691668], [37.690682, 55.691742], [37.669781, 55.686959], [37.684042, 55.692663], [37.685467, 55.694448], [37.683553, 55.696049], [37.689443, 55.702636], [37.69366, 55.703837], [37.692732, 55.705292], [37.698075, 55.705823], [37.697581, 55.707294], [37.686951, 55.707585], [37.684479, 55.710546], [37.695678, 55.714497], [37.700766, 55.712185], [37.698469, 55.718241], [37.70444, 55.718345], [37.706504, 55.716006], [37.717991, 55.712169], [37.727808, 55.710685], [37.715513, 55.715563], [37.717131, 55.717014], [37.726801, 55.71406], [37.725309, 55.716936], [37.712141, 55.721317], [37.717393, 55.723114], [37.715984, 55.724494], [37.723064, 55.726384], [37.723938, 55.729421], [37.720796, 55.727077], [37.714512, 55.726355], [37.710178, 55.727773], [37.702801, 55.734057], [37.709479, 55.733834], [37.710626, 55.731885], [37.714455, 55.732972], [37.708614, 55.735637], [37.708254, 55.74209], [37.71415, 55.743401], [37.712187, 55.748271], [37.716847, 55.743851], [37.718557, 55.744482], [37.722107, 55.749815], [37.718603, 55.751106], [37.723131, 55.751604], [37.725568, 55.75438], [37.724088, 55.755862], [37.718278, 55.75393], [37.715395, 55.757903], [37.714783, 55.754697], [37.707542, 55.754781], [37.710706, 55.756988], [37.710232, 55.758948], [37.705524, 55.756671], [37.7016, 55.756616], [37.698696, 55.758437], [37.696379, 55.756661], [37.692904, 55.756939], [37.699426, 55.763001], [37.703396, 55.76184], [37.707326, 55.764075], [37.704103, 55.765993], [37.706144, 55.76729], [37.704029, 55.769182], [37.707654, 55.771129], [37.708962, 55.773102], [37.707665, 55.773254], [37.707702, 55.77195], [37.703342, 55.771591], [37.698708, 55.772908], [37.700263, 55.769884], [37.697613, 55.768234], [37.693881, 55.76991], [37.702545, 55.777014], [37.703428, 55.780354], [37.699139, 55.782368], [37.700145, 55.788126], [37.69721, 55.787334], [37.695471, 55.780134], [37.688494, 55.77932], [37.689837, 55.781036], [37.684933, 55.781725], [37.678445, 55.779316], [37.680618, 55.781515], [37.678853, 55.784237], [37.688629, 55.782647], [37.688468, 55.785436], [37.685444, 55.785837], [37.687491, 55.788129], [37.681351, 55.791436], [37.665391, 55.792293], [37.660499, 55.794283], [37.662315, 55.797027], [37.659165, 55.798378], [37.658782, 55.802343], [37.655298, 55.798821], [37.651208, 55.797674], [37.655298, 55.79653], [37.656474, 55.79428], [37.637611, 55.793705], [37.637939, 55.795987], [37.646091, 55.795583], [37.646413, 55.798966], [37.645505, 55.800085], [37.642092, 55.798818], [37.636501, 55.801426], [37.637519, 55.804741], [37.646922, 55.807064], [37.646723, 55.808815], [37.652999, 55.809807], [37.653217, 55.811471], [37.648235, 55.810976], [37.645864, 55.813251], [37.638959, 55.809897], [37.632819, 55.811409], [37.628303, 55.804641], [37.621964, 55.810104], [37.609152, 55.810983], [37.60336, 55.81431], [37.596113, 55.814336], [37.591928, 55.819139], [37.589202, 55.818203], [37.585287, 55.821103], [37.579251, 55.821853], [37.578725, 55.818975], [37.576678, 55.818849], [37.571871, 55.832922], [37.571483, 55.828066], [37.568908, 55.826238], [37.559617, 55.824462], [37.556418, 55.82754], [37.553471, 55.826748], [37.558847, 55.820273], [37.553296, 55.816727], [37.557881, 55.808437], [37.554621, 55.806075], [37.558413, 55.805823], [37.559663, 55.804108], [37.553799, 55.804111], [37.543502, 55.810838], [37.536502, 55.807965], [37.539529, 55.811264], [37.531193, 55.814249], [37.519286, 55.812505], [37.520611, 55.814617], [37.536856, 55.816255], [37.534579, 55.821739], [37.530537, 55.823089], [37.534683, 55.826748], [37.53395, 55.831692], [37.536462, 55.834563], [37.54253, 55.835021], [37.546923, 55.838792], [37.551286, 55.836348], [37.554066, 55.83711], [37.551879, 55.842395], [37.546969, 55.842227], [37.542341, 55.844638], [37.538469, 55.842194], [37.538934, 55.839647], [37.536037, 55.841904], [37.530779, 55.841465], [37.530854, 55.838953], [37.527214, 55.840451], [37.525099, 55.837517], [37.522811, 55.839677], [37.519634, 55.836296], [37.517107, 55.837965], [37.514494, 55.836597], [37.51736, 55.834295], [37.511292, 55.83239], [37.508532, 55.83638], [37.512721, 55.836936], [37.512968, 55.838324], [37.506425, 55.838233], [37.504879, 55.842834], [37.501768, 55.843315], [37.501237, 55.838879], [37.495806, 55.839977], [37.494763, 55.838405], [37.503904, 55.836726], [37.506, 55.832561], [37.504554, 55.829916], [37.494818, 55.82599], [37.492857, 55.82607], [37.484437, 55.837717], [37.487801, 55.839641], [37.477745, 55.843657], [37.477489, 55.841013], [37.486214, 55.830627], [37.480994, 55.827637], [37.475661, 55.828899], [37.474247, 55.827869], [37.479214, 55.825192], [37.488286, 55.825757], [37.491897, 55.822834], [37.487599, 55.821142], [37.485041, 55.815693], [37.47905, 55.815509], [37.479056, 55.813764], [37.472203, 55.815176], [37.462964, 55.825741], [37.461452, 55.824207], [37.463565, 55.821271], [37.461015, 55.818871], [37.450241, 55.820221], [37.453044, 55.820935], [37.451267, 55.82286], [37.453294, 55.825428], [37.45641, 55.825311], [37.458894, 55.827449], [37.457603, 55.829235], [37.454964, 55.827827], [37.452667, 55.829755], [37.450261, 55.827775], [37.445458, 55.828247], [37.444354, 55.826597], [37.450089, 55.824811], [37.447226, 55.821494], [37.443362, 55.823138], [37.439093, 55.822867], [37.442574, 55.816365], [37.446909, 55.818225], [37.446743, 55.815654], [37.451687, 55.813797], [37.4501, 55.808515], [37.458643, 55.808948], [37.453808, 55.805736], [37.447671, 55.804802], [37.447594, 55.798378], [37.454044, 55.793123], [37.451641, 55.789147], [37.449094, 55.789959], [37.451112, 55.79206], [37.446915, 55.793495], [37.443569, 55.788604], [37.440804, 55.789726], [37.433039, 55.786607], [37.4266, 55.785944], [37.415763, 55.791349], [37.410042, 55.791152], [37.412957, 55.796384], [37.409818, 55.799832], [37.412239, 55.804243], [37.415053, 55.803057], [37.430245, 55.803193], [37.435167, 55.804786], [37.421351, 55.80528], [37.419598, 55.808818], [37.408094, 55.817857], [37.39617, 55.82224], [37.397365, 55.828838], [37.402008, 55.828415], [37.405118, 55.830278], [37.412768, 55.828873], [37.414682, 55.826955], [37.432904, 55.824811], [37.429964, 55.826894], [37.423556, 55.827188], [37.42554, 55.830565], [37.4219, 55.832054], [37.420089, 55.831269], [37.422398, 55.830614], [37.418175, 55.829122], [37.416171, 55.831418], [37.410977, 55.831085], [37.410833, 55.833823], [37.415349, 55.836445], [37.414717, 55.837497], [37.407461, 55.836781], [37.410655, 55.838698], [37.408105, 55.8411], [37.404012, 55.839928], [37.403486, 55.838224], [37.400878, 55.839237], [37.39947, 55.838024], [37.403514, 55.836619], [37.403215, 55.834188], [37.397322, 55.83773], [37.39901, 55.841597], [37.392717, 55.845487], [37.393792, 55.849308], [37.395195, 55.850848], [37.399665, 55.850257], [37.401764, 55.847201], [37.404385, 55.846965], [37.406061, 55.848382], [37.404285, 55.849325], [37.407036, 55.850661], [37.401807, 55.851784], [37.402071, 55.854724], [37.39694, 55.8529], [37.403126, 55.865042], [37.407056, 55.866791], [37.404414, 55.867642], [37.39815, 55.864132], [37.395353, 55.857602], [37.391455, 55.856618], [37.393008, 55.853736], [37.386028, 55.85391], [37.384884, 55.852187], [37.380793, 55.851932], [37.381092, 55.85048], [37.3851, 55.850035], [37.377079, 55.845242], [37.379965, 55.844218], [37.38242, 55.845742], [37.383349, 55.843308], [37.385916, 55.843279], [37.387408, 55.848195], [37.388874, 55.840971], [37.393059, 55.839618], [37.392953, 55.836342], [37.390262, 55.835586], [37.388687, 55.840542], [37.383665, 55.842272], [37.385091, 55.836932], [37.376108, 55.840028], [37.375363, 55.83886], [37.382797, 55.835299], [37.38403, 55.83259], [37.367679, 55.828951], [37.363655, 55.82669], [37.364966, 55.82557], [37.372086, 55.827669], [37.371905, 55.82402], [37.376757, 55.823144], [37.376073, 55.828063], [37.379221, 55.829529], [37.378195, 55.825657], [37.382653, 55.822834], [37.38378, 55.817027], [37.380285, 55.811865], [37.376364, 55.812401], [37.372468, 55.810825], [37.37227, 55.804818], [37.36876, 55.798937], [37.358305, 55.795075], [37.35481, 55.797225], [37.359277, 55.800883], [37.358021, 55.804676], [37.354324, 55.804476], [37.351472, 55.800844], [37.346813, 55.802159], [37.346614, 55.804363], [37.343866, 55.805184], [37.341164, 55.799429], [37.339617, 55.800705], [37.335423, 55.80003], [37.332695, 55.801277], [37.329677, 55.800663], [37.329588, 55.8018], [37.315393, 55.80246], [37.330781, 55.798753], [37.33306, 55.799719], [37.346965, 55.79577], [37.350253, 55.793388], [37.354968, 55.793175], [37.351679, 55.790599], [37.352657, 55.786655], [37.344786, 55.782162], [37.348865, 55.780923], [37.352674, 55.782174], [37.353855, 55.779604], [37.344907, 55.776157], [37.34244, 55.772235], [37.347278, 55.768063], [37.35303, 55.768736], [37.354657, 55.770298], [37.35303, 55.772306], [37.346844, 55.771789], [37.350282, 55.775061], [37.359567, 55.773121], [37.364172, 55.771168], [37.358527, 55.769441], [37.359777, 55.768073], [37.364158, 55.768597], [37.363008, 55.76597], [37.342587, 55.76129], [37.331959, 55.753021], [37.328841, 55.75285], [37.328475, 55.75108], [37.327745, 55.75228], [37.320317, 55.752439], [37.321516, 55.756324], [37.324695, 55.757376], [37.322781, 55.758747], [37.316425, 55.758544], [37.317035, 55.754312], [37.310023, 55.753652], [37.309592, 55.756011], [37.305358, 55.757602], [37.310779, 55.760608], [37.3109, 55.762784], [37.306272, 55.7638], [37.301434, 55.762448], [37.298789, 55.759094], [37.300247, 55.754636], [37.305548, 55.753701], [37.303354, 55.75285], [37.305576, 55.751724], [37.305527, 55.747847], [37.294385, 55.752898], [37.284787, 55.752749], [37.281691, 55.751093], [37.289427, 55.747931], [37.29062, 55.746576], [37.288334, 55.745259], [37.284583, 55.7452], [37.285083, 55.747394], [37.281441, 55.748139], [37.279357, 55.74445], [37.272426, 55.740679], [37.257191, 55.739673], [37.24947, 55.736902], [37.252537, 55.735989], [37.266513, 55.737579], [37.270052, 55.734497], [37.269974, 55.72846], [37.26712, 55.726278], [37.269839, 55.724779], [37.275712, 55.725828], [37.275646, 55.724539], [37.260842, 55.718775], [37.26225, 55.716411], [37.266433, 55.716178], [37.26877, 55.711586], [37.264245, 55.703225], [37.265286, 55.694095], [37.254474, 55.693353], [37.24907, 55.691477], [37.244462, 55.692135], [37.239394, 55.696405], [37.232929, 55.697977], [37.227237, 55.701858], [37.228097, 55.704518], [37.224403, 55.708693], [37.217007, 55.711362], [37.211019, 55.71156], [37.199489, 55.716006], [37.200728, 55.719484], [37.205399, 55.720786], [37.209162, 55.719886], [37.212359, 55.723649], [37.214943, 55.723127], [37.219249, 55.725426], [37.2224, 55.72248], [37.22526, 55.723755], [37.220292, 55.727424], [37.212703, 55.725439], [37.21057, 55.726741], [37.226407, 55.734131], [37.223276, 55.735232], [37.201998, 55.728327], [37.192903, 55.730668], [37.19399, 55.728356], [37.187907, 55.731189], [37.186179, 55.728314], [37.182031, 55.727854], [37.186154, 55.725701], [37.181192, 55.724953], [37.176426, 55.725708], [37.1698, 55.730127], [37.164867, 55.730027], [37.171335, 55.725866], [37.165635, 55.723445], [37.168653, 55.722302], [37.175842, 55.723422], [37.180738, 55.718312], [37.170849, 55.714588], [37.161475, 55.715012], [37.163786, 55.71017], [37.166621, 55.71017], [37.167595, 55.712535], [37.174675, 55.712758], [37.178639, 55.715323], [37.181014, 55.709428], [37.183886, 55.708878], [37.189822, 55.713616], [37.1853, 55.71702], [37.188272, 55.718225], [37.194125, 55.714219], [37.187821, 55.710319], [37.191374, 55.708223], [37.196514, 55.709506], [37.196243, 55.71233], [37.204361, 55.710377], [37.200015, 55.706879], [37.20228, 55.704916], [37.202386, 55.698881], [37.200469, 55.698009], [37.203381, 55.696668], [37.203545, 55.69066], [37.199808, 55.6889], [37.189045, 55.690385], [37.180393, 55.684324], [37.176805, 55.684664], [37.167538, 55.68167], [37.16318, 55.688443], [37.15833, 55.691175], [37.15459, 55.690381], [37.1543, 55.688622], [37.159903, 55.681851], [37.153788, 55.681041], [37.141977, 55.684305], [37.139027, 55.689095], [37.135934, 55.690239], [37.145921, 55.691379], [37.146472, 55.692847], [37.144118, 55.693483], [37.146823, 55.695213], [37.143831, 55.695858], [37.137601, 55.693262], [37.134261, 55.695683], [37.133011, 55.69391], [37.124102, 55.701395], [37.121498, 55.699736], [37.117203, 55.702691], [37.113929, 55.701881], [37.114337, 55.699801], [37.12637, 55.696211], [37.135673, 55.686995], [37.113564, 55.685961], [37.113179, 55.683611], [37.118057, 55.68469], [37.126388, 55.683909], [37.127362, 55.677002], [37.130708, 55.679427], [37.147852, 55.675705], [37.149577, 55.677209], [37.146576, 55.677242], [37.143161, 55.679692], [37.144486, 55.681281], [37.154855, 55.677589], [37.158698, 55.678694], [37.164134, 55.677952], [37.164554, 55.675303], [37.169955, 55.671221], [37.167966, 55.668193], [37.169984, 55.666886], [37.165698, 55.664276], [37.171208, 55.661013], [37.169268, 55.659437], [37.171576, 55.657825], [37.166675, 55.655802], [37.161179, 55.656817], [37.15946, 55.655659], [37.156005, 55.658027], [37.153975, 55.654462], [37.144227, 55.655078], [37.151877, 55.665654], [37.150255, 55.667107], [37.141735, 55.6597], [37.140275, 55.655685], [37.128963, 55.659424], [37.111264, 55.658727], [37.107447, 55.656369], [37.127213, 55.658052], [37.129938, 55.656505], [37.127532, 55.654413], [37.123363, 55.65453], [37.125402, 55.650809], [37.135302, 55.654916], [37.146053, 55.652289], [37.155829, 55.651964], [37.146539, 55.648889], [37.149065, 55.647841], [37.162832, 55.652221], [37.166353, 55.643325], [37.168584, 55.649119], [37.181658, 55.652717], [37.17776, 55.653982], [37.181862, 55.654254], [37.183684, 55.656619], [37.187858, 55.654832], [37.190865, 55.655432], [37.19401, 55.659188], [37.19752, 55.657799], [37.193665, 55.657955], [37.192872, 55.65454], [37.18411, 55.652986], [37.175926, 55.646994], [37.175604, 55.625314], [37.155792, 55.625229], [37.155326, 55.630501], [37.147033, 55.639461], [37.149882, 55.645217], [37.145397, 55.644295], [37.142802, 55.641258], [37.146084, 55.634879], [37.145754, 55.623658], [37.137619, 55.622749], [37.132671, 55.625125], [37.13097, 55.622658], [37.127221, 55.621951], [37.124904, 55.622798], [37.126684, 55.624067], [37.125002, 55.626882], [37.122567, 55.623928], [37.120314, 55.62559], [37.11768, 55.624716], [37.121768, 55.621331], [37.102066, 55.619256], [37.100312, 55.627323], [37.108387, 55.632948], [37.103994, 55.632357], [37.103583, 55.636991], [37.099076, 55.639211], [37.102037, 55.640966], [37.099631, 55.641261], [37.094684, 55.631857], [37.096745, 55.628615], [37.093542, 55.626933], [37.097731, 55.618652], [37.095192, 55.616857], [37.092763, 55.617789], [37.084691, 55.614266], [37.075619, 55.613945], [37.07436, 55.612376], [37.072078, 55.613298], [37.066323, 55.611506], [37.054922, 55.611347], [37.04447, 55.608298], [37.035375, 55.6081], [37.034492, 55.606736], [37.025026, 55.606801], [37.024931, 55.605161], [37.019119, 55.606093], [37.019047, 55.604654], [37.016164, 55.604384], [37.017469, 55.603621], [37.02147, 55.604962], [37.026825, 55.604176], [37.035219, 55.606278], [37.051291, 55.607395], [37.046298, 55.603228], [37.047566, 55.602098], [37.055083, 55.60377], [37.053137, 55.60556], [37.055655, 55.607359], [37.068642, 55.609408], [37.070959, 55.607583], [37.077769, 55.608233], [37.077565, 55.61059], [37.08934, 55.613831], [37.091662, 55.612123], [37.098895, 55.611691], [37.086635, 55.609132], [37.095178, 55.607905], [37.093442, 55.605943], [37.09828, 55.60329], [37.09594, 55.601835], [37.105429, 55.603072], [37.115389, 55.595608], [37.118321, 55.603449], [37.108157, 55.603933], [37.101907, 55.614087], [37.10891, 55.616441], [37.120256, 55.616659], [37.125048, 55.618993], [37.128408, 55.61801], [37.129645, 55.619643], [37.134497, 55.619133], [37.137696, 55.620931], [37.144449, 55.620938], [37.143463, 55.61813], [37.136184, 55.612876], [37.141037, 55.612727], [37.145061, 55.610766], [37.152848, 55.611584], [37.157065, 55.613954], [37.158756, 55.611798], [37.154475, 55.609132], [37.161159, 55.606849], [37.158606, 55.602468], [37.149758, 55.601929], [37.151072, 55.600519], [37.157706, 55.599704], [37.156772, 55.596823], [37.148634, 55.594783], [37.148861, 55.59208], [37.15144, 55.591778], [37.152279, 55.593685], [37.170064, 55.598574], [37.168184, 55.600626], [37.172637, 55.602965], [37.170849, 55.605502], [37.165928, 55.604608], [37.168337, 55.608661], [37.178987, 55.60872], [37.181876, 55.605586], [37.18973, 55.609132], [37.184696, 55.611064], [37.184647, 55.613295], [37.179556, 55.611415], [37.167357, 55.611613], [37.172482, 55.614977], [37.166115, 55.615542], [37.169124, 55.618815], [37.162544, 55.621438], [37.175604, 55.622386], [37.183175, 55.626625], [37.180057, 55.640298], [37.18584, 55.65005], [37.201208, 55.65128], [37.199285, 55.647851], [37.204376, 55.646696], [37.19731, 55.642043], [37.193469, 55.642069], [37.190215, 55.644347], [37.188879, 55.641002], [37.195979, 55.636268], [37.201898, 55.63764], [37.203703, 55.636407], [37.201561, 55.633181], [37.205166, 55.631049], [37.212393, 55.631], [37.213862, 55.631831], [37.211085, 55.632951], [37.215817, 55.633788], [37.218458, 55.636414], [37.212873, 55.637715], [37.219781, 55.640622], [37.214399, 55.646161], [37.216958, 55.652681], [37.220893, 55.650446], [37.218982, 55.647286], [37.222696, 55.645272], [37.226427, 55.645658], [37.231868, 55.642034], [37.246055, 55.647471], [37.243068, 55.647244], [37.243643, 55.648243], [37.234815, 55.651338], [37.236356, 55.65656], [37.241093, 55.655552], [37.246868, 55.657261], [37.253989, 55.655296], [37.25989, 55.651277], [37.259818, 55.648662], [37.261405, 55.649989], [37.264113, 55.648993], [37.272185, 55.651546], [37.275485, 55.651059], [37.277543, 55.652821], [37.289283, 55.654303], [37.299988, 55.657689], [37.304757, 55.661746], [37.303308, 55.662483], [37.298007, 55.660751], [37.295814, 55.661763], [37.299603, 55.665599], [37.295463, 55.66819], [37.297907, 55.668897], [37.298134, 55.672732], [37.293411, 55.671134], [37.284629, 55.672703], [37.300037, 55.679712], [37.297318, 55.68319], [37.306689, 55.685154], [37.311251, 55.682153], [37.315042, 55.682046], [37.324051, 55.685575], [37.326127, 55.690258], [37.332132, 55.690864], [37.312628, 55.67127], [37.307508, 55.668349], [37.307675, 55.665651], [37.305323, 55.66508], [37.304156, 55.663592], [37.305059, 55.662541], [37.307011, 55.665427], [37.30921, 55.665453], [37.315939, 55.671695], [37.325313, 55.67222], [37.328786, 55.665683], [37.333543, 55.667943], [37.329384, 55.672239], [37.334805, 55.673682], [37.338933, 55.671815], [37.344838, 55.672564], [37.331827, 55.678182], [37.324511, 55.678221], [37.326075, 55.681893], [37.333017, 55.685779], [37.33436, 55.684402], [37.331543, 55.680289], [37.34549, 55.675225], [37.354505, 55.678804], [37.354936, 55.680561], [37.358751, 55.674888], [37.36264, 55.674865], [37.365276, 55.677948], [37.369143, 55.672966], [37.376361, 55.671669], [37.377683, 55.674259], [37.37327, 55.675326], [37.375265, 55.67966], [37.366374, 55.681161], [37.368726, 55.683131], [37.374179, 55.681974], [37.372141, 55.68507], [37.380224, 55.690258], [37.380285, 55.688959], [37.379255, 55.688064], [37.38142, 55.68764], [37.382762, 55.680649], [37.386028, 55.678542], [37.381679, 55.674849], [37.385111, 55.673426], [37.38823, 55.674707], [37.389814, 55.673468], [37.392872, 55.675348], [37.396607, 55.670946], [37.400608, 55.67161], [37.398567, 55.681135], [37.400921, 55.682477], [37.40116, 55.681297], [37.405282, 55.681297], [37.406668, 55.683125], [37.41131, 55.681154], [37.40801, 55.678461], [37.409002, 55.676606], [37.406926, 55.677125], [37.408082, 55.673526], [37.418192, 55.66688], [37.398579, 55.662972], [37.392829, 55.662988], [37.388676, 55.666153], [37.377071, 55.664782], [37.375659, 55.661036], [37.369042, 55.660877], [37.365567, 55.658948], [37.366788, 55.655425], [37.370701, 55.655403], [37.372138, 55.657835], [37.378824, 55.657955], [37.382524, 55.663031], [37.386002, 55.662372], [37.389032, 55.659197], [37.405561, 55.66041], [37.396264, 55.65777], [37.387859, 55.658977], [37.381863, 55.656888], [37.382645, 55.654608], [37.380155, 55.653207], [37.380661, 55.656116], [37.374472, 55.656194], [37.37457, 55.653242], [37.370427, 55.653612], [37.372287, 55.651974], [37.367547, 55.648668], [37.364954, 55.651322], [37.368047, 55.653213], [37.365334, 55.654572], [37.346611, 55.655999], [37.343691, 55.653126], [37.336332, 55.651916], [37.338215, 55.649058], [37.334909, 55.646725], [37.336826, 55.644837], [37.334943, 55.64289], [37.339888, 55.643812], [37.344202, 55.641956], [37.338841, 55.637958], [37.34687, 55.64059], [37.351743, 55.638351], [37.344519, 55.634187], [37.336539, 55.634707], [37.327915, 55.632548], [37.331939, 55.631662], [37.343449, 55.633506], [37.348132, 55.630942], [37.351855, 55.631627], [37.356647, 55.629615], [37.359579, 55.630585], [37.366455, 55.626586], [37.367835, 55.627479], [37.361646, 55.631688], [37.362617, 55.635057], [37.364874, 55.635953], [37.367786, 55.63457], [37.368467, 55.630397], [37.372474, 55.628462], [37.378821, 55.630559], [37.373012, 55.631049], [37.372621, 55.63507], [37.367395, 55.637692], [37.371779, 55.638481], [37.374875, 55.637312], [37.376384, 55.638523], [37.379287, 55.638426], [37.383924, 55.635239], [37.382107, 55.633765], [37.383674, 55.632292], [37.405509, 55.630329], [37.406403, 55.628466], [37.409344, 55.628242], [37.413449, 55.631919], [37.417197, 55.63126], [37.41716, 55.627242], [37.398323, 55.622918], [37.392806, 55.619331], [37.384539, 55.619022], [37.382693, 55.616818], [37.36845, 55.613837], [37.36678, 55.612165], [37.368622, 55.611464], [37.376763, 55.614477], [37.379937, 55.610938], [37.398906, 55.606482], [37.398895, 55.607986], [37.388026, 55.611571], [37.390791, 55.614331], [37.389256, 55.617003], [37.404785, 55.619107], [37.405248, 55.616123], [37.408369, 55.61561], [37.408887, 55.609541], [37.419592, 55.614175], [37.418701, 55.617565], [37.420469, 55.616711], [37.433189, 55.618906], [37.431358, 55.614977], [37.433494, 55.613032], [37.426434, 55.606421], [37.416467, 55.605573], [37.411555, 55.607983], [37.408645, 55.607447], [37.413943, 55.603939], [37.409514, 55.602309], [37.412808, 55.598723], [37.408579, 55.598769], [37.412253, 55.596303], [37.408585, 55.594825], [37.411241, 55.593974], [37.414696, 55.59704], [37.416752, 55.594695], [37.420581, 55.594312], [37.416545, 55.598145], [37.41672, 55.601305], [37.422855, 55.604729], [37.429564, 55.60367], [37.434362, 55.605511], [37.445371, 55.606378], [37.450365, 55.603722], [37.452259, 55.606115], [37.464407, 55.602793], [37.463116, 55.599772], [37.469923, 55.602332], [37.473465, 55.600422], [37.477642, 55.601123], [37.478228, 55.599905], [37.477952, 55.601679], [37.471829, 55.603283], [37.477216, 55.604397], [37.475957, 55.606031], [37.466572, 55.606271], [37.46372, 55.608483], [37.475701, 55.614471], [37.486228, 55.610947], [37.487559, 55.611974], [37.48104, 55.615626], [37.482871, 55.616425], [37.488723, 55.611698], [37.488813, 55.61021], [37.48296, 55.604586], [37.478243, 55.595026], [37.474132, 55.592242], [37.475037, 55.58965], [37.469521, 55.584419], [37.471487, 55.583704]]]]}}, {"type": "Feature", "properties": {"school_id": "лицей-вторая-школа-в-ф-овчинникова", "name": "Лицей «Вторая школа» им. В. Ф. Овчинникова", "min": 20, "mode": "driving", "method": "isochrone driving reverse:true", "status": "approx: гипотеза A (start_time = выезд), +8–14% (Гейт 2)", "start_time": "2026-10-14T05:10:00Z", "request_hash": null, "was_invalid": false}, "geometry": {"type": "MultiPolygon", "coordinates": [[[[37.485449, 55.601195], [37.489842, 55.606541], [37.489002, 55.608421], [37.491753, 55.609288], [37.500725, 55.603949], [37.496384, 55.611262], [37.509018, 55.604368], [37.517159, 55.609399], [37.525355, 55.607041], [37.514914, 55.61574], [37.507426, 55.619292], [37.516167, 55.624551], [37.514854, 55.625512], [37.52768, 55.623915], [37.530259, 55.626349], [37.528258, 55.628797], [37.533153, 55.630387], [37.540236, 55.626661], [37.532693, 55.622149], [37.536603, 55.620496], [37.540337, 55.622259], [37.540929, 55.619685], [37.538523, 55.616925], [37.540107, 55.615581], [37.536517, 55.614052], [37.532892, 55.61448], [37.53238, 55.613029], [37.53796, 55.611876], [37.536945, 55.608944], [37.540144, 55.610704], [37.546112, 55.610188], [37.540811, 55.613026], [37.544336, 55.617734], [37.551269, 55.614178], [37.553097, 55.615591], [37.545238, 55.620172], [37.544166, 55.631159], [37.548952, 55.638516], [37.560014, 55.642011], [37.566499, 55.646871], [37.586155, 55.6423], [37.587389, 55.639691], [37.584517, 55.637699], [37.58761, 55.636423], [37.586926, 55.632347], [37.590967, 55.63211], [37.589234, 55.628466], [37.592068, 55.628459], [37.597547, 55.632892], [37.60004, 55.632026], [37.595765, 55.62669], [37.589723, 55.623639], [37.594707, 55.622113], [37.593385, 55.619009], [37.597648, 55.621736], [37.606059, 55.620759], [37.602736, 55.613363], [37.603504, 55.610623], [37.607126, 55.609129], [37.605019, 55.605235], [37.607327, 55.603641], [37.612349, 55.609204], [37.618503, 55.607687], [37.617425, 55.610431], [37.62028, 55.613178], [37.628961, 55.612146], [37.628309, 55.617714], [37.63177, 55.614175], [37.634719, 55.614977], [37.632316, 55.619032], [37.628289, 55.619354], [37.624925, 55.621957], [37.622899, 55.630906], [37.628993, 55.631711], [37.62832, 55.628459], [37.636912, 55.628118], [37.636567, 55.621886], [37.642038, 55.624041], [37.640767, 55.627255], [37.643855, 55.628154], [37.642486, 55.624661], [37.644317, 55.622262], [37.648477, 55.624418], [37.646588, 55.626895], [37.649802, 55.628625], [37.650104, 55.636397], [37.653513, 55.636949], [37.659774, 55.631208], [37.659354, 55.627174], [37.666432, 55.626404], [37.659165, 55.635693], [37.677168, 55.636261], [37.678519, 55.63764], [37.675447, 55.638185], [37.672882, 55.641278], [37.675731, 55.643542], [37.685281, 55.638565], [37.682613, 55.636384], [37.679891, 55.63764], [37.68349, 55.630416], [37.686554, 55.631916], [37.687914, 55.636991], [37.690673, 55.637858], [37.701761, 55.633162], [37.702442, 55.636553], [37.691449, 55.639649], [37.691326, 55.642884], [37.697687, 55.648208], [37.692594, 55.646706], [37.686129, 55.641365], [37.665049, 55.64984], [37.66615, 55.653067], [37.663388, 55.654721], [37.660386, 55.652937], [37.655908, 55.653781], [37.654738, 55.657799], [37.665765, 55.66819], [37.663845, 55.669059], [37.66592, 55.671111], [37.665061, 55.674852], [37.680805, 55.676029], [37.67854, 55.682632], [37.673411, 55.682911], [37.665357, 55.680512], [37.667421, 55.684545], [37.67488, 55.68413], [37.674644, 55.686778], [37.66964, 55.686927], [37.682903, 55.692024], [37.683455, 55.696029], [37.691265, 55.702542], [37.708185, 55.698155], [37.711106, 55.693969], [37.716634, 55.691972], [37.713138, 55.696392], [37.716292, 55.700219], [37.7111, 55.698518], [37.708548, 55.700828], [37.710505, 55.703999], [37.702732, 55.705136], [37.70256, 55.713558], [37.697871, 55.718115], [37.702086, 55.718879], [37.717988, 55.712136], [37.726324, 55.709791], [37.732878, 55.709655], [37.731188, 55.714355], [37.712037, 55.721327], [37.721992, 55.723775], [37.72873, 55.728071], [37.735227, 55.727777], [37.733197, 55.730379], [37.737598, 55.730991], [37.73694, 55.732487], [37.726939, 55.732565], [37.733218, 55.743841], [37.728155, 55.741343], [37.725419, 55.733484], [37.720578, 55.731454], [37.707645, 55.734772], [37.702077, 55.737782], [37.698573, 55.737436], [37.700634, 55.748109], [37.703324, 55.747666], [37.70822, 55.749695], [37.703925, 55.750129], [37.701608, 55.749511], [37.693062, 55.750743], [37.683444, 55.7481], [37.671888, 55.749601], [37.671408, 55.757085], [37.66774, 55.75845], [37.662764, 55.757437], [37.660559, 55.760174], [37.666808, 55.760663], [37.668142, 55.764017], [37.656049, 55.764625], [37.649957, 55.76946], [37.653076, 55.770262], [37.65343, 55.773318], [37.648638, 55.774566], [37.646577, 55.773706], [37.648362, 55.771808], [37.645007, 55.770408], [37.641219, 55.772018], [37.636858, 55.77165], [37.641267, 55.768115], [37.649773, 55.767908], [37.648468, 55.765799], [37.644749, 55.766165], [37.643257, 55.764864], [37.642863, 55.763205], [37.644878, 55.764078], [37.646292, 55.761439], [37.642055, 55.761025], [37.642084, 55.759052], [37.633871, 55.761465], [37.64012, 55.765301], [37.639048, 55.76632], [37.634193, 55.766013], [37.634788, 55.764463], [37.63212, 55.765569], [37.630775, 55.761846], [37.624333, 55.763208], [37.620332, 55.759414], [37.618075, 55.764204], [37.626788, 55.767258], [37.622562, 55.767762], [37.620375, 55.771426], [37.617816, 55.770291], [37.615928, 55.771815], [37.623876, 55.772843], [37.626874, 55.774712], [37.622424, 55.774178], [37.618598, 55.777997], [37.614755, 55.775689], [37.617377, 55.774279], [37.610193, 55.773603], [37.607807, 55.778502], [37.604814, 55.777189], [37.605895, 55.774233], [37.602587, 55.775543], [37.598735, 55.774369], [37.600135, 55.777848], [37.591525, 55.77823], [37.591781, 55.7808], [37.586451, 55.781971], [37.587903, 55.783869], [37.585874, 55.783597], [37.57917, 55.774615], [37.565245, 55.770903], [37.558171, 55.771653], [37.554719, 55.774825], [37.566266, 55.78488], [37.578779, 55.780018], [37.575324, 55.783464], [37.570716, 55.784745], [37.577149, 55.785139], [37.574148, 55.787331], [37.575482, 55.791323], [37.580193, 55.790945], [37.584649, 55.79292], [37.576712, 55.795971], [37.573407, 55.794801], [37.563825, 55.796837], [37.560083, 55.795483], [37.562012, 55.793799], [37.560042, 55.792509], [37.565878, 55.789917], [37.56463, 55.786442], [37.555276, 55.792008], [37.550818, 55.792477], [37.547998, 55.794707], [37.544566, 55.794274], [37.547492, 55.790883], [37.545787, 55.78884], [37.551554, 55.790133], [37.55912, 55.786248], [37.555342, 55.78394], [37.551617, 55.784334], [37.546963, 55.782446], [37.536597, 55.782582], [37.534737, 55.784376], [37.5296, 55.781247], [37.518309, 55.781247], [37.512479, 55.787117], [37.509671, 55.782779], [37.510274, 55.77822], [37.500912, 55.778088], [37.499848, 55.775663], [37.491762, 55.772859], [37.462909, 55.778544], [37.459796, 55.777622], [37.475802, 55.774499], [37.472807, 55.770831], [37.474095, 55.768564], [37.470542, 55.769415], [37.46965, 55.767785], [37.476216, 55.766957], [37.486562, 55.768891], [37.495617, 55.766362], [37.502079, 55.769441], [37.508233, 55.765346], [37.506161, 55.763826], [37.507584, 55.76195], [37.513724, 55.760659], [37.510924, 55.763719], [37.517369, 55.76227], [37.515702, 55.758702], [37.519602, 55.759032], [37.52231, 55.756292], [37.515917, 55.75799], [37.516774, 55.754267], [37.502869, 55.760637], [37.504879, 55.76205], [37.501826, 55.763541], [37.499253, 55.757913], [37.503375, 55.755218], [37.500573, 55.753976], [37.482287, 55.754496], [37.48104, 55.753432], [37.483437, 55.751604], [37.488562, 55.751264], [37.488591, 55.747715], [37.459282, 55.738313], [37.458304, 55.735313], [37.452391, 55.736375], [37.452969, 55.734089], [37.449232, 55.732765], [37.448327, 55.735724], [37.439875, 55.736847], [37.426089, 55.742741], [37.431297, 55.738116], [37.430774, 55.736404], [37.438837, 55.735682], [37.442911, 55.733231], [37.442773, 55.731493], [37.434934, 55.731655], [37.436291, 55.729596], [37.440278, 55.72925], [37.44028, 55.727702], [37.432071, 55.728835], [37.429667, 55.730787], [37.425059, 55.728074], [37.423924, 55.728955], [37.42276, 55.727751], [37.410882, 55.727158], [37.421897, 55.725374], [37.421748, 55.71998], [37.413598, 55.718736], [37.406754, 55.719627], [37.406668, 55.717069], [37.404474, 55.71771], [37.395899, 55.715453], [37.397466, 55.713992], [37.397834, 55.715268], [37.410045, 55.7159], [37.420483, 55.71828], [37.42094, 55.715559], [37.41762, 55.714183], [37.417767, 55.710358], [37.420204, 55.708878], [37.423033, 55.708878], [37.427376, 55.713241], [37.429771, 55.711349], [37.443733, 55.710284], [37.444236, 55.706432], [37.448166, 55.704608], [37.44766, 55.70258], [37.451885, 55.699289], [37.44469, 55.692131], [37.437624, 55.689458], [37.430245, 55.689286], [37.426471, 55.69298], [37.423987, 55.693074], [37.422346, 55.690187], [37.425241, 55.68878], [37.420207, 55.68716], [37.420388, 55.685491], [37.415921, 55.685549], [37.417399, 55.68764], [37.411549, 55.69428], [37.398633, 55.702033], [37.399519, 55.699153], [37.412106, 55.68961], [37.413164, 55.684606], [37.404474, 55.685433], [37.396032, 55.688359], [37.394491, 55.685692], [37.398098, 55.683754], [37.390144, 55.680457], [37.39136, 55.678846], [37.397368, 55.678956], [37.400599, 55.68261], [37.406748, 55.683559], [37.412834, 55.680516], [37.409614, 55.679196], [37.409738, 55.677339], [37.421685, 55.675365], [37.429199, 55.662359], [37.420572, 55.66197], [37.418919, 55.660725], [37.411373, 55.661322], [37.409669, 55.659149], [37.423154, 55.660696], [37.426321, 55.658844], [37.432234, 55.659259], [37.434643, 55.656518], [37.428196, 55.656155], [37.42938, 55.652441], [37.43531, 55.651698], [37.434888, 55.653891], [37.438087, 55.654786], [37.456404, 55.638351], [37.450339, 55.635031], [37.448922, 55.636547], [37.446984, 55.633791], [37.436633, 55.632711], [37.435532, 55.631172], [37.424982, 55.628462], [37.416484, 55.63594], [37.416539, 55.631893], [37.420693, 55.629871], [37.419557, 55.627161], [37.393758, 55.620321], [37.390133, 55.617617], [37.415317, 55.623733], [37.421541, 55.619954], [37.422768, 55.625918], [37.424806, 55.623272], [37.427325, 55.623097], [37.430156, 55.627329], [37.433088, 55.628157], [37.438205, 55.624746], [37.424818, 55.621629], [37.426891, 55.61825], [37.433404, 55.619019], [37.432841, 55.616133], [37.43684, 55.615484], [37.436181, 55.620168], [37.440145, 55.623262], [37.439757, 55.620006], [37.445173, 55.617909], [37.439171, 55.614285], [37.448574, 55.613873], [37.450339, 55.612013], [37.452049, 55.613357], [37.448743, 55.619464], [37.455542, 55.617919], [37.456594, 55.619464], [37.451411, 55.621736], [37.447783, 55.621331], [37.441678, 55.627086], [37.458575, 55.627252], [37.454674, 55.634418], [37.461449, 55.635982], [37.488511, 55.613016], [37.489658, 55.610486], [37.482005, 55.602302], [37.482563, 55.600945], [37.485449, 55.601195]]]]}}, {"type": "Feature", "properties": {"school_id": "лицей-вторая-школа-в-ф-овчинникова", "name": "Лицей «Вторая школа» им. В. Ф. Овчинникова", "min": 40, "mode": "driving", "method": "isochrone driving reverse:true", "status": "approx: гипотеза A (start_time = выезд), +8–14% (Гейт 2)", "start_time": "2026-10-14T04:50:00Z", "request_hash": "d7d51190b1361bbd6ded480cb69de14a2c63153b", "was_invalid": false}, "geometry": {"type": "MultiPolygon", "coordinates": [[[[37.518795, 55.593396], [37.520775, 55.594351], [37.507518, 55.599201], [37.502021, 55.604112], [37.498049, 55.608707], [37.502501, 55.609756], [37.500098, 55.610227], [37.499216, 55.613682], [37.504422, 55.617337], [37.508952, 55.616071], [37.510398, 55.617003], [37.507259, 55.619526], [37.514629, 55.62546], [37.526254, 55.623853], [37.529109, 55.6257], [37.527143, 55.629407], [37.536442, 55.629511], [37.53748, 55.626518], [37.540156, 55.626667], [37.531736, 55.62359], [37.531624, 55.62147], [37.534407, 55.619906], [37.539299, 55.620386], [37.539167, 55.617626], [37.536839, 55.614188], [37.532087, 55.614458], [37.52703, 55.612591], [37.522319, 55.606564], [37.533409, 55.604751], [37.530802, 55.5996], [37.537477, 55.604729], [37.54387, 55.603124], [37.54696, 55.608155], [37.558985, 55.612058], [37.543367, 55.626025], [37.545632, 55.635057], [37.551462, 55.639675], [37.563702, 55.643821], [37.566505, 55.646839], [37.576951, 55.643273], [37.58613, 55.642284], [37.587317, 55.639652], [37.583367, 55.637699], [37.587437, 55.636566], [37.585667, 55.633804], [37.588047, 55.631708], [37.593627, 55.632467], [37.596406, 55.635245], [37.596737, 55.633136], [37.600347, 55.632484], [37.600514, 55.629731], [37.604544, 55.633421], [37.611596, 55.632659], [37.608664, 55.628612], [37.608629, 55.623233], [37.604875, 55.62212], [37.60566, 55.617971], [37.61021, 55.620392], [37.613062, 55.619535], [37.610871, 55.618165], [37.610917, 55.611444], [37.618331, 55.614967], [37.614416, 55.616925], [37.615522, 55.619039], [37.618523, 55.619662], [37.620541, 55.616711], [37.621737, 55.618506], [37.62782, 55.617574], [37.622493, 55.628832], [37.622712, 55.630689], [37.627777, 55.632068], [37.623775, 55.633801], [37.625983, 55.639542], [37.63931, 55.638292], [37.638269, 55.635573], [37.634443, 55.636024], [37.631272, 55.634454], [37.639166, 55.633301], [37.637246, 55.630228], [37.638965, 55.628521], [37.642127, 55.632656], [37.646252, 55.633626], [37.644131, 55.629595], [37.647183, 55.629121], [37.648963, 55.637205], [37.659237, 55.637981], [37.676884, 55.636186], [37.680943, 55.637098], [37.657058, 55.640136], [37.65859, 55.643156], [37.6673, 55.643127], [37.659308, 55.64726], [37.660412, 55.649522], [37.67083, 55.644691], [37.672983, 55.645217], [37.674371, 55.643396], [37.676634, 55.644195], [37.663359, 55.649998], [37.665857, 55.652681], [37.664537, 55.654073], [37.658256, 55.652493], [37.655649, 55.654569], [37.655796, 55.659107], [37.662315, 55.663001], [37.660559, 55.66425], [37.663362, 55.664788], [37.665069, 55.667742], [37.666466, 55.675358], [37.679764, 55.674995], [37.680376, 55.681303], [37.68535, 55.676577], [37.683521, 55.674528], [37.690144, 55.674638], [37.691021, 55.67693], [37.686703, 55.678603], [37.684568, 55.681835], [37.687152, 55.680908], [37.689265, 55.6839], [37.69786, 55.684888], [37.70026, 55.688288], [37.696707, 55.691684], [37.68687, 55.691311], [37.674535, 55.687591], [37.672609, 55.687458], [37.672342, 55.686975], [37.669919, 55.686988], [37.671957, 55.687176], [37.672233, 55.687662], [37.674208, 55.687854], [37.675676, 55.688959], [37.681874, 55.690407], [37.684418, 55.69182], [37.685876, 55.694798], [37.68372, 55.696062], [37.691746, 55.702577], [37.708019, 55.698077], [37.7064, 55.697361], [37.708806, 55.69461], [37.715024, 55.691499], [37.717117, 55.681378], [37.718028, 55.685203], [37.724151, 55.68505], [37.718646, 55.687643], [37.723133, 55.690077], [37.723266, 55.693457], [37.720302, 55.693314], [37.720472, 55.69556], [37.715789, 55.694033], [37.71346, 55.696697], [37.71912, 55.7027], [37.722202, 55.702512], [37.728121, 55.691577], [37.733462, 55.688246], [37.733117, 55.682315], [37.733677, 55.68541], [37.735529, 55.683695], [37.736978, 55.684392], [37.734028, 55.691532], [37.742045, 55.699755], [37.737777, 55.701589], [37.73506, 55.699804], [37.733042, 55.701268], [37.734077, 55.703377], [37.737765, 55.704281], [37.741353, 55.70249], [37.744788, 55.703368], [37.740919, 55.707232], [37.746165, 55.707031], [37.748151, 55.699736], [37.751678, 55.700588], [37.749367, 55.707129], [37.764694, 55.704651], [37.763605, 55.701035], [37.765657, 55.700011], [37.768558, 55.703999], [37.775052, 55.704375], [37.775721, 55.702985], [37.778909, 55.704262], [37.766859, 55.706393], [37.763033, 55.711851], [37.760443, 55.710967], [37.763545, 55.706934], [37.750244, 55.708917], [37.756556, 55.711916], [37.750497, 55.712042], [37.745498, 55.714002], [37.7444, 55.71576], [37.74728, 55.71598], [37.747165, 55.7176], [37.740234, 55.720061], [37.737831, 55.716469], [37.73051, 55.714912], [37.729578, 55.717447], [37.732933, 55.720032], [37.727118, 55.726941], [37.731786, 55.729884], [37.736638, 55.731066], [37.756189, 55.726303], [37.761208, 55.731075], [37.759569, 55.733251], [37.746274, 55.732053], [37.733689, 55.733843], [37.737886, 55.73841], [37.746904, 55.738365], [37.74703, 55.734704], [37.755355, 55.736698], [37.755516, 55.738122], [37.751336, 55.738012], [37.740105, 55.745582], [37.721627, 55.750465], [37.733123, 55.752785], [37.738334, 55.755419], [37.729777, 55.756499], [37.728618, 55.754891], [37.725177, 55.756781], [37.720428, 55.754403], [37.720417, 55.758838], [37.724407, 55.762755], [37.720474, 55.763341], [37.721084, 55.767267], [37.714599, 55.773121], [37.724545, 55.781551], [37.72491, 55.783881], [37.720299, 55.784602], [37.718183, 55.787589], [37.712883, 55.786464], [37.716401, 55.789254], [37.713273, 55.790566], [37.715243, 55.791242], [37.714303, 55.795088], [37.717769, 55.796358], [37.715864, 55.797935], [37.71223, 55.797525], [37.707935, 55.801048], [37.705199, 55.79842], [37.705955, 55.804289], [37.699475, 55.801978], [37.701306, 55.806686], [37.696782, 55.810098], [37.694931, 55.808411], [37.699447, 55.806524], [37.696319, 55.801936], [37.689256, 55.800766], [37.684412, 55.804764], [37.688782, 55.805413], [37.68418, 55.806686], [37.68518, 55.808172], [37.680009, 55.80697], [37.685171, 55.799635], [37.681207, 55.798478], [37.675998, 55.793078], [37.662861, 55.794351], [37.6617, 55.796355], [37.664615, 55.797027], [37.660835, 55.80234], [37.654784, 55.800983], [37.651179, 55.797903], [37.655181, 55.79504], [37.637838, 55.793724], [37.637904, 55.795919], [37.642388, 55.794846], [37.64357, 55.796103], [37.646022, 55.795657], [37.646376, 55.7996], [37.652059, 55.802902], [37.650733, 55.804928], [37.645775, 55.805646], [37.646873, 55.808776], [37.653936, 55.809736], [37.656057, 55.807145], [37.661211, 55.812563], [37.659717, 55.814737], [37.654744, 55.811736], [37.655327, 55.814695], [37.651162, 55.814895], [37.651855, 55.816572], [37.648178, 55.818794], [37.644602, 55.81747], [37.643584, 55.818558], [37.643265, 55.817266], [37.639649, 55.818112], [37.642874, 55.822599], [37.646088, 55.823677], [37.644648, 55.824249], [37.640957, 55.823012], [37.638128, 55.819847], [37.63519, 55.820525], [37.634314, 55.816933], [37.636743, 55.81642], [37.63093, 55.816177], [37.628533, 55.813816], [37.629631, 55.811629], [37.619892, 55.813803], [37.618164, 55.8186], [37.614321, 55.815709], [37.614516, 55.814333], [37.617204, 55.814301], [37.615215, 55.810434], [37.608557, 55.811006], [37.603245, 55.814055], [37.600986, 55.813551], [37.602526, 55.811894], [37.599356, 55.809345], [37.604846, 55.809549], [37.604159, 55.807856], [37.608365, 55.807339], [37.6071, 55.804974], [37.604444, 55.806188], [37.597392, 55.805985], [37.596268, 55.809965], [37.599031, 55.813487], [37.597545, 55.814688], [37.593759, 55.814294], [37.592192, 55.816607], [37.585279, 55.818736], [37.582671, 55.816145], [37.582861, 55.817851], [37.580331, 55.818019], [37.580766, 55.8139], [37.577928, 55.814427], [37.572248, 55.828928], [37.56536, 55.823945], [37.564096, 55.825722], [37.559315, 55.824665], [37.553037, 55.830478], [37.552229, 55.828098], [37.558838, 55.819004], [37.552229, 55.817001], [37.558315, 55.808499], [37.554739, 55.806079], [37.55972, 55.804592], [37.553905, 55.804088], [37.543922, 55.810838], [37.536522, 55.807975], [37.539578, 55.811455], [37.531216, 55.814285], [37.519108, 55.813193], [37.524021, 55.815254], [37.539216, 55.816804], [37.530411, 55.822886], [37.534683, 55.826748], [37.532685, 55.828912], [37.533823, 55.831889], [37.53639, 55.834592], [37.550723, 55.840551], [37.54349, 55.842007], [37.543398, 55.839399], [37.538894, 55.838324], [37.532121, 55.839279], [37.52856, 55.836868], [37.52632, 55.837949], [37.523092, 55.837123], [37.522762, 55.83486], [37.511272, 55.832438], [37.50836, 55.836461], [37.515032, 55.836929], [37.518576, 55.839667], [37.515986, 55.840545], [37.513514, 55.838747], [37.506336, 55.83815], [37.505241, 55.845932], [37.498589, 55.842859], [37.501352, 55.841591], [37.501265, 55.838866], [37.495806, 55.839977], [37.493593, 55.838601], [37.503962, 55.836451], [37.504654, 55.833662], [37.501573, 55.832887], [37.504603, 55.830023], [37.493257, 55.826035], [37.484446, 55.837723], [37.486521, 55.840267], [37.4802, 55.841539], [37.478349, 55.843773], [37.477489, 55.841013], [37.486194, 55.830627], [37.481318, 55.827785], [37.477961, 55.828899], [37.474132, 55.82804], [37.478064, 55.825192], [37.488344, 55.825857], [37.491819, 55.822195], [37.487522, 55.821142], [37.484989, 55.815709], [37.478749, 55.815528], [37.479174, 55.8138], [37.476748, 55.813813], [37.471786, 55.815816], [37.469234, 55.821523], [37.463775, 55.825486], [37.466741, 55.828211], [37.462651, 55.827013], [37.459092, 55.828098], [37.461254, 55.83095], [37.459644, 55.832797], [37.457172, 55.831008], [37.453073, 55.832344], [37.450342, 55.831046], [37.445837, 55.831518], [37.440896, 55.828831], [37.448798, 55.822876], [37.447292, 55.822092], [37.436463, 55.825076], [37.431895, 55.824837], [37.433568, 55.821597], [37.437265, 55.820302], [37.434738, 55.819844], [37.435825, 55.818351], [37.441637, 55.818939], [37.441186, 55.815121], [37.436978, 55.814472], [37.437449, 55.813041], [37.441462, 55.813038], [37.446909, 55.817886], [37.446334, 55.815764], [37.449384, 55.815231], [37.452216, 55.810599], [37.447798, 55.810101], [37.447579, 55.808686], [37.457614, 55.808066], [37.452983, 55.805975], [37.449215, 55.806935], [37.441959, 55.804964], [37.433712, 55.805743], [37.425962, 55.803413], [37.427264, 55.802579], [37.447188, 55.804909], [37.447594, 55.798378], [37.454064, 55.792932], [37.450592, 55.788585], [37.449106, 55.790528], [37.45117, 55.792069], [37.446579, 55.79355], [37.443558, 55.788611], [37.440789, 55.789742], [37.433045, 55.78662], [37.426287, 55.78597], [37.415852, 55.79151], [37.409821, 55.791268], [37.412799, 55.793795], [37.411727, 55.797645], [37.407507, 55.800233], [37.413926, 55.805633], [37.410882, 55.807364], [37.413949, 55.809329], [37.405653, 55.809952], [37.411523, 55.813028], [37.410048, 55.814117], [37.404357, 55.811739], [37.400783, 55.813031], [37.402936, 55.815913], [37.406751, 55.814243], [37.408214, 55.815738], [37.4035, 55.819156], [37.39577, 55.821604], [37.396977, 55.828473], [37.395069, 55.829945], [37.397492, 55.835028], [37.398625, 55.834062], [37.400151, 55.835144], [37.39698, 55.837743], [37.396793, 55.842188], [37.392229, 55.845464], [37.393344, 55.847353], [37.389501, 55.849589], [37.394405, 55.833207], [37.388678, 55.832361], [37.393054, 55.829377], [37.382096, 55.83022], [37.378563, 55.828024], [37.378609, 55.825489], [37.38276, 55.822857], [37.380995, 55.819643], [37.383866, 55.816455], [37.379845, 55.813829], [37.380333, 55.811846], [37.376732, 55.812343], [37.372658, 55.810628], [37.368786, 55.798924], [37.358377, 55.795027], [37.354732, 55.798104], [37.359791, 55.801384], [37.359777, 55.804292], [37.353508, 55.804279], [37.349949, 55.801322], [37.346715, 55.802107], [37.344579, 55.805132], [37.34278, 55.800288], [37.335857, 55.799629], [37.351182, 55.793004], [37.35506, 55.79311], [37.351806, 55.790363], [37.35272, 55.786691], [37.344924, 55.782162], [37.348822, 55.780956], [37.352565, 55.78222], [37.353893, 55.779614], [37.344864, 55.775915], [37.342452, 55.773137], [37.343708, 55.770295], [37.346528, 55.768144], [37.353065, 55.768978], [37.353062, 55.772051], [37.346761, 55.772009], [37.352622, 55.7751], [37.364161, 55.77119], [37.358581, 55.76945], [37.360266, 55.76804], [37.364172, 55.768603], [37.363023, 55.765964], [37.342711, 55.761222], [37.328473, 55.751067], [37.32738, 55.752258], [37.320306, 55.752313], [37.321312, 55.75624], [37.324362, 55.757583], [37.322353, 55.758618], [37.316704, 55.758366], [37.317072, 55.754283], [37.309949, 55.753558], [37.306082, 55.75854], [37.311705, 55.76205], [37.30883, 55.763668], [37.302138, 55.763021], [37.29803, 55.757913], [37.300603, 55.754205], [37.305591, 55.753697], [37.303555, 55.752846], [37.30555, 55.747834], [37.294035, 55.752788], [37.284787, 55.752617], [37.282237, 55.75095], [37.290433, 55.74631], [37.284839, 55.745042], [37.282536, 55.748113], [37.272193, 55.740323], [37.261523, 55.738957], [37.267456, 55.737472], [37.270518, 55.734701], [37.270334, 55.72846], [37.267289, 55.726352], [37.269839, 55.725157], [37.275896, 55.725643], [37.260971, 55.718539], [37.262886, 55.716411], [37.266459, 55.716194], [37.268816, 55.711576], [37.264297, 55.702992], [37.265116, 55.694506], [37.245477, 55.691438], [37.227157, 55.701796], [37.227766, 55.705726], [37.224119, 55.708528], [37.199426, 55.714054], [37.194306, 55.717911], [37.192535, 55.712117], [37.196238, 55.712538], [37.204623, 55.710316], [37.200377, 55.707022], [37.202884, 55.704343], [37.205919, 55.704547], [37.207736, 55.709338], [37.217237, 55.707245], [37.221273, 55.701097], [37.224193, 55.700377], [37.220114, 55.695994], [37.216262, 55.697364], [37.214914, 55.701414], [37.20861, 55.703342], [37.207276, 55.701955], [37.2131, 55.698009], [37.208803, 55.696441], [37.204298, 55.697115], [37.203827, 55.695475], [37.212749, 55.694131], [37.20579, 55.690035], [37.19827, 55.689079], [37.19829, 55.687491], [37.205342, 55.687902], [37.211151, 55.685452], [37.210832, 55.689134], [37.227237, 55.696246], [37.227479, 55.69265], [37.223291, 55.691195], [37.225878, 55.685549], [37.228916, 55.685753], [37.22676, 55.688612], [37.228419, 55.69056], [37.236474, 55.690547], [37.24462, 55.688301], [37.238172, 55.686048], [37.231972, 55.681125], [37.206957, 55.680318], [37.193912, 55.677828], [37.19029, 55.680516], [37.192351, 55.682652], [37.195375, 55.682311], [37.196752, 55.685005], [37.184797, 55.686586], [37.188824, 55.682794], [37.179585, 55.684058], [37.176963, 55.682026], [37.185975, 55.681614], [37.187131, 55.678496], [37.171355, 55.675141], [37.168291, 55.678561], [37.171332, 55.679864], [37.168219, 55.680574], [37.158598, 55.691026], [37.15547, 55.689911], [37.159457, 55.686353], [37.157925, 55.685695], [37.160501, 55.68154], [37.150583, 55.681264], [37.139803, 55.685961], [37.135877, 55.685027], [37.141502, 55.681802], [37.139861, 55.678752], [37.144503, 55.681368], [37.154855, 55.677702], [37.158701, 55.678879], [37.164183, 55.677984], [37.163582, 55.676029], [37.170131, 55.671208], [37.168274, 55.66819], [37.170217, 55.666886], [37.166095, 55.664133], [37.169849, 55.662113], [37.173494, 55.662512], [37.171542, 55.660725], [37.172976, 55.658309], [37.179002, 55.659321], [37.18043, 55.657835], [37.171056, 55.65743], [37.168337, 55.655399], [37.160708, 55.655484], [37.159874, 55.654053], [37.155947, 55.654773], [37.155691, 55.654303], [37.156697, 55.653093], [37.170947, 55.654799], [37.172976, 55.65247], [37.176702, 55.65176], [37.177122, 55.653946], [37.18158, 55.65441], [37.183101, 55.656739], [37.188499, 55.655072], [37.19434, 55.65933], [37.197707, 55.657783], [37.193688, 55.656681], [37.195203, 55.6556], [37.206494, 55.6556], [37.208127, 55.656515], [37.206328, 55.657929], [37.210042, 55.658536], [37.211341, 55.657177], [37.209996, 55.653833], [37.194309, 55.655033], [37.184432, 55.652785], [37.179873, 55.650187], [37.173847, 55.641907], [37.176992, 55.637481], [37.175607, 55.625311], [37.158899, 55.625681], [37.154872, 55.624499], [37.152081, 55.627368], [37.152935, 55.62991], [37.150247, 55.630377], [37.148347, 55.623201], [37.141795, 55.623412], [37.146076, 55.620824], [37.141724, 55.616312], [37.147082, 55.616773], [37.148818, 55.621633], [37.153044, 55.621607], [37.149991, 55.618058], [37.164171, 55.613678], [37.164143, 55.616149], [37.156879, 55.618717], [37.155987, 55.622162], [37.174299, 55.622503], [37.183874, 55.627161], [37.179933, 55.640301], [37.185803, 55.650063], [37.191664, 55.6514], [37.20339, 55.650813], [37.199319, 55.648081], [37.204678, 55.64678], [37.200446, 55.644152], [37.202786, 55.641505], [37.205048, 55.644276], [37.208897, 55.642848], [37.211206, 55.644256], [37.216093, 55.643919], [37.212948, 55.645473], [37.214477, 55.651484], [37.216995, 55.652762], [37.224093, 55.650187], [37.221074, 55.648023], [37.222402, 55.646638], [37.223682, 55.648811], [37.232274, 55.64921], [37.231503, 55.651332], [37.23562, 55.653758], [37.236453, 55.656642], [37.241093, 55.655792], [37.246857, 55.657355], [37.254052, 55.655409], [37.260744, 55.651062], [37.270112, 55.651841], [37.271432, 55.653395], [37.262653, 55.652464], [37.256561, 55.657141], [37.249935, 55.659142], [37.254023, 55.661889], [37.24788, 55.662294], [37.246661, 55.663653], [37.251493, 55.66509], [37.255935, 55.663374], [37.258137, 55.667606], [37.272147, 55.671565], [37.273547, 55.669341], [37.262604, 55.665946], [37.274559, 55.667424], [37.278768, 55.660858], [37.289447, 55.656668], [37.287762, 55.660352], [37.291379, 55.662794], [37.288286, 55.662713], [37.287757, 55.664243], [37.295728, 55.666471], [37.293934, 55.667817], [37.290056, 55.667593], [37.288958, 55.670135], [37.291945, 55.671594], [37.284574, 55.672872], [37.299988, 55.679699], [37.297427, 55.683462], [37.311205, 55.685841], [37.31188, 55.682694], [37.314605, 55.682214], [37.326446, 55.686823], [37.323706, 55.688265], [37.328501, 55.690952], [37.332296, 55.690851], [37.32504, 55.681968], [37.332261, 55.686505], [37.334699, 55.684989], [37.334251, 55.682068], [37.33987, 55.68142], [37.344024, 55.678898], [37.34846, 55.681368], [37.349923, 55.678334], [37.357291, 55.678626], [37.359915, 55.674953], [37.364417, 55.675793], [37.365279, 55.677997], [37.368447, 55.673867], [37.374371, 55.671166], [37.378304, 55.673377], [37.373179, 55.675358], [37.375044, 55.679216], [37.366311, 55.681157], [37.368726, 55.683164], [37.373914, 55.68212], [37.372037, 55.685005], [37.380227, 55.690281], [37.382875, 55.681362], [37.386269, 55.678341], [37.382144, 55.675971], [37.384548, 55.673867], [37.387511, 55.674872], [37.389423, 55.673812], [37.392847, 55.675436], [37.397765, 55.671286], [37.400151, 55.672729], [37.39842, 55.681102], [37.400913, 55.682512], [37.404414, 55.681436], [37.406653, 55.683164], [37.411379, 55.681135], [37.408131, 55.67813], [37.408499, 55.675381], [37.418479, 55.666886], [37.404262, 55.662739], [37.390291, 55.662492], [37.391826, 55.660141], [37.405854, 55.660462], [37.393749, 55.657316], [37.388934, 55.653907], [37.3899, 55.65262], [37.392872, 55.654945], [37.395549, 55.653398], [37.402663, 55.655532], [37.408867, 55.653654], [37.406995, 55.657355], [37.408898, 55.658614], [37.41332, 55.653914], [37.407349, 55.650735], [37.409634, 55.649213], [37.41269, 55.649531], [37.415881, 55.646316], [37.415956, 55.657414], [37.419598, 55.656674], [37.421699, 55.653038], [37.42439, 55.65333], [37.423668, 55.656025], [37.427621, 55.655373], [37.427253, 55.653395], [37.433126, 55.650683], [37.433134, 55.649171], [37.435888, 55.651384], [37.435106, 55.65345], [37.438743, 55.654154], [37.445492, 55.646631], [37.45048, 55.644292], [37.448835, 55.643539], [37.454656, 55.637708], [37.448916, 55.63655], [37.44768, 55.634694], [37.441287, 55.634625], [37.435451, 55.631195], [37.425077, 55.628534], [37.415484, 55.637212], [37.412673, 55.632766], [37.418428, 55.631354], [37.420224, 55.628569], [37.39028, 55.619669], [37.387994, 55.616786], [37.417057, 55.623662], [37.416585, 55.619561], [37.420127, 55.618376], [37.423148, 55.62212], [37.421075, 55.624398], [37.422766, 55.626245], [37.425494, 55.625349], [37.424792, 55.619383], [37.428541, 55.621727], [37.435313, 55.618607], [37.439177, 55.623343], [37.448042, 55.61851], [37.449887, 55.621217], [37.444843, 55.623376], [37.441859, 55.627274], [37.459632, 55.627596], [37.454671, 55.633804], [37.459862, 55.637809], [37.490667, 55.611061], [37.483322, 55.603267], [37.484067, 55.601322], [37.491265, 55.608921], [37.500693, 55.600594], [37.51103, 55.595338], [37.518795, 55.593396]]]]}}, {"type": "Feature", "properties": {"school_id": "университетская-гимназия-мгу", "name": "Университетская гимназия МГУ", "min": 20, "mode": "driving", "method": "isochrone driving reverse:true", "status": "approx: гипотеза A (start_time = выезд), +8–14% (Гейт 2)", "start_time": "2026-10-14T05:10:00Z", "request_hash": "0f5bbe4d825232c5b0a7d47434a9ad0e1da654c7", "was_invalid": false}, "geometry": {"type": "MultiPolygon", "coordinates": [[[[37.509536, 55.662233], [37.520482, 55.669094], [37.524426, 55.666834], [37.52484, 55.664153], [37.531115, 55.663504], [37.523587, 55.670787], [37.525021, 55.671675], [37.530928, 55.670168], [37.527801, 55.673572], [37.533171, 55.678094], [37.539779, 55.673873], [37.543278, 55.674058], [37.544361, 55.677472], [37.552316, 55.682221], [37.546558, 55.675293], [37.547647, 55.673854], [37.55561, 55.680023], [37.560298, 55.677945], [37.559347, 55.675819], [37.566683, 55.676558], [37.565139, 55.679368], [37.571541, 55.680496], [37.566105, 55.687857], [37.580699, 55.686311], [37.579452, 55.688531], [37.57543, 55.689643], [37.576819, 55.692553], [37.571883, 55.68983], [37.565162, 55.692177], [37.572193, 55.692614], [37.57581, 55.694361], [37.575706, 55.69693], [37.569661, 55.694759], [37.5869, 55.704638], [37.592661, 55.701327], [37.591795, 55.704767], [37.606847, 55.700335], [37.613755, 55.701298], [37.614074, 55.702697], [37.609057, 55.701566], [37.598487, 55.705], [37.6024, 55.705632], [37.60449, 55.710352], [37.589205, 55.711187], [37.599588, 55.718238], [37.604355, 55.717208], [37.610443, 55.719232], [37.607511, 55.721333], [37.609589, 55.724325], [37.612964, 55.725274], [37.612176, 55.727297], [37.615336, 55.72632], [37.616474, 55.727809], [37.613645, 55.729703], [37.613907, 55.733134], [37.610983, 55.732629], [37.611328, 55.730133], [37.603162, 55.732804], [37.609152, 55.728576], [37.60006, 55.722535], [37.596395, 55.724782], [37.593833, 55.723441], [37.596708, 55.720731], [37.589614, 55.71544], [37.584623, 55.714358], [37.58487, 55.712764], [37.578943, 55.714815], [37.594526, 55.729127], [37.597723, 55.734309], [37.594871, 55.735339], [37.596441, 55.738653], [37.592511, 55.736769], [37.586512, 55.738812], [37.586972, 55.736731], [37.590194, 55.736258], [37.589798, 55.731545], [37.584278, 55.731733], [37.584822, 55.733902], [37.581418, 55.732652], [37.575772, 55.733303], [37.572421, 55.729276], [37.577089, 55.728609], [37.576776, 55.726355], [37.566162, 55.726368], [37.568985, 55.72787], [37.567249, 55.729078], [37.569164, 55.731839], [37.566134, 55.729949], [37.559022, 55.730619], [37.567554, 55.73821], [37.568735, 55.735999], [37.57359, 55.738666], [37.575246, 55.743951], [37.582962, 55.746349], [37.584416, 55.751054], [37.59189, 55.751724], [37.590142, 55.753474], [37.591816, 55.754665], [37.594799, 55.753895], [37.592922, 55.752762], [37.61, 55.75194], [37.610365, 55.753196], [37.605599, 55.753597], [37.598663, 55.756981], [37.598539, 55.755684], [37.599427, 55.755195], [37.598321, 55.754613], [37.584712, 55.756117], [37.592316, 55.767468], [37.58692, 55.764851], [37.584005, 55.760669], [37.574654, 55.759446], [37.5771, 55.75756], [37.573677, 55.75548], [37.570414, 55.755017], [37.568393, 55.757842], [37.563802, 55.754762], [37.558444, 55.756968], [37.557579, 55.754833], [37.548857, 55.75108], [37.553851, 55.748954], [37.556182, 55.750627], [37.560876, 55.749766], [37.554604, 55.748378], [37.551551, 55.749381], [37.534706, 55.744492], [37.533182, 55.749659], [37.540492, 55.751154], [37.535117, 55.753464], [37.534067, 55.756897], [37.537299, 55.765314], [37.542364, 55.770951], [37.535887, 55.767009], [37.531779, 55.756253], [37.528206, 55.756179], [37.526519, 55.759666], [37.523664, 55.759734], [37.529937, 55.75283], [37.529799, 55.750332], [37.524254, 55.747711], [37.519059, 55.749003], [37.516006, 55.753147], [37.507957, 55.752775], [37.504436, 55.755852], [37.500067, 55.75383], [37.482664, 55.753963], [37.481163, 55.752892], [37.48856, 55.751268], [37.489698, 55.747763], [37.459264, 55.738957], [37.457545, 55.735439], [37.454682, 55.736362], [37.452762, 55.732289], [37.448025, 55.73103], [37.440309, 55.737663], [37.421593, 55.745094], [37.429736, 55.74021], [37.430547, 55.736659], [37.437851, 55.736261], [37.442991, 55.732992], [37.444069, 55.730412], [37.439752, 55.729897], [37.440344, 55.727744], [37.429667, 55.730082], [37.421943, 55.727757], [37.410134, 55.727673], [37.392105, 55.730208], [37.381414, 55.728923], [37.374021, 55.732374], [37.37503, 55.738478], [37.371025, 55.742407], [37.369404, 55.741459], [37.373914, 55.734704], [37.372399, 55.730933], [37.352688, 55.730616], [37.344964, 55.72655], [37.346016, 55.725714], [37.349523, 55.728926], [37.354542, 55.730143], [37.372118, 55.729955], [37.378315, 55.727984], [37.380615, 55.72553], [37.381118, 55.727903], [37.38867, 55.729292], [37.406599, 55.727352], [37.397656, 55.723487], [37.399838, 55.720407], [37.403299, 55.72223], [37.406829, 55.720802], [37.406193, 55.717496], [37.409338, 55.716421], [37.411675, 55.717477], [37.40839, 55.724345], [37.412175, 55.726572], [37.444676, 55.726313], [37.446274, 55.724597], [37.440068, 55.721952], [37.426321, 55.721596], [37.422504, 55.720831], [37.421233, 55.718762], [37.432864, 55.717483], [37.432838, 55.714698], [37.438475, 55.711867], [37.440876, 55.714368], [37.448338, 55.716282], [37.452012, 55.711641], [37.443394, 55.711459], [37.443086, 55.709024], [37.446056, 55.708589], [37.450442, 55.702959], [37.450741, 55.708593], [37.457405, 55.70192], [37.453164, 55.700967], [37.444667, 55.692144], [37.430768, 55.688868], [37.427313, 55.690637], [37.422906, 55.685611], [37.417899, 55.68519], [37.415197, 55.682425], [37.427414, 55.685792], [37.429754, 55.685102], [37.434799, 55.674998], [37.429274, 55.670112], [37.432255, 55.669338], [37.440025, 55.674681], [37.440861, 55.671202], [37.44515, 55.671105], [37.439545, 55.666186], [37.44068, 55.66413], [37.450767, 55.669782], [37.455467, 55.667509], [37.453259, 55.665262], [37.455131, 55.663391], [37.458988, 55.665894], [37.467509, 55.664033], [37.476831, 55.668391], [37.478749, 55.666893], [37.475181, 55.664918], [37.476915, 55.663384], [37.479082, 55.664328], [37.482531, 55.662778], [37.482261, 55.665125], [37.48396, 55.665677], [37.484791, 55.664065], [37.490376, 55.666844], [37.502162, 55.666461], [37.509536, 55.662233]]]]}}, {"type": "Feature", "properties": {"school_id": "университетская-гимназия-мгу", "name": "Университетская гимназия МГУ", "min": 40, "mode": "driving", "method": "isochrone driving reverse:true", "status": "approx: гипотеза A (start_time = выезд), +8–14% (Гейт 2)", "start_time": "2026-10-14T04:50:00Z", "request_hash": "3531551762a922ec9c6fb4dc2da97c051b2ce3f6", "was_invalid": false}, "geometry": {"type": "MultiPolygon", "coordinates": [[[[37.154185, 55.590806], [37.152279, 55.593685], [37.170064, 55.598574], [37.168184, 55.600626], [37.172637, 55.602965], [37.170849, 55.605502], [37.165942, 55.604608], [37.16834, 55.608658], [37.17899, 55.60871], [37.181876, 55.605586], [37.189822, 55.609191], [37.184647, 55.613295], [37.179556, 55.611415], [37.167359, 55.611616], [37.172482, 55.614977], [37.166123, 55.615545], [37.169124, 55.618815], [37.162544, 55.621438], [37.175607, 55.622383], [37.183181, 55.626625], [37.180057, 55.640298], [37.184509, 55.646758], [37.183569, 55.648766], [37.191656, 55.651367], [37.201211, 55.651277], [37.199282, 55.647851], [37.204376, 55.646696], [37.19731, 55.642043], [37.193461, 55.642069], [37.190215, 55.644347], [37.188879, 55.641002], [37.196258, 55.636199], [37.201912, 55.63765], [37.203723, 55.636407], [37.201722, 55.632993], [37.208501, 55.631039], [37.212445, 55.631792], [37.211088, 55.632951], [37.215817, 55.633795], [37.218458, 55.636414], [37.212847, 55.637702], [37.219718, 55.640353], [37.214399, 55.646161], [37.216958, 55.652681], [37.220899, 55.650446], [37.218982, 55.647286], [37.222696, 55.645272], [37.226427, 55.645658], [37.231891, 55.64203], [37.243399, 55.645872], [37.247889, 55.64522], [37.248944, 55.646894], [37.258381, 55.649424], [37.266295, 55.649226], [37.28364, 55.654274], [37.295415, 55.655727], [37.304662, 55.661724], [37.298007, 55.660751], [37.295814, 55.661763], [37.299525, 55.665599], [37.296237, 55.668222], [37.298878, 55.671688], [37.297493, 55.672956], [37.293411, 55.671134], [37.28471, 55.672797], [37.300025, 55.679718], [37.297306, 55.683196], [37.306706, 55.685157], [37.311251, 55.682149], [37.315042, 55.682042], [37.323819, 55.685407], [37.325911, 55.687202], [37.323827, 55.688324], [37.328487, 55.690923], [37.332169, 55.690855], [37.330927, 55.688174], [37.307511, 55.668342], [37.306255, 55.666896], [37.308399, 55.666063], [37.315934, 55.671701], [37.325311, 55.67222], [37.329608, 55.667833], [37.331321, 55.669159], [37.329381, 55.672239], [37.3391, 55.673815], [37.332207, 55.678075], [37.324227, 55.679012], [37.332787, 55.685773], [37.334409, 55.684402], [37.331796, 55.680396], [37.345436, 55.675177], [37.354399, 55.678862], [37.354942, 55.68058], [37.358843, 55.67494], [37.364811, 55.675588], [37.365331, 55.677942], [37.372537, 55.671542], [37.377677, 55.672703], [37.37741, 55.674386], [37.373256, 55.675329], [37.375349, 55.679439], [37.372558, 55.680995], [37.370229, 55.679793], [37.366363, 55.681157], [37.368726, 55.683138], [37.374107, 55.682016], [37.372135, 55.685073], [37.380224, 55.690265], [37.382811, 55.680674], [37.38604, 55.678538], [37.384858, 55.6766], [37.381572, 55.676204], [37.383987, 55.673556], [37.387419, 55.674723], [37.390231, 55.673572], [37.392872, 55.675355], [37.398265, 55.670985], [37.400795, 55.672275], [37.398599, 55.681183], [37.400918, 55.68248], [37.401209, 55.681323], [37.405233, 55.681323], [37.406668, 55.683128], [37.411316, 55.681154], [37.406932, 55.675744], [37.418203, 55.66687], [37.398268, 55.662933], [37.392933, 55.66294], [37.388885, 55.665943], [37.385582, 55.666072], [37.377562, 55.664727], [37.375697, 55.661004], [37.369519, 55.660806], [37.365667, 55.658659], [37.366047, 55.656301], [37.370244, 55.655484], [37.372092, 55.657855], [37.380908, 55.659372], [37.382527, 55.66305], [37.389365, 55.659233], [37.40557, 55.660443], [37.395925, 55.657679], [37.38829, 55.658763], [37.382254, 55.656674], [37.382964, 55.654598], [37.380152, 55.653019], [37.376481, 55.656012], [37.374783, 55.653103], [37.370752, 55.653424], [37.372451, 55.651802], [37.359271, 55.643705], [37.358627, 55.641197], [37.364512, 55.640788], [37.364989, 55.643698], [37.36987, 55.646352], [37.371922, 55.642086], [37.374737, 55.642095], [37.373966, 55.649369], [37.379825, 55.650988], [37.38401, 55.650015], [37.379603, 55.648733], [37.383363, 55.646612], [37.37973, 55.640969], [37.38395, 55.639503], [37.38683, 55.646303], [37.389426, 55.646848], [37.3923, 55.645184], [37.394545, 55.646164], [37.391955, 55.647432], [37.395172, 55.652045], [37.405814, 55.648065], [37.394479, 55.650031], [37.396049, 55.647929], [37.403839, 55.645496], [37.399102, 55.644159], [37.399467, 55.641339], [37.407841, 55.640681], [37.415093, 55.63445], [37.405259, 55.63201], [37.4064, 55.629757], [37.408188, 55.629111], [37.414142, 55.632156], [37.41875, 55.630335], [37.418451, 55.628453], [37.412457, 55.625557], [37.381127, 55.617087], [37.381771, 55.615594], [37.3894, 55.614623], [37.38915, 55.617081], [37.415294, 55.622444], [37.416131, 55.621324], [37.410385, 55.619522], [37.414354, 55.616117], [37.422771, 55.619195], [37.426218, 55.61736], [37.433111, 55.619084], [37.432646, 55.616334], [37.436575, 55.615415], [37.439269, 55.623032], [37.44154, 55.62211], [37.439757, 55.620006], [37.445981, 55.619662], [37.447274, 55.617552], [37.442678, 55.616967], [37.443072, 55.615451], [37.446889, 55.616295], [37.447677, 55.614808], [37.450626, 55.614831], [37.44979, 55.619821], [37.461202, 55.616094], [37.461044, 55.618383], [37.451411, 55.621736], [37.447775, 55.621366], [37.441896, 55.627089], [37.458813, 55.627089], [37.460089, 55.627966], [37.454771, 55.634395], [37.461788, 55.635816], [37.474727, 55.625515], [37.473097, 55.623889], [37.477044, 55.623545], [37.491986, 55.610584], [37.489238, 55.608402], [37.492118, 55.608902], [37.495407, 55.607291], [37.504149, 55.599223], [37.511355, 55.596956], [37.493691, 55.611308], [37.508107, 55.620328], [37.502714, 55.61986], [37.495099, 55.614065], [37.489744, 55.617721], [37.487053, 55.617493], [37.482264, 55.621516], [37.482736, 55.624314], [37.497272, 55.62235], [37.484455, 55.630591], [37.489839, 55.635752], [37.485906, 55.637316], [37.481393, 55.63618], [37.474414, 55.63776], [37.487528, 55.639253], [37.490693, 55.641677], [37.49992, 55.640317], [37.507558, 55.635602], [37.517337, 55.633778], [37.512626, 55.62719], [37.508535, 55.625307], [37.512416, 55.623847], [37.517122, 55.626245], [37.521758, 55.62445], [37.526533, 55.624561], [37.527959, 55.626979], [37.525975, 55.62942], [37.533148, 55.631468], [37.536499, 55.630825], [37.540262, 55.626661], [37.533797, 55.623181], [37.54053, 55.622064], [37.538733, 55.612428], [37.544663, 55.617795], [37.552028, 55.614779], [37.552962, 55.615789], [37.545063, 55.620172], [37.546273, 55.62271], [37.54312, 55.626021], [37.54301, 55.629864], [37.549823, 55.638967], [37.558798, 55.641395], [37.566519, 55.646884], [37.581346, 55.643731], [37.582597, 55.642027], [37.586236, 55.642335], [37.588346, 55.634009], [37.595225, 55.640074], [37.603193, 55.636787], [37.604467, 55.637812], [37.601719, 55.640285], [37.605588, 55.640736], [37.6072, 55.642832], [37.596697, 55.644146], [37.597165, 55.646365], [37.601477, 55.645716], [37.598694, 55.649872], [37.593474, 55.644542], [37.590148, 55.644623], [37.596136, 55.650174], [37.600109, 55.65053], [37.602532, 55.652824], [37.605579, 55.645064], [37.607586, 55.652139], [37.61769, 55.651987], [37.619075, 55.645479], [37.615514, 55.64423], [37.62193, 55.641505], [37.621476, 55.661821], [37.630821, 55.662476], [37.638065, 55.65862], [37.637824, 55.656194], [37.64317, 55.656888], [37.648152, 55.655733], [37.643067, 55.659168], [37.644381, 55.66304], [37.639517, 55.660757], [37.635768, 55.662525], [37.642713, 55.664107], [37.646111, 55.662849], [37.653148, 55.667266], [37.647583, 55.66853], [37.642409, 55.665722], [37.638939, 55.665265], [37.636337, 55.667045], [37.633262, 55.664694], [37.630462, 55.667544], [37.634719, 55.668838], [37.633236, 55.671406], [37.636932, 55.671289], [37.645824, 55.677601], [37.653134, 55.675034], [37.656463, 55.675183], [37.656204, 55.67684], [37.663063, 55.676882], [37.662758, 55.671212], [37.660407, 55.670784], [37.663362, 55.669338], [37.665107, 55.674833], [37.672739, 55.676007], [37.672546, 55.67742], [37.66845, 55.677913], [37.673081, 55.680694], [37.667452, 55.680376], [37.667521, 55.684493], [37.673684, 55.682989], [37.674383, 55.685822], [37.679942, 55.687267], [37.683171, 55.68551], [37.685312, 55.686343], [37.683533, 55.688447], [37.690006, 55.690291], [37.687296, 55.690936], [37.669775, 55.686852], [37.682909, 55.692024], [37.683421, 55.696033], [37.690004, 55.701307], [37.689262, 55.702759], [37.692706, 55.705292], [37.696914, 55.70582], [37.694028, 55.707346], [37.686905, 55.707576], [37.684723, 55.7111], [37.695388, 55.714468], [37.698817, 55.712674], [37.701252, 55.713419], [37.696083, 55.718047], [37.700628, 55.719617], [37.714524, 55.713412], [37.716628, 55.71394], [37.717999, 55.712188], [37.720115, 55.712959], [37.705932, 55.719559], [37.711439, 55.71941], [37.71361, 55.716981], [37.72238, 55.716852], [37.712264, 55.721165], [37.714087, 55.722645], [37.712256, 55.723221], [37.716272, 55.72248], [37.715579, 55.724157], [37.722935, 55.726799], [37.725275, 55.729852], [37.723797, 55.730486], [37.720733, 55.727116], [37.714515, 55.726359], [37.709019, 55.728405], [37.702919, 55.733675], [37.705854, 55.734138], [37.705906, 55.735717], [37.698182, 55.738501], [37.698518, 55.742835], [37.704776, 55.743475], [37.705319, 55.740495], [37.708191, 55.740608], [37.71292, 55.744611], [37.710413, 55.747223], [37.713676, 55.74819], [37.716108, 55.746488], [37.715789, 55.747964], [37.718686, 55.74855], [37.716703, 55.751067], [37.721472, 55.752406], [37.717982, 55.752238], [37.714797, 55.754632], [37.709879, 55.753946], [37.708985, 55.755208], [37.703327, 55.753277], [37.697098, 55.758916], [37.699539, 55.76294], [37.704819, 55.764088], [37.706032, 55.76728], [37.70402, 55.769185], [37.707412, 55.771368], [37.699881, 55.771585], [37.697299, 55.768037], [37.693649, 55.769913], [37.702706, 55.777215], [37.70358, 55.780228], [37.699392, 55.782184], [37.699021, 55.786313], [37.69491, 55.782604], [37.695457, 55.780196], [37.689483, 55.779164], [37.689903, 55.78104], [37.684933, 55.781725], [37.678129, 55.779388], [37.680721, 55.781515], [37.678919, 55.784208], [37.686678, 55.782491], [37.690679, 55.784111], [37.690429, 55.782653], [37.692453, 55.783054], [37.69063, 55.786371], [37.685786, 55.785841], [37.687635, 55.787951], [37.685312, 55.791336], [37.660869, 55.793521], [37.657693, 55.799348], [37.653036, 55.797674], [37.656172, 55.793999], [37.637594, 55.793792], [37.638171, 55.796223], [37.642388, 55.794875], [37.646097, 55.795586], [37.648546, 55.800941], [37.645565, 55.801703], [37.642107, 55.798827], [37.63647, 55.80159], [37.63764, 55.804744], [37.642406, 55.806282], [37.645142, 55.803865], [37.646752, 55.808919], [37.654123, 55.809801], [37.656029, 55.811245], [37.654025, 55.812682], [37.648247, 55.810983], [37.646657, 55.811894], [37.64975, 55.812572], [37.648422, 55.814633], [37.640494, 55.812243], [37.637786, 55.814944], [37.63588, 55.811713], [37.629275, 55.811186], [37.628639, 55.804495], [37.618647, 55.812253], [37.614051, 55.810279], [37.603248, 55.814126], [37.596113, 55.814336], [37.592169, 55.819252], [37.589205, 55.818209], [37.58481, 55.821203], [37.578883, 55.820435], [37.579308, 55.818855], [37.576934, 55.818713], [37.572199, 55.830333], [37.569066, 55.8266], [37.559663, 55.824372], [37.557294, 55.824788], [37.556418, 55.82754], [37.553471, 55.826748], [37.559025, 55.819643], [37.553379, 55.817001], [37.557935, 55.808444], [37.554621, 55.806075], [37.558447, 55.805962], [37.559669, 55.804108], [37.553796, 55.804108], [37.543502, 55.810802], [37.536494, 55.807962], [37.539486, 55.811254], [37.53119, 55.814226], [37.519433, 55.812459], [37.5206, 55.814672], [37.536867, 55.816255], [37.533426, 55.821733], [37.529934, 55.822834], [37.533625, 55.826807], [37.533194, 55.831805], [37.540535, 55.837123], [37.546121, 55.838666], [37.544724, 55.839954], [37.536229, 55.838127], [37.5342, 55.835525], [37.527039, 55.836603], [37.524702, 55.831644], [37.518956, 55.834143], [37.510553, 55.832235], [37.509518, 55.838334], [37.50374, 55.839018], [37.503257, 55.841368], [37.500038, 55.838188], [37.506902, 55.831318], [37.495119, 55.825999], [37.491589, 55.827404], [37.492452, 55.828718], [37.484685, 55.835799], [37.482822, 55.840458], [37.478861, 55.839822], [37.48626, 55.830627], [37.481462, 55.827562], [37.475661, 55.828899], [37.47425, 55.827875], [37.481514, 55.825192], [37.489327, 55.825709], [37.491937, 55.822657], [37.487579, 55.82098], [37.485067, 55.815683], [37.479073, 55.815489], [37.479194, 55.813794], [37.468644, 55.816988], [37.470291, 55.818351], [37.465594, 55.823671], [37.462763, 55.823031], [37.460753, 55.818729], [37.450195, 55.820199], [37.450163, 55.824301], [37.443845, 55.818151], [37.444607, 55.816846], [37.447559, 55.817692], [37.447763, 55.814973], [37.450951, 55.816426], [37.449841, 55.812967], [37.451983, 55.81066], [37.447809, 55.810104], [37.447611, 55.808689], [37.45856, 55.808505], [37.453754, 55.805804], [37.437734, 55.805646], [37.436141, 55.804182], [37.449545, 55.80478], [37.448743, 55.798378], [37.454001, 55.791258], [37.450299, 55.788559], [37.449077, 55.790524], [37.451052, 55.792063], [37.446915, 55.793453], [37.443586, 55.788601], [37.440821, 55.789697], [37.433036, 55.7866], [37.426296, 55.78595], [37.418054, 55.788566], [37.416154, 55.791368], [37.410048, 55.791135], [37.412954, 55.796384], [37.409922, 55.80151], [37.412454, 55.804334], [37.429647, 55.803274], [37.43017, 55.804747], [37.418456, 55.806069], [37.41979, 55.808602], [37.408094, 55.817857], [37.396172, 55.82224], [37.397282, 55.828689], [37.399731, 55.830075], [37.401025, 55.828421], [37.405455, 55.830149], [37.415993, 55.828098], [37.416714, 55.826697], [37.432367, 55.824817], [37.429964, 55.826894], [37.42353, 55.827168], [37.424171, 55.831402], [37.418175, 55.829119], [37.416168, 55.831418], [37.410971, 55.831082], [37.410813, 55.833823], [37.415154, 55.835835], [37.414708, 55.837133], [37.408473, 55.836619], [37.407498, 55.834337], [37.406366, 55.836448], [37.41039, 55.83916], [37.405495, 55.840132], [37.403486, 55.838224], [37.399743, 55.838185], [37.403526, 55.836632], [37.403233, 55.834169], [37.397319, 55.83773], [37.399007, 55.841597], [37.392726, 55.84548], [37.394957, 55.850893], [37.401246, 55.849531], [37.40331, 55.845881], [37.4059, 55.846765], [37.40536, 55.84947], [37.409465, 55.850867], [37.406737, 55.852807], [37.401812, 55.851784], [37.402071, 55.854724], [37.398073, 55.853236], [37.400539, 55.860955], [37.407062, 55.866797], [37.404086, 55.867568], [37.39815, 55.864132], [37.395339, 55.857618], [37.391452, 55.856618], [37.39299, 55.853749], [37.389417, 55.852794], [37.386057, 55.854007], [37.38516, 55.852378], [37.381078, 55.852081], [37.380216, 55.850958], [37.384962, 55.849886], [37.374906, 55.845041], [37.376335, 55.842734], [37.377565, 55.844554], [37.381466, 55.843666], [37.381949, 55.845771], [37.383599, 55.843069], [37.385919, 55.843266], [37.387388, 55.847556], [37.388951, 55.841659], [37.393059, 55.839622], [37.39295, 55.836342], [37.390262, 55.835576], [37.388549, 55.840464], [37.383599, 55.842524], [37.385091, 55.836932], [37.375294, 55.840455], [37.384007, 55.83259], [37.367679, 55.828951], [37.363655, 55.82669], [37.364923, 55.82567], [37.372086, 55.827669], [37.371902, 55.82402], [37.37676, 55.823144], [37.376073, 55.828063], [37.379221, 55.829526], [37.378192, 55.825657], [37.38265, 55.822834], [37.383783, 55.817027], [37.380285, 55.811865], [37.376364, 55.812401], [37.372463, 55.810821], [37.372267, 55.804818], [37.36876, 55.798937], [37.358305, 55.795075], [37.35481, 55.797225], [37.359277, 55.800883], [37.358021, 55.804676], [37.354324, 55.804479], [37.351472, 55.800844], [37.346813, 55.802159], [37.344579, 55.8053], [37.342161, 55.800049], [37.323074, 55.801532], [37.324741, 55.800107], [37.333049, 55.799742], [37.344786, 55.796452], [37.350262, 55.793398], [37.354971, 55.793178], [37.351676, 55.790599], [37.352685, 55.786688], [37.344783, 55.782162], [37.348865, 55.780923], [37.352674, 55.782174], [37.353855, 55.779604], [37.348345, 55.778101], [37.349207, 55.776966], [37.34372, 55.774883], [37.34244, 55.772235], [37.347281, 55.768063], [37.35303, 55.768729], [37.35466, 55.770298], [37.353033, 55.772313], [37.346844, 55.771789], [37.350282, 55.775061], [37.359567, 55.773121], [37.364172, 55.771168], [37.358524, 55.769441], [37.359774, 55.768073], [37.364158, 55.768597], [37.363008, 55.76597], [37.342584, 55.761293], [37.328478, 55.75108], [37.327745, 55.752283], [37.320372, 55.752368], [37.321519, 55.756324], [37.324701, 55.757373], [37.322781, 55.758747], [37.316422, 55.758544], [37.317035, 55.754312], [37.314301, 55.754823], [37.310015, 55.753015], [37.309773, 55.755859], [37.305361, 55.757596], [37.310794, 55.760611], [37.310909, 55.762781], [37.306272, 55.763807], [37.301431, 55.762451], [37.298784, 55.759094], [37.300244, 55.754629], [37.305548, 55.753701], [37.303351, 55.75285], [37.305576, 55.751724], [37.305527, 55.747847], [37.294388, 55.752898], [37.284787, 55.752749], [37.281685, 55.751093], [37.289427, 55.747928], [37.29062, 55.746576], [37.288334, 55.745259], [37.284577, 55.745197], [37.285072, 55.747391], [37.281441, 55.748139], [37.279369, 55.74445], [37.272421, 55.740679], [37.257191, 55.739673], [37.250735, 55.737268], [37.252019, 55.735925], [37.254877, 55.737206], [37.26651, 55.737579], [37.270052, 55.734497], [37.269974, 55.72846], [37.26712, 55.726278], [37.269839, 55.724779], [37.275712, 55.725828], [37.275646, 55.724539], [37.260842, 55.718775], [37.262244, 55.716405], [37.266433, 55.716178], [37.268767, 55.711586], [37.264245, 55.703228], [37.265286, 55.694095], [37.254477, 55.693353], [37.249062, 55.691473], [37.244669, 55.692011], [37.227232, 55.701855], [37.228134, 55.704288], [37.223112, 55.70926], [37.20057, 55.715346], [37.201797, 55.720148], [37.208794, 55.719769], [37.211991, 55.723451], [37.221031, 55.725212], [37.220292, 55.727424], [37.213388, 55.725601], [37.210332, 55.726459], [37.219508, 55.731529], [37.218128, 55.733206], [37.209294, 55.729557], [37.203154, 55.729314], [37.202346, 55.728081], [37.198621, 55.728728], [37.192616, 55.726614], [37.200745, 55.726776], [37.200636, 55.725063], [37.203088, 55.724986], [37.206581, 55.726731], [37.208665, 55.725018], [37.208026, 55.722473], [37.200857, 55.722285], [37.194019, 55.719831], [37.193964, 55.722337], [37.185863, 55.71987], [37.180335, 55.722619], [37.188649, 55.724383], [37.18889, 55.725866], [37.178447, 55.724902], [37.172387, 55.727955], [37.169406, 55.727194], [37.172603, 55.72517], [37.171775, 55.723694], [37.175601, 55.723723], [37.181157, 55.718244], [37.172019, 55.714578], [37.167221, 55.714993], [37.167109, 55.712739], [37.173149, 55.712645], [37.178976, 55.715161], [37.179671, 55.712292], [37.182879, 55.712489], [37.185038, 55.71017], [37.189822, 55.713616], [37.18513, 55.717256], [37.188232, 55.718254], [37.194165, 55.714228], [37.188879, 55.710909], [37.190227, 55.708871], [37.196508, 55.709509], [37.196243, 55.71234], [37.200903, 55.710086], [37.204367, 55.710384], [37.200078, 55.706876], [37.202343, 55.704913], [37.203697, 55.690657], [37.199819, 55.688894], [37.188235, 55.689876], [37.180393, 55.684331], [37.173356, 55.684016], [37.167538, 55.68167], [37.163177, 55.68844], [37.158339, 55.691169], [37.15459, 55.690381], [37.1543, 55.688622], [37.159917, 55.681851], [37.153788, 55.681038], [37.141965, 55.684301], [37.139027, 55.689095], [37.135862, 55.690239], [37.141336, 55.690725], [37.143434, 55.693077], [37.145918, 55.691383], [37.143793, 55.695631], [37.137604, 55.693262], [37.134261, 55.695683], [37.133008, 55.69391], [37.124102, 55.701395], [37.121492, 55.699733], [37.114858, 55.701291], [37.117672, 55.698472], [37.126373, 55.696214], [37.135696, 55.687001], [37.132646, 55.685906], [37.114714, 55.685961], [37.113682, 55.68435], [37.12752, 55.6839], [37.127362, 55.677002], [37.13013, 55.679517], [37.147852, 55.675705], [37.149577, 55.677209], [37.14791, 55.678136], [37.14649, 55.677212], [37.143149, 55.679692], [37.144486, 55.681284], [37.154863, 55.677595], [37.158698, 55.678697], [37.164134, 55.677952], [37.16456, 55.675306], [37.169952, 55.671221], [37.167952, 55.668193], [37.169978, 55.666886], [37.165686, 55.664273], [37.171203, 55.661013], [37.169268, 55.659437], [37.171588, 55.657822], [37.165965, 55.65575], [37.161179, 55.656817], [37.15946, 55.655659], [37.156108, 55.65743], [37.153668, 55.654387], [37.144222, 55.655078], [37.151877, 55.665654], [37.150255, 55.667107], [37.141735, 55.6597], [37.140278, 55.655682], [37.128963, 55.659424], [37.111161, 55.658675], [37.107447, 55.656369], [37.127537, 55.657955], [37.129941, 55.656505], [37.128687, 55.655059], [37.123378, 55.654527], [37.125387, 55.650835], [37.135302, 55.654926], [37.146053, 55.652292], [37.155855, 55.651964], [37.146539, 55.648889], [37.149068, 55.647831], [37.162829, 55.652224], [37.166353, 55.643325], [37.168584, 55.649119], [37.18164, 55.652691], [37.17776, 55.653982], [37.181862, 55.654254], [37.183684, 55.656619], [37.187858, 55.654832], [37.190865, 55.655432], [37.19401, 55.659188], [37.19752, 55.657799], [37.193665, 55.657955], [37.192872, 55.654543], [37.18411, 55.652986], [37.17592, 55.646991], [37.175598, 55.625317], [37.155801, 55.625236], [37.155326, 55.630501], [37.147111, 55.639448], [37.150646, 55.644866], [37.145656, 55.647144], [37.147628, 55.644843], [37.142781, 55.640943], [37.146067, 55.634879], [37.144127, 55.633804], [37.147197, 55.626002], [37.145127, 55.623441], [37.135411, 55.623152], [37.132453, 55.6257], [37.130973, 55.622662], [37.127218, 55.621957], [37.125008, 55.626885], [37.122952, 55.625213], [37.117813, 55.624876], [37.120857, 55.623373], [37.120256, 55.621853], [37.1017, 55.619376], [37.100229, 55.627527], [37.108493, 55.632951], [37.103994, 55.632357], [37.103583, 55.636991], [37.098814, 55.639457], [37.102224, 55.638847], [37.102054, 55.641102], [37.099294, 55.64131], [37.096739, 55.639675], [37.096768, 55.63349], [37.094684, 55.631857], [37.097262, 55.629248], [37.093496, 55.626911], [37.097696, 55.618656], [37.095178, 55.616863], [37.088267, 55.617191], [37.084697, 55.614285], [37.075619, 55.613945], [37.07436, 55.612558], [37.072086, 55.613331], [37.066323, 55.611509], [37.054922, 55.611347], [37.04447, 55.608307], [37.035375, 55.6081], [37.034475, 55.606758], [37.024865, 55.606739], [37.024848, 55.605277], [37.013042, 55.605216], [37.013424, 55.603072], [37.021473, 55.604914], [37.024244, 55.603722], [37.049098, 55.607778], [37.051593, 55.607187], [37.046235, 55.602962], [37.049, 55.60176], [37.055083, 55.60377], [37.053137, 55.60556], [37.055661, 55.607359], [37.068637, 55.609386], [37.070962, 55.607583], [37.077764, 55.608226], [37.077565, 55.61059], [37.089805, 55.613805], [37.091665, 55.612123], [37.098883, 55.611688], [37.086635, 55.609132], [37.0922, 55.60784], [37.094793, 55.60444], [37.096552, 55.60518], [37.09809, 55.60329], [37.09594, 55.601835], [37.105915, 55.602887], [37.11576, 55.593811], [37.116344, 55.601987], [37.118448, 55.603267], [37.108203, 55.603939], [37.101928, 55.614065], [37.108916, 55.616435], [37.120256, 55.616659], [37.125048, 55.61899], [37.128408, 55.61801], [37.129645, 55.619639], [37.134497, 55.619133], [37.137696, 55.620928], [37.144449, 55.620935], [37.14346, 55.61813], [37.135986, 55.61362], [37.137331, 55.612227], [37.141022, 55.612698], [37.144506, 55.610217], [37.148039, 55.612009], [37.152828, 55.611577], [37.156094, 55.613954], [37.160863, 55.613032], [37.154475, 55.609132], [37.160866, 55.607333], [37.160909, 55.603767], [37.158212, 55.602364], [37.148643, 55.602163], [37.146334, 55.59933], [37.149367, 55.598587], [37.150244, 55.601068], [37.157471, 55.598918], [37.154524, 55.595686], [37.151443, 55.59644], [37.148634, 55.594783], [37.148858, 55.59208], [37.154185, 55.590806]]]]}}, {"type": "Feature", "properties": {"school_id": "школа-192", "name": "Школа №192", "min": 20, "mode": "driving", "method": "isochrone driving reverse:true", "status": "approx: гипотеза A (start_time = выезд), +8–14% (Гейт 2)", "start_time": "2026-10-14T05:10:00Z", "request_hash": "8140190c789f4c2132ef0862489b5be1109a4394", "was_invalid": false}, "geometry": {"type": "MultiPolygon", "coordinates": [[[[37.526726, 55.662249], [37.52856, 55.663867], [37.535398, 55.663391], [37.538213, 55.665343], [37.532018, 55.664623], [37.52582, 55.668858], [37.532412, 55.676788], [37.541881, 55.672943], [37.534982, 55.6676], [37.544695, 55.664727], [37.547365, 55.665557], [37.544278, 55.667538], [37.546632, 55.67162], [37.552767, 55.66889], [37.552387, 55.66675], [37.555483, 55.668417], [37.556544, 55.667386], [37.55586, 55.669279], [37.558996, 55.668867], [37.557987, 55.67137], [37.562897, 55.676039], [37.568037, 55.674856], [37.568735, 55.672252], [37.574599, 55.673608], [37.576149, 55.672564], [37.576597, 55.676126], [37.589754, 55.678412], [37.589501, 55.680597], [37.593307, 55.679193], [37.584209, 55.669727], [37.587849, 55.669474], [37.590749, 55.672346], [37.594377, 55.670634], [37.596047, 55.672483], [37.598807, 55.672129], [37.599542, 55.674843], [37.604702, 55.675151], [37.602753, 55.676943], [37.604426, 55.679222], [37.60553, 55.678341], [37.610572, 55.680295], [37.615465, 55.683725], [37.614663, 55.686457], [37.622962, 55.688168], [37.625147, 55.691396], [37.627176, 55.687494], [37.630025, 55.687397], [37.626955, 55.694351], [37.627297, 55.702026], [37.629269, 55.691587], [37.632028, 55.690511], [37.630893, 55.692212], [37.635901, 55.694137], [37.634216, 55.69485], [37.640359, 55.695919], [37.64286, 55.698067], [37.638045, 55.7011], [37.640304, 55.703173], [37.655037, 55.701683], [37.66335, 55.705619], [37.660803, 55.706646], [37.658216, 55.705635], [37.658075, 55.707326], [37.662209, 55.708583], [37.655106, 55.710546], [37.653039, 55.706189], [37.649311, 55.704346], [37.646988, 55.707329], [37.632425, 55.706325], [37.630531, 55.707676], [37.642782, 55.708094], [37.637528, 55.709522], [37.637548, 55.711016], [37.634144, 55.710941], [37.638844, 55.730438], [37.640957, 55.728314], [37.648129, 55.727819], [37.649977, 55.723749], [37.651001, 55.725523], [37.653875, 55.725471], [37.655816, 55.723053], [37.657411, 55.725433], [37.658196, 55.723072], [37.661257, 55.722684], [37.657325, 55.728456], [37.662335, 55.730434], [37.655784, 55.733393], [37.658805, 55.734957], [37.656008, 55.737329], [37.660027, 55.739436], [37.657081, 55.74156], [37.664615, 55.74267], [37.664529, 55.744802], [37.658236, 55.746116], [37.663554, 55.746356], [37.661878, 55.747983], [37.665989, 55.7482], [37.66197, 55.75219], [37.657173, 55.752238], [37.658285, 55.757075], [37.660421, 55.756376], [37.662315, 55.75758], [37.657592, 55.764848], [37.652395, 55.765637], [37.654341, 55.762345], [37.652458, 55.760569], [37.656598, 55.760171], [37.653556, 55.759967], [37.652332, 55.758198], [37.655528, 55.756978], [37.651559, 55.756706], [37.651791, 55.754386], [37.648871, 55.753671], [37.652297, 55.751507], [37.651803, 55.749701], [37.645824, 55.749087], [37.634509, 55.749921], [37.637099, 55.752342], [37.632129, 55.756955], [37.629703, 55.757056], [37.624738, 55.75536], [37.620245, 55.756431], [37.620835, 55.750915], [37.61349, 55.749083], [37.616215, 55.755144], [37.607893, 55.757256], [37.604498, 55.755195], [37.604892, 55.756515], [37.600845, 55.756984], [37.60503, 55.765007], [37.599137, 55.763406], [37.598611, 55.76062], [37.591821, 55.762125], [37.592287, 55.764719], [37.597019, 55.76663], [37.596148, 55.76807], [37.599885, 55.769486], [37.603245, 55.76881], [37.604208, 55.771928], [37.611538, 55.772368], [37.613539, 55.774663], [37.610193, 55.773448], [37.607215, 55.774803], [37.595228, 55.770062], [37.594135, 55.771481], [37.588156, 55.771873], [37.589982, 55.76643], [37.586144, 55.763302], [37.581473, 55.76129], [37.576882, 55.765013], [37.578207, 55.761371], [37.573133, 55.762257], [37.571023, 55.759242], [37.566415, 55.757428], [37.560758, 55.757224], [37.558142, 55.759986], [37.555449, 55.759074], [37.557222, 55.756735], [37.546374, 55.758531], [37.537758, 55.756554], [37.535258, 55.75779], [37.537692, 55.765392], [37.542924, 55.764399], [37.546345, 55.765417], [37.540872, 55.766494], [37.540849, 55.767882], [37.545681, 55.772536], [37.556282, 55.775595], [37.566749, 55.784583], [37.56428, 55.785676], [37.55805, 55.783675], [37.558346, 55.781893], [37.55241, 55.782401], [37.55538, 55.780222], [37.55114, 55.778903], [37.554, 55.776225], [37.545353, 55.774004], [37.535732, 55.767808], [37.524012, 55.771391], [37.520522, 55.769027], [37.512738, 55.773244], [37.511033, 55.77261], [37.513735, 55.76979], [37.507546, 55.769874], [37.517133, 55.766459], [37.529804, 55.750462], [37.520422, 55.746436], [37.510996, 55.744831], [37.506707, 55.740333], [37.502398, 55.743505], [37.49942, 55.743573], [37.504879, 55.74599], [37.503536, 55.74866], [37.5008, 55.74865], [37.498638, 55.745566], [37.494335, 55.74932], [37.491512, 55.748679], [37.495102, 55.744608], [37.482132, 55.739498], [37.490658, 55.737287], [37.496358, 55.738501], [37.497962, 55.736627], [37.495841, 55.734954], [37.454564, 55.727595], [37.408942, 55.727171], [37.456033, 55.726355], [37.482586, 55.730409], [37.48601, 55.728887], [37.490894, 55.731186], [37.496928, 55.724902], [37.501728, 55.723668], [37.498333, 55.722897], [37.497885, 55.720676], [37.504588, 55.710737], [37.498212, 55.707038], [37.501331, 55.706199], [37.497071, 55.706406], [37.496666, 55.704463], [37.500187, 55.703841], [37.495177, 55.701249], [37.498802, 55.697922], [37.491446, 55.695009], [37.491147, 55.693489], [37.496355, 55.694377], [37.500225, 55.697695], [37.506707, 55.696331], [37.503473, 55.698822], [37.50807, 55.70133], [37.512235, 55.698203], [37.508245, 55.693466], [37.519752, 55.686768], [37.51809, 55.683809], [37.50978, 55.679864], [37.517774, 55.673799], [37.52102, 55.673355], [37.519016, 55.672583], [37.509294, 55.676765], [37.50644, 55.676208], [37.510562, 55.673338], [37.508337, 55.672288], [37.510562, 55.67078], [37.508935, 55.669023], [37.518493, 55.670787], [37.506313, 55.663679], [37.50857, 55.662123], [37.511519, 55.662872], [37.520522, 55.669007], [37.524711, 55.666912], [37.523667, 55.662778], [37.526726, 55.662249]]]]}}, {"type": "Feature", "properties": {"school_id": "школа-192", "name": "Школа №192", "min": 40, "mode": "driving", "method": "isochrone driving reverse:true", "status": "approx: гипотеза A (start_time = выезд), +8–14% (Гейт 2)", "start_time": "2026-10-14T04:50:00Z", "request_hash": "b9aaf0086d429bc9a5e22413b32bf4ba39e42c51", "was_invalid": false}, "geometry": {"type": "MultiPolygon", "coordinates": [[[[37.508308, 55.598008], [37.496016, 55.611373], [37.499368, 55.610431], [37.499339, 55.61362], [37.504203, 55.617068], [37.511013, 55.616743], [37.507049, 55.619568], [37.514615, 55.625473], [37.5277, 55.624551], [37.528246, 55.630062], [37.537848, 55.628722], [37.539012, 55.625265], [37.531624, 55.623418], [37.535557, 55.619906], [37.540259, 55.622223], [37.540323, 55.619552], [37.536856, 55.614185], [37.529431, 55.613831], [37.524854, 55.610272], [37.527677, 55.610279], [37.529672, 55.612068], [37.536718, 55.612441], [37.532682, 55.609723], [37.53432, 55.604823], [37.536954, 55.605596], [37.539992, 55.61086], [37.544652, 55.607317], [37.557579, 55.611571], [37.543327, 55.626034], [37.545186, 55.626992], [37.543143, 55.630338], [37.548012, 55.637786], [37.559031, 55.641265], [37.566505, 55.646845], [37.586147, 55.642297], [37.58734, 55.639652], [37.584517, 55.637699], [37.588475, 55.637163], [37.585667, 55.633804], [37.588053, 55.631711], [37.592914, 55.632526], [37.596392, 55.63543], [37.600135, 55.634944], [37.599862, 55.637196], [37.602624, 55.636355], [37.600273, 55.633804], [37.602797, 55.632318], [37.605021, 55.633477], [37.612179, 55.632529], [37.609046, 55.624295], [37.611814, 55.624775], [37.614522, 55.630712], [37.618391, 55.631351], [37.614858, 55.623379], [37.608819, 55.62272], [37.614022, 55.621435], [37.612116, 55.620214], [37.613065, 55.616597], [37.618248, 55.620022], [37.62667, 55.620821], [37.622361, 55.629043], [37.622858, 55.630965], [37.627691, 55.631854], [37.623698, 55.633834], [37.626848, 55.639986], [37.639528, 55.638309], [37.636027, 55.634885], [37.640089, 55.631406], [37.644912, 55.633198], [37.64495, 55.634603], [37.641917, 55.635161], [37.643622, 55.637329], [37.663313, 55.637653], [37.662197, 55.639146], [37.656773, 55.639977], [37.658225, 55.64304], [37.664598, 55.645022], [37.661873, 55.646365], [37.657969, 55.645515], [37.660777, 55.64957], [37.677761, 55.642092], [37.685002, 55.641112], [37.663951, 55.650505], [37.665822, 55.652], [37.66442, 55.654008], [37.658253, 55.6525], [37.655732, 55.658033], [37.661257, 55.662411], [37.660685, 55.664363], [37.663732, 55.665168], [37.666478, 55.675352], [37.670353, 55.674859], [37.671135, 55.676016], [37.675734, 55.674211], [37.686083, 55.674898], [37.690087, 55.673063], [37.692251, 55.674074], [37.690406, 55.67613], [37.695549, 55.67777], [37.689771, 55.67917], [37.687232, 55.678097], [37.68464, 55.681825], [37.688647, 55.681012], [37.688066, 55.683326], [37.691852, 55.684577], [37.696707, 55.683608], [37.700024, 55.688288], [37.696423, 55.691846], [37.686847, 55.691347], [37.674639, 55.687624], [37.672566, 55.687484], [37.672333, 55.686975], [37.669927, 55.686988], [37.672, 55.687154], [37.672238, 55.687656], [37.674256, 55.687824], [37.675685, 55.688955], [37.684481, 55.691781], [37.685913, 55.694801], [37.683725, 55.696062], [37.691763, 55.702571], [37.707993, 55.698058], [37.70843, 55.695398], [37.714895, 55.69159], [37.715703, 55.675819], [37.718807, 55.676298], [37.716453, 55.678127], [37.719807, 55.682454], [37.718152, 55.685177], [37.723027, 55.684331], [37.726715, 55.687646], [37.724088, 55.688521], [37.721759, 55.686774], [37.719284, 55.687753], [37.724059, 55.68983], [37.730239, 55.690171], [37.728995, 55.684389], [37.731412, 55.681828], [37.725577, 55.669801], [37.731398, 55.676678], [37.733979, 55.685912], [37.73502, 55.685478], [37.734094, 55.679721], [37.740493, 55.679851], [37.736308, 55.683131], [37.739507, 55.686022], [37.735928, 55.694147], [37.740398, 55.692024], [37.741008, 55.695566], [37.743589, 55.694348], [37.750465, 55.700066], [37.750135, 55.697782], [37.753926, 55.696298], [37.75626, 55.700258], [37.760834, 55.698288], [37.770303, 55.698518], [37.771441, 55.700109], [37.76725, 55.701307], [37.76773, 55.704796], [37.77573, 55.702985], [37.779605, 55.703611], [37.780948, 55.70225], [37.784598, 55.703377], [37.782566, 55.704754], [37.779789, 55.704165], [37.77918, 55.706209], [37.767494, 55.706348], [37.765985, 55.708797], [37.769136, 55.711116], [37.764013, 55.711469], [37.760719, 55.715767], [37.753665, 55.713412], [37.748778, 55.716466], [37.753578, 55.716625], [37.753282, 55.718021], [37.739519, 55.722211], [37.738507, 55.725439], [37.742865, 55.726915], [37.741266, 55.729311], [37.75271, 55.72789], [37.764841, 55.723959], [37.764551, 55.726002], [37.759612, 55.727171], [37.761101, 55.733144], [37.743583, 55.732247], [37.732065, 55.733921], [37.726229, 55.732344], [37.728736, 55.735015], [37.734684, 55.734779], [37.73784, 55.738355], [37.74636, 55.737469], [37.739855, 55.73507], [37.74185, 55.733335], [37.748168, 55.735144], [37.749062, 55.733487], [37.752745, 55.733154], [37.760311, 55.73687], [37.756145, 55.738433], [37.75175, 55.737905], [37.740513, 55.745501], [37.721644, 55.750465], [37.724042, 55.752523], [37.726327, 55.751416], [37.733525, 55.752254], [37.73617, 55.754555], [37.732076, 55.756499], [37.728627, 55.754914], [37.725177, 55.756803], [37.72042, 55.754561], [37.720451, 55.758845], [37.724487, 55.762759], [37.7205, 55.763354], [37.720403, 55.765948], [37.723924, 55.765725], [37.724608, 55.76695], [37.716913, 55.776313], [37.722978, 55.7791], [37.725436, 55.778178], [37.723956, 55.781382], [37.732746, 55.782811], [37.728903, 55.784105], [37.728331, 55.786746], [37.722596, 55.786526], [37.723136, 55.788142], [37.717988, 55.789758], [37.714504, 55.794031], [37.715599, 55.795958], [37.721624, 55.796116], [37.722883, 55.797509], [37.726224, 55.796762], [37.728285, 55.798333], [37.721831, 55.798585], [37.717117, 55.797027], [37.71666, 55.800269], [37.708844, 55.802075], [37.710629, 55.802838], [37.70711, 55.805859], [37.699633, 55.802085], [37.701752, 55.806292], [37.699403, 55.809251], [37.702957, 55.809949], [37.702453, 55.812043], [37.698429, 55.813325], [37.695284, 55.809649], [37.690949, 55.812682], [37.683794, 55.814488], [37.680581, 55.808515], [37.676622, 55.808515], [37.674578, 55.81243], [37.672546, 55.808515], [37.667685, 55.807901], [37.668832, 55.805668], [37.678784, 55.806999], [37.682288, 55.80457], [37.683104, 55.800317], [37.675927, 55.793104], [37.661832, 55.7944], [37.663686, 55.797244], [37.659268, 55.802046], [37.650906, 55.797868], [37.655146, 55.795046], [37.637841, 55.793737], [37.637904, 55.795861], [37.642388, 55.794762], [37.646197, 55.795531], [37.651722, 55.802883], [37.650739, 55.804932], [37.645691, 55.805911], [37.64689, 55.808754], [37.65418, 55.809481], [37.652358, 55.806075], [37.655178, 55.805342], [37.66333, 55.817166], [37.654841, 55.8118], [37.656503, 55.816665], [37.653617, 55.816917], [37.649532, 55.820406], [37.645562, 55.820457], [37.644665, 55.817489], [37.643581, 55.818558], [37.642731, 55.817331], [37.639525, 55.818035], [37.642765, 55.820283], [37.642018, 55.822595], [37.635228, 55.8185], [37.635596, 55.815728], [37.625799, 55.814934], [37.619104, 55.817547], [37.61865, 55.822169], [37.616023, 55.822473], [37.616238, 55.819488], [37.606315, 55.818306], [37.607813, 55.817473], [37.615269, 55.817654], [37.615198, 55.81066], [37.609129, 55.811093], [37.603869, 55.813826], [37.607146, 55.815131], [37.604774, 55.817295], [37.601009, 55.814895], [37.593405, 55.819637], [37.594357, 55.823022], [37.590646, 55.822647], [37.586748, 55.824326], [37.586314, 55.822062], [37.582283, 55.82078], [37.580248, 55.827042], [37.577618, 55.826748], [37.579483, 55.820903], [37.576925, 55.819343], [37.572694, 55.829542], [37.573662, 55.835938], [37.568928, 55.834524], [37.571446, 55.833184], [37.571219, 55.827917], [37.561537, 55.824963], [37.55751, 55.826222], [37.554141, 55.829997], [37.561474, 55.832574], [37.558553, 55.833471], [37.553534, 55.831757], [37.549291, 55.836009], [37.547216, 55.834514], [37.549728, 55.830033], [37.546385, 55.827436], [37.548038, 55.826526], [37.551545, 55.828257], [37.552977, 55.827549], [37.557711, 55.819001], [37.552428, 55.817857], [37.552146, 55.815454], [37.557521, 55.808618], [37.554316, 55.805885], [37.55968, 55.804169], [37.553902, 55.804098], [37.543844, 55.811018], [37.536666, 55.807953], [37.539791, 55.810576], [37.538103, 55.81233], [37.535534, 55.81182], [37.530854, 55.814346], [37.520468, 55.812479], [37.519186, 55.813396], [37.530862, 55.815851], [37.536899, 55.815893], [37.537804, 55.814239], [37.541472, 55.814979], [37.540328, 55.81786], [37.534996, 55.819679], [37.534579, 55.822382], [37.530632, 55.822902], [37.533018, 55.826187], [37.535832, 55.826748], [37.534079, 55.83187], [37.536488, 55.834546], [37.54278, 55.834931], [37.547006, 55.839218], [37.553017, 55.836242], [37.55172, 55.839024], [37.554218, 55.843043], [37.550407, 55.841775], [37.547808, 55.845506], [37.541898, 55.846365], [37.538977, 55.844344], [37.529416, 55.843043], [37.527068, 55.841604], [37.530822, 55.840022], [37.522644, 55.840861], [37.519939, 55.842553], [37.514029, 55.838837], [37.50671, 55.838237], [37.504976, 55.842672], [37.508236, 55.844828], [37.507911, 55.850861], [37.502921, 55.848995], [37.502105, 55.845142], [37.499509, 55.847556], [37.492955, 55.842246], [37.481439, 55.840054], [37.48294, 55.8416], [37.478763, 55.843344], [37.474491, 55.851493], [37.471815, 55.850674], [37.477067, 55.843534], [37.475282, 55.842892], [37.486139, 55.830627], [37.481313, 55.827895], [37.475661, 55.829545], [37.47289, 55.827452], [37.478064, 55.824546], [37.488223, 55.825634], [37.491874, 55.822679], [37.487438, 55.821158], [37.484955, 55.815722], [37.478726, 55.81559], [37.479162, 55.813806], [37.47686, 55.81379], [37.471941, 55.816907], [37.470383, 55.821523], [37.46504, 55.826077], [37.473278, 55.832202], [37.469616, 55.832706], [37.46261, 55.827126], [37.459492, 55.82958], [37.454964, 55.827827], [37.452664, 55.829855], [37.450261, 55.827775], [37.444595, 55.828437], [37.444354, 55.825957], [37.450201, 55.825298], [37.447714, 55.822469], [37.438593, 55.824065], [37.436995, 55.825683], [37.434002, 55.824691], [37.435138, 55.826261], [37.440726, 55.826958], [37.437613, 55.828305], [37.430349, 55.829513], [37.426985, 55.82803], [37.430081, 55.826981], [37.428575, 55.825893], [37.423815, 55.828305], [37.416982, 55.828537], [37.406581, 55.831896], [37.409399, 55.832545], [37.406237, 55.832951], [37.405521, 55.835612], [37.404837, 55.834304], [37.400036, 55.834456], [37.397236, 55.837733], [37.397736, 55.841772], [37.392617, 55.845455], [37.399093, 55.857796], [37.397823, 55.859599], [37.392617, 55.856912], [37.391866, 55.851203], [37.386844, 55.853152], [37.383202, 55.851871], [37.386166, 55.849266], [37.389196, 55.849396], [37.390101, 55.840367], [37.393154, 55.839618], [37.39316, 55.836461], [37.389808, 55.83404], [37.38589, 55.835163], [37.386566, 55.832235], [37.382524, 55.832774], [37.378543, 55.830388], [37.378315, 55.82588], [37.382711, 55.822828], [37.383812, 55.816452], [37.380305, 55.811858], [37.376726, 55.812404], [37.372578, 55.810802], [37.368772, 55.798931], [37.358282, 55.795069], [37.354772, 55.797241], [37.359205, 55.801109], [37.357615, 55.804654], [37.354514, 55.804369], [37.351469, 55.800815], [37.346781, 55.802143], [37.344228, 55.805219], [37.341903, 55.799865], [37.323551, 55.801342], [37.324747, 55.800114], [37.328585, 55.799348], [37.333336, 55.799723], [37.350377, 55.79353], [37.354979, 55.793185], [37.35176, 55.790589], [37.352662, 55.786649], [37.344841, 55.782158], [37.348839, 55.780939], [37.352685, 55.782181], [37.35387, 55.779607], [37.344976, 55.776115], [37.342475, 55.772228], [37.346879, 55.768073], [37.352993, 55.768794], [37.354568, 55.77032], [37.352996, 55.772254], [37.346838, 55.771785], [37.350271, 55.775061], [37.359573, 55.773121], [37.364178, 55.771168], [37.358552, 55.76945], [37.360274, 55.768027], [37.364164, 55.768603], [37.363017, 55.76597], [37.342647, 55.761254], [37.328475, 55.751073], [37.327731, 55.752245], [37.320277, 55.752442], [37.32149, 55.756344], [37.32456, 55.757386], [37.322778, 55.758676], [37.316488, 55.758207], [37.317049, 55.754299], [37.309995, 55.753629], [37.309635, 55.755846], [37.305191, 55.758007], [37.310409, 55.76063], [37.310774, 55.762542], [37.306649, 55.763703], [37.301627, 55.762338], [37.298896, 55.75888], [37.300431, 55.754736], [37.305568, 55.753697], [37.303429, 55.75285], [37.305605, 55.75172], [37.305539, 55.747841], [37.294351, 55.75284], [37.286325, 55.752258], [37.284787, 55.753264], [37.280866, 55.751167], [37.28945, 55.747957], [37.290654, 55.746576], [37.288355, 55.745246], [37.284623, 55.745213], [37.285374, 55.747236], [37.282487, 55.748734], [37.276879, 55.742608], [37.273033, 55.742848], [37.272383, 55.740637], [37.256918, 55.738326], [37.258916, 55.736572], [37.265973, 55.737977], [37.270101, 55.734876], [37.26831, 55.729748], [37.270069, 55.728476], [37.266131, 55.726346], [37.269839, 55.724918], [37.275764, 55.725821], [37.275669, 55.724526], [37.260922, 55.718769], [37.262339, 55.71646], [37.266444, 55.716184], [37.268787, 55.711582], [37.264285, 55.703225], [37.265277, 55.694698], [37.245819, 55.691924], [37.239072, 55.696872], [37.23063, 55.699208], [37.22716, 55.701913], [37.22672, 55.706435], [37.219519, 55.711119], [37.199411, 55.715342], [37.201895, 55.720559], [37.208794, 55.720417], [37.211669, 55.722036], [37.211669, 55.725805], [37.208607, 55.728252], [37.207193, 55.726197], [37.209185, 55.723105], [37.200558, 55.72213], [37.194248, 55.719287], [37.1942, 55.721489], [37.19165, 55.722191], [37.185587, 55.719565], [37.179278, 55.724711], [37.177311, 55.722956], [37.18104, 55.716], [37.186148, 55.71599], [37.185429, 55.717386], [37.188137, 55.718529], [37.192995, 55.717622], [37.194312, 55.714202], [37.188815, 55.710646], [37.191377, 55.708871], [37.195378, 55.710157], [37.196235, 55.712369], [37.200952, 55.710054], [37.204453, 55.710326], [37.200323, 55.706853], [37.202608, 55.704916], [37.203395, 55.690122], [37.199641, 55.688819], [37.188304, 55.68985], [37.181514, 55.684292], [37.169225, 55.681508], [37.158304, 55.691094], [37.15543, 55.688936], [37.158776, 55.682512], [37.154105, 55.680944], [37.142201, 55.683971], [37.136055, 55.690232], [37.137254, 55.692186], [37.13061, 55.692702], [37.136929, 55.685753], [37.129662, 55.685961], [37.127937, 55.683809], [37.132286, 55.682091], [37.136452, 55.683313], [37.141336, 55.681802], [37.13872, 55.679585], [37.133221, 55.680694], [37.133896, 55.678415], [37.145691, 55.676811], [37.141856, 55.678558], [37.144443, 55.681404], [37.155249, 55.677666], [37.159595, 55.678636], [37.169984, 55.671387], [37.165916, 55.663676], [37.171645, 55.660842], [37.171318, 55.657524], [37.16744, 55.655675], [37.160708, 55.656132], [37.159382, 55.654397], [37.146797, 55.653803], [37.142253, 55.657391], [37.13989, 55.655646], [37.136176, 55.656655], [37.136184, 55.654417], [37.146251, 55.652308], [37.157169, 55.653057], [37.159454, 55.651111], [37.162809, 55.65225], [37.168072, 55.649074], [37.18043, 55.652464], [37.181551, 55.653434], [37.177604, 55.653914], [37.18162, 55.654387], [37.183679, 55.656687], [37.1882, 55.654965], [37.192064, 55.656285], [37.193731, 55.659168], [37.1976, 55.657767], [37.193688, 55.657313], [37.192903, 55.654537], [37.184288, 55.652886], [37.176023, 55.646816], [37.17469, 55.64008], [37.176811, 55.638354], [37.177461, 55.629699], [37.174204, 55.625986], [37.175753, 55.625233], [37.165597, 55.624467], [37.159454, 55.626339], [37.155686, 55.625203], [37.153156, 55.626998], [37.154176, 55.630501], [37.145984, 55.63827], [37.145185, 55.63581], [37.148341, 55.631841], [37.145512, 55.629261], [37.149623, 55.625788], [37.146674, 55.624223], [37.148122, 55.623324], [37.131823, 55.621337], [37.128512, 55.622386], [37.127181, 55.620672], [37.123806, 55.621636], [37.122573, 55.620032], [37.119785, 55.621123], [37.117976, 55.619412], [37.115185, 55.620474], [37.11338, 55.618776], [37.109456, 55.619837], [37.101962, 55.618548], [37.099927, 55.622915], [37.097423, 55.623032], [37.098291, 55.618198], [37.094324, 55.616045], [37.088267, 55.615893], [37.078152, 55.612636], [37.075665, 55.613285], [37.074731, 55.611909], [37.072086, 55.612613], [37.071316, 55.61122], [37.06872, 55.611996], [37.068418, 55.610529], [37.065167, 55.611295], [37.064704, 55.60984], [37.070773, 55.609499], [37.091588, 55.613987], [37.092867, 55.612113], [37.098518, 55.612058], [37.100723, 55.607742], [37.105437, 55.606076], [37.101925, 55.615639], [37.14411, 55.621068], [37.14371, 55.618003], [37.137343, 55.613513], [37.139803, 55.612763], [37.143627, 55.615084], [37.144506, 55.611516], [37.151796, 55.613467], [37.151124, 55.616415], [37.156307, 55.615779], [37.160992, 55.613039], [37.158023, 55.610853], [37.164393, 55.611045], [37.161972, 55.610486], [37.163677, 55.601763], [37.165761, 55.603618], [37.164913, 55.608652], [37.171231, 55.609626], [37.172646, 55.611503], [37.167124, 55.61173], [37.170337, 55.614656], [37.165798, 55.61562], [37.167782, 55.618383], [37.161024, 55.621052], [37.157232, 55.620587], [37.156933, 55.622071], [37.174299, 55.621853], [37.1829, 55.626703], [37.180013, 55.640298], [37.185826, 55.65005], [37.202116, 55.651364], [37.199569, 55.648084], [37.204511, 55.646625], [37.197672, 55.642086], [37.190029, 55.641002], [37.196508, 55.638406], [37.204494, 55.639714], [37.206215, 55.636829], [37.204031, 55.636196], [37.208941, 55.636391], [37.210622, 55.640943], [37.218559, 55.641667], [37.213238, 55.646771], [37.217326, 55.64873], [37.216969, 55.652707], [37.222029, 55.649976], [37.220126, 55.64729], [37.227881, 55.645181], [37.230109, 55.646751], [37.225191, 55.648081], [37.22885, 55.649632], [37.234464, 55.648253], [37.234206, 55.645856], [37.241033, 55.645418], [37.245948, 55.64681], [37.242372, 55.646855], [37.241372, 55.648889], [37.232777, 55.65116], [37.236471, 55.656612], [37.241093, 55.655636], [37.247167, 55.657255], [37.254006, 55.655334], [37.260689, 55.65043], [37.270233, 55.651523], [37.272096, 55.653106], [37.279337, 55.65248], [37.280194, 55.653667], [37.274378, 55.654793], [37.263052, 55.65236], [37.256406, 55.657371], [37.25003, 55.659155], [37.250378, 55.660576], [37.261126, 55.661763], [37.261054, 55.663235], [37.256929, 55.663504], [37.255202, 55.665414], [37.25822, 55.66759], [37.272145, 55.671529], [37.273608, 55.669331], [37.258082, 55.664782], [37.267465, 55.66211], [37.267266, 55.665751], [37.271012, 55.667694], [37.274358, 55.667146], [37.27842, 55.66148], [37.277135, 55.659123], [37.283663, 55.660122], [37.287929, 55.655678], [37.291876, 55.655795], [37.287271, 55.660209], [37.295409, 55.6622], [37.297907, 55.667483], [37.295141, 55.668407], [37.290151, 55.667428], [37.294247, 55.670936], [37.284531, 55.672684], [37.299956, 55.679764], [37.297504, 55.683368], [37.306611, 55.685212], [37.314712, 55.682101], [37.32546, 55.686104], [37.323747, 55.688275], [37.326113, 55.690265], [37.332146, 55.690936], [37.311176, 55.670297], [37.317244, 55.671935], [37.31986, 55.674979], [37.323606, 55.671938], [37.329898, 55.670638], [37.330516, 55.674065], [37.325793, 55.675971], [37.333477, 55.677232], [37.325135, 55.678298], [37.324477, 55.679527], [37.332991, 55.685835], [37.334555, 55.684408], [37.331678, 55.680354], [37.344303, 55.675815], [37.353022, 55.678344], [37.354959, 55.680642], [37.358958, 55.675002], [37.364696, 55.67565], [37.365276, 55.677971], [37.369444, 55.673134], [37.375265, 55.671623], [37.37764, 55.673381], [37.373233, 55.675335], [37.375211, 55.679414], [37.366346, 55.681157], [37.368726, 55.683148], [37.374009, 55.682068], [37.372075, 55.685011], [37.380224, 55.690271], [37.379399, 55.68808], [37.386244, 55.678341], [37.381115, 55.675809], [37.385212, 55.673666], [37.392849, 55.675423], [37.397771, 55.671283], [37.400151, 55.672729], [37.398435, 55.681106], [37.400916, 55.682509], [37.404425, 55.68142], [37.406656, 55.683157], [37.412503, 55.680506], [37.408122, 55.67813], [37.408499, 55.674732], [37.418399, 55.666889], [37.398219, 55.66208], [37.385672, 55.663854], [37.390676, 55.660141], [37.405857, 55.660488], [37.392861, 55.65695], [37.389141, 55.658601], [37.389685, 55.655704], [37.38111, 55.651166], [37.387028, 55.649801], [37.387629, 55.651637], [37.392303, 55.652928], [37.397495, 55.652191], [37.398363, 55.654715], [37.40396, 55.655756], [37.408913, 55.649259], [37.412681, 55.649525], [37.413003, 55.64546], [37.4158, 55.644613], [37.417594, 55.646135], [37.415504, 55.657122], [37.419195, 55.657092], [37.421371, 55.653113], [37.423815, 55.653006], [37.423668, 55.656025], [37.431136, 55.655639], [37.426983, 55.657803], [37.429736, 55.659959], [37.433928, 55.657199], [37.432651, 55.654352], [37.438702, 55.654173], [37.443543, 55.650745], [37.454357, 55.637708], [37.425008, 55.62844], [37.416033, 55.63506], [37.412972, 55.632523], [37.415596, 55.633], [37.42052, 55.628569], [37.391958, 55.619003], [37.39028, 55.619669], [37.390291, 55.617435], [37.417059, 55.623671], [37.417698, 55.619581], [37.420055, 55.618568], [37.423148, 55.62212], [37.421072, 55.624402], [37.422766, 55.626262], [37.425531, 55.625349], [37.424996, 55.62097], [37.427399, 55.622785], [37.434942, 55.619665], [37.439441, 55.623067], [37.448005, 55.619256], [37.449678, 55.621412], [37.443859, 55.624061], [37.441847, 55.627278], [37.44634, 55.626365], [37.459606, 55.627612], [37.454659, 55.634022], [37.459819, 55.635586], [37.459974, 55.637854], [37.474661, 55.625486], [37.4731, 55.623892], [37.479246, 55.621574], [37.489704, 55.612331], [37.488154, 55.607116], [37.490977, 55.608928], [37.495433, 55.607317], [37.504149, 55.599223], [37.508308, 55.598008]]]]}}, {"type": "Feature", "properties": {"school_id": "новая-школа", "name": "Новая школа", "min": 20, "mode": "driving", "method": "isochrone driving reverse:true", "status": "approx: гипотеза A (start_time = выезд), +8–14% (Гейт 2)", "start_time": "2026-10-14T05:10:00Z", "request_hash": "b0dab45db1499c97902743097729dae68331270b", "was_invalid": false}, "geometry": {"type": "MultiPolygon", "coordinates": [[[[37.454286, 55.661597], [37.459103, 55.6664], [37.462748, 55.662855], [37.465244, 55.662752], [37.476823, 55.668349], [37.478642, 55.665583], [37.474172, 55.664681], [37.479214, 55.662736], [37.483716, 55.662988], [37.487168, 55.665962], [37.493211, 55.666838], [37.498931, 55.665751], [37.499808, 55.664085], [37.50316, 55.665216], [37.510122, 55.662054], [37.513471, 55.667356], [37.509018, 55.665382], [37.506394, 55.667074], [37.513603, 55.670657], [37.520945, 55.671442], [37.510156, 55.676282], [37.511119, 55.677987], [37.526272, 55.671863], [37.524949, 55.674159], [37.530727, 55.677271], [37.534657, 55.677125], [37.535013, 55.679491], [37.540898, 55.682571], [37.545037, 55.680525], [37.540731, 55.677858], [37.541651, 55.676762], [37.552129, 55.68211], [37.552692, 55.680078], [37.558706, 55.679952], [37.56081, 55.677692], [37.56292, 55.678302], [37.560218, 55.681485], [37.563639, 55.681819], [37.563363, 55.685922], [37.5559, 55.686321], [37.565737, 55.692847], [37.558321, 55.694882], [37.566602, 55.699383], [37.575085, 55.69936], [37.571877, 55.702496], [37.580101, 55.707193], [37.589151, 55.706649], [37.58598, 55.70903], [37.589754, 55.710135], [37.592618, 55.715695], [37.602394, 55.721194], [37.602164, 55.722632], [37.597476, 55.721838], [37.585773, 55.71371], [37.58621, 55.712175], [37.583746, 55.712045], [37.578285, 55.714692], [37.582804, 55.718905], [37.576068, 55.717059], [37.573096, 55.718736], [37.578017, 55.720767], [37.581323, 55.720184], [37.58178, 55.721482], [37.578207, 55.72211], [37.582873, 55.723716], [37.580947, 55.725828], [37.584965, 55.728929], [37.579141, 55.728223], [37.578357, 55.725041], [37.574594, 55.726083], [37.567235, 55.723101], [37.561948, 55.724791], [37.561118, 55.723571], [37.55774, 55.723927], [37.562178, 55.726546], [37.561051, 55.728605], [37.555889, 55.727323], [37.553905, 55.72439], [37.552212, 55.72711], [37.555294, 55.728719], [37.549116, 55.728421], [37.565777, 55.73663], [37.573248, 55.744773], [37.582858, 55.745773], [37.57792, 55.747456], [37.574318, 55.74644], [37.573246, 55.751222], [37.575764, 55.749672], [37.578035, 55.751937], [37.603849, 55.752089], [37.604748, 55.753898], [37.596987, 55.754661], [37.591795, 55.752973], [37.58991, 55.755286], [37.584905, 55.753817], [37.585135, 55.757052], [37.580035, 55.75614], [37.57921, 55.759663], [37.577256, 55.759876], [37.574453, 55.75537], [37.568689, 55.754933], [37.568799, 55.757793], [37.56413, 55.754752], [37.558157, 55.755842], [37.555736, 55.753655], [37.558631, 55.752303], [37.552318, 55.750465], [37.560899, 55.749756], [37.55308, 55.748274], [37.551551, 55.749381], [37.535456, 55.74442], [37.532863, 55.748734], [37.53746, 55.75107], [37.533855, 55.756512], [37.536195, 55.761164], [37.532889, 55.759692], [37.532325, 55.756075], [37.528241, 55.755593], [37.529853, 55.750287], [37.523983, 55.747417], [37.519013, 55.748268], [37.516193, 55.752594], [37.513551, 55.753209], [37.509372, 55.751947], [37.503577, 55.754189], [37.482664, 55.753963], [37.481155, 55.752895], [37.489709, 55.751911], [37.488588, 55.748362], [37.474612, 55.742647], [37.45927, 55.738957], [37.455516, 55.733678], [37.450376, 55.731849], [37.409002, 55.75261], [37.407542, 55.751753], [37.415602, 55.746417], [37.421046, 55.744644], [37.41925, 55.742634], [37.421929, 55.742854], [37.431087, 55.738317], [37.429596, 55.735517], [37.434261, 55.736439], [37.44235, 55.733354], [37.442204, 55.731428], [37.434934, 55.731655], [37.440269, 55.727751], [37.433117, 55.728777], [37.409361, 55.727628], [37.392108, 55.730159], [37.381417, 55.728874], [37.378183, 55.731797], [37.373762, 55.732134], [37.376157, 55.735255], [37.372974, 55.736637], [37.374282, 55.734254], [37.373282, 55.733613], [37.372494, 55.730875], [37.358153, 55.730399], [37.371779, 55.730075], [37.379074, 55.727932], [37.391323, 55.729324], [37.405843, 55.727265], [37.399375, 55.722661], [37.406967, 55.720867], [37.406734, 55.717237], [37.409583, 55.718306], [37.408792, 55.726588], [37.419319, 55.726527], [37.423918, 55.724222], [37.427368, 55.725769], [37.434888, 55.725834], [37.433266, 55.721269], [37.426218, 55.721544], [37.422691, 55.719342], [37.421357, 55.720184], [37.420667, 55.716664], [37.414449, 55.716942], [37.407657, 55.712408], [37.407375, 55.710342], [37.402821, 55.710546], [37.404529, 55.709004], [37.399789, 55.704307], [37.390205, 55.708813], [37.386445, 55.716091], [37.383863, 55.716926], [37.385295, 55.718681], [37.382524, 55.719743], [37.383901, 55.716136], [37.381259, 55.712868], [37.384151, 55.710912], [37.38324, 55.708421], [37.387704, 55.708379], [37.387991, 55.704978], [37.393134, 55.704634], [37.395704, 55.701576], [37.394321, 55.699124], [37.388006, 55.696489], [37.390541, 55.695848], [37.394017, 55.697578], [37.398636, 55.695631], [37.39815, 55.698599], [37.400901, 55.699023], [37.408045, 55.693622], [37.412684, 55.686979], [37.412405, 55.684224], [37.396509, 55.687588], [37.394488, 55.686152], [37.398081, 55.683773], [37.389926, 55.679812], [37.396339, 55.678759], [37.400608, 55.682587], [37.408881, 55.682652], [37.41265, 55.680483], [37.408694, 55.677741], [37.41595, 55.67587], [37.420794, 55.676814], [37.427882, 55.667356], [37.428986, 55.670077], [37.420152, 55.681802], [37.42746, 55.685724], [37.430817, 55.683105], [37.431289, 55.67836], [37.434799, 55.676386], [37.433686, 55.673705], [37.441404, 55.673523], [37.438487, 55.670135], [37.440637, 55.669302], [37.445087, 55.671374], [37.437458, 55.66412], [37.441453, 55.664146], [37.446639, 55.668358], [37.451434, 55.669668], [37.455933, 55.667055], [37.452233, 55.662311], [37.454286, 55.661597]]]]}}, {"type": "Feature", "properties": {"school_id": "новая-школа", "name": "Новая школа", "min": 40, "mode": "driving", "method": "isochrone driving reverse:true", "status": "approx: гипотеза A (start_time = выезд), +8–14% (Гейт 2)", "start_time": "2026-10-14T04:50:00Z", "request_hash": "d5cd4e96703f685302358e59548642623fa4a95d", "was_invalid": false}, "geometry": {"type": "MultiPolygon", "coordinates": [[[[37.157623, 55.594088], [37.163855, 55.596781], [37.160345, 55.598885], [37.16744, 55.597219], [37.170182, 55.598739], [37.168118, 55.600367], [37.171352, 55.602026], [37.170289, 55.6052], [37.165842, 55.604634], [37.16721, 55.608652], [37.178984, 55.608814], [37.181876, 55.605586], [37.18634, 55.607869], [37.182943, 55.612548], [37.179556, 55.611415], [37.167334, 55.611594], [37.171424, 55.615568], [37.166057, 55.615526], [37.168917, 55.618396], [37.161386, 55.621435], [37.175584, 55.622408], [37.183147, 55.626632], [37.180051, 55.640298], [37.185837, 55.65005], [37.201214, 55.651273], [37.199314, 55.647864], [37.20439, 55.646686], [37.196988, 55.641946], [37.190221, 55.644347], [37.188879, 55.641002], [37.196266, 55.636264], [37.200843, 55.637932], [37.204111, 55.636404], [37.201444, 55.63349], [37.205169, 55.631049], [37.212399, 55.631004], [37.213859, 55.631825], [37.210746, 55.632918], [37.216162, 55.635096], [37.213117, 55.637699], [37.218734, 55.641813], [37.214359, 55.646167], [37.217418, 55.648788], [37.216866, 55.652655], [37.221914, 55.650024], [37.218976, 55.64729], [37.222696, 55.645272], [37.226151, 55.64595], [37.231854, 55.642037], [37.258315, 55.649739], [37.259511, 55.648688], [37.261805, 55.650073], [37.266298, 55.649288], [37.283634, 55.654076], [37.291583, 55.654303], [37.303173, 55.659976], [37.305588, 55.658195], [37.310348, 55.658964], [37.310949, 55.660439], [37.307405, 55.661056], [37.310555, 55.662411], [37.309595, 55.665547], [37.315853, 55.67164], [37.322732, 55.667687], [37.324353, 55.66878], [37.320835, 55.6721], [37.323882, 55.671218], [37.325791, 55.672275], [37.327866, 55.666568], [37.325776, 55.661672], [37.329614, 55.661338], [37.332773, 55.666432], [37.33716, 55.666037], [37.336786, 55.667694], [37.331672, 55.668692], [37.330424, 55.672369], [37.334805, 55.673676], [37.339425, 55.671766], [37.344958, 55.672729], [37.329916, 55.678707], [37.324638, 55.67858], [37.326104, 55.681871], [37.329896, 55.682305], [37.333032, 55.685763], [37.334322, 55.684402], [37.331341, 55.680175], [37.345306, 55.675083], [37.354571, 55.678765], [37.354936, 55.680551], [37.358696, 55.674856], [37.36496, 55.675504], [37.365276, 55.677945], [37.369074, 55.672927], [37.376427, 55.67163], [37.377577, 55.67448], [37.373279, 55.675326], [37.37532, 55.679692], [37.366383, 55.681157], [37.368726, 55.683128], [37.374222, 55.681948], [37.372147, 55.685066], [37.380224, 55.690258], [37.380279, 55.688959], [37.37923, 55.688074], [37.381417, 55.68764], [37.382737, 55.680629], [37.386034, 55.678422], [37.384849, 55.676606], [37.381613, 55.676483], [37.381636, 55.674823], [37.385094, 55.673419], [37.388299, 55.674694], [37.389799, 55.673462], [37.392872, 55.675348], [37.396569, 55.670923], [37.400654, 55.671584], [37.398573, 55.681135], [37.400921, 55.682477], [37.401131, 55.681277], [37.405308, 55.681277], [37.406671, 55.683122], [37.411307, 55.681154], [37.40799, 55.67847], [37.409005, 55.6766], [37.40686, 55.676853], [37.408157, 55.673569], [37.418209, 55.666896], [37.398573, 55.662963], [37.392815, 55.662985], [37.388333, 55.666157], [37.377168, 55.664727], [37.375671, 55.661026], [37.369465, 55.660916], [37.365661, 55.658896], [37.367185, 55.65539], [37.370597, 55.655461], [37.37223, 55.657864], [37.378749, 55.657997], [37.382524, 55.663034], [37.386011, 55.662379], [37.389009, 55.65922], [37.405578, 55.66041], [37.396224, 55.657728], [37.388233, 55.658831], [37.382349, 55.656616], [37.382831, 55.654608], [37.380149, 55.653096], [37.378212, 55.653447], [37.380489, 55.655383], [37.376476, 55.656016], [37.374754, 55.653161], [37.370747, 55.65343], [37.372874, 55.651964], [37.364106, 55.646284], [37.357104, 55.642751], [37.355353, 55.643542], [37.357863, 55.641573], [37.3542, 55.638082], [37.361827, 55.641803], [37.368683, 55.638776], [37.364742, 55.643218], [37.370275, 55.646385], [37.370548, 55.639055], [37.373618, 55.637553], [37.374176, 55.649359], [37.38017, 55.650858], [37.383918, 55.649995], [37.379563, 55.648947], [37.383133, 55.645713], [37.378264, 55.640467], [37.382518, 55.638344], [37.384815, 55.637974], [37.386028, 55.639921], [37.396906, 55.641258], [37.402011, 55.640064], [37.404382, 55.641297], [37.412929, 55.637669], [37.41204, 55.635752], [37.414967, 55.634298], [37.406409, 55.632006], [37.406199, 55.630617], [37.411166, 55.630293], [37.41461, 55.63212], [37.418681, 55.630536], [37.418451, 55.628453], [37.412469, 55.625534], [37.381127, 55.617087], [37.383389, 55.614828], [37.389403, 55.614633], [37.38915, 55.617081], [37.416436, 55.623074], [37.416131, 55.621324], [37.410692, 55.619837], [37.414748, 55.616049], [37.42276, 55.619204], [37.426218, 55.61736], [37.433111, 55.619087], [37.432646, 55.616334], [37.436575, 55.615419], [37.439269, 55.623035], [37.441542, 55.62211], [37.439757, 55.620006], [37.445987, 55.619665], [37.447272, 55.617552], [37.442695, 55.616961], [37.44308, 55.615451], [37.446927, 55.616289], [37.449545, 55.61411], [37.44979, 55.619821], [37.461179, 55.6161], [37.461027, 55.618376], [37.451411, 55.621736], [37.447763, 55.621363], [37.441882, 55.627086], [37.458859, 55.62706], [37.460158, 55.627966], [37.454794, 55.634398], [37.461788, 55.635816], [37.47475, 55.625525], [37.473083, 55.623908], [37.47707, 55.623558], [37.492049, 55.610607], [37.48933, 55.608437], [37.492161, 55.608973], [37.496634, 55.606693], [37.506049, 55.598574], [37.504672, 55.602799], [37.49357, 55.611311], [37.502372, 55.615461], [37.505255, 55.619529], [37.495102, 55.614065], [37.489382, 55.615574], [37.482172, 55.622999], [37.482644, 55.624398], [37.488864, 55.624382], [37.49706, 55.622126], [37.48444, 55.630591], [37.490874, 55.635924], [37.488309, 55.637264], [37.481014, 55.636089], [37.474396, 55.637695], [37.48753, 55.639201], [37.490532, 55.641618], [37.493682, 55.64168], [37.517179, 55.633873], [37.509429, 55.624288], [37.516989, 55.625677], [37.52655, 55.623921], [37.529109, 55.626979], [37.526001, 55.629417], [37.532685, 55.631331], [37.536882, 55.630734], [37.537281, 55.627372], [37.540213, 55.626664], [37.532693, 55.622149], [37.536048, 55.620506], [37.54005, 55.622548], [37.540923, 55.621678], [37.540113, 55.615578], [37.533872, 55.614285], [37.538049, 55.61172], [37.536548, 55.609002], [37.54015, 55.610701], [37.54606, 55.610256], [37.540826, 55.613026], [37.54462, 55.617844], [37.556443, 55.610938], [37.557772, 55.612321], [37.546673, 55.620662], [37.546181, 55.624716], [37.543246, 55.626054], [37.547949, 55.637819], [37.558887, 55.641346], [37.56651, 55.646861], [37.577997, 55.643325], [37.581349, 55.643692], [37.582597, 55.642027], [37.586199, 55.642319], [37.586725, 55.633214], [37.589392, 55.63224], [37.591755, 55.638737], [37.595285, 55.639873], [37.599816, 55.639217], [37.599853, 55.637974], [37.596498, 55.638614], [37.594949, 55.637429], [37.603262, 55.636767], [37.612228, 55.640785], [37.605536, 55.645268], [37.60319, 55.643273], [37.596978, 55.644182], [37.59755, 55.646362], [37.604136, 55.645453], [37.600436, 55.647118], [37.602544, 55.652924], [37.60447, 55.646479], [37.607215, 55.646842], [37.607632, 55.652123], [37.617667, 55.651974], [37.61769, 55.643873], [37.619751, 55.643315], [37.622163, 55.645544], [37.621157, 55.651653], [37.623221, 55.654569], [37.620651, 55.656009], [37.621407, 55.661853], [37.630841, 55.662544], [37.645622, 55.656522], [37.64232, 55.660423], [37.643826, 55.661312], [37.639045, 55.660793], [37.636004, 55.663018], [37.645893, 55.66522], [37.647272, 55.663504], [37.649747, 55.666834], [37.638939, 55.665388], [37.636639, 55.667107], [37.634354, 55.664594], [37.631939, 55.66519], [37.630252, 55.667548], [37.632782, 55.668183], [37.631298, 55.669496], [37.635895, 55.673345], [37.634067, 55.675478], [37.639017, 55.678843], [37.644622, 55.677041], [37.647985, 55.67766], [37.657382, 55.684551], [37.662255, 55.683974], [37.664236, 55.679443], [37.667018, 55.680545], [37.667423, 55.684548], [37.674828, 55.684272], [37.674101, 55.685643], [37.677183, 55.687231], [37.669579, 55.686752], [37.673854, 55.688985], [37.668309, 55.690462], [37.669648, 55.702153], [37.677904, 55.700028], [37.680969, 55.70294], [37.675455, 55.704019], [37.68253, 55.704871], [37.68453, 55.706555], [37.686083, 55.705201], [37.688652, 55.705668], [37.684131, 55.710983], [37.693255, 55.713406], [37.695051, 55.715294], [37.681897, 55.712525], [37.682371, 55.714358], [37.695244, 55.717156], [37.723263, 55.72721], [37.716082, 55.726776], [37.712308, 55.724448], [37.701588, 55.734954], [37.703362, 55.736242], [37.698757, 55.736572], [37.699061, 55.733588], [37.710497, 55.72539], [37.708433, 55.723645], [37.703641, 55.721919], [37.699113, 55.722298], [37.681825, 55.729068], [37.682371, 55.731839], [37.686114, 55.732315], [37.687753, 55.73451], [37.684703, 55.736196], [37.689069, 55.737718], [37.683544, 55.739614], [37.693283, 55.73831], [37.696463, 55.736485], [37.698745, 55.737083], [37.699573, 55.743514], [37.704486, 55.743579], [37.707838, 55.741809], [37.709712, 55.742948], [37.704098, 55.746624], [37.704408, 55.74855], [37.714855, 55.747702], [37.716571, 55.751106], [37.719623, 55.751811], [37.713679, 55.754558], [37.708309, 55.754264], [37.710281, 55.751277], [37.704336, 55.752905], [37.702451, 55.749672], [37.698823, 55.749689], [37.699033, 55.753202], [37.696805, 55.75251], [37.695227, 55.75373], [37.698995, 55.75515], [37.692355, 55.756936], [37.69433, 55.758993], [37.691852, 55.757796], [37.685582, 55.758906], [37.691582, 55.768031], [37.699113, 55.76349], [37.703802, 55.763823], [37.705978, 55.767274], [37.702925, 55.768338], [37.703741, 55.771336], [37.696773, 55.768144], [37.693542, 55.770094], [37.702589, 55.777014], [37.703566, 55.780231], [37.69928, 55.782152], [37.700145, 55.78489], [37.697291, 55.7849], [37.694867, 55.7822], [37.700148, 55.779423], [37.696816, 55.780451], [37.69111, 55.776102], [37.684984, 55.775003], [37.686916, 55.77897], [37.681521, 55.777548], [37.677539, 55.779607], [37.680713, 55.781512], [37.678091, 55.787379], [37.674541, 55.787147], [37.672859, 55.784748], [37.667487, 55.783367], [37.666328, 55.785365], [37.669214, 55.786038], [37.664845, 55.787651], [37.669542, 55.788604], [37.669099, 55.790195], [37.664132, 55.789878], [37.665923, 55.791821], [37.659901, 55.795234], [37.655037, 55.793304], [37.651587, 55.794678], [37.637456, 55.793631], [37.640644, 55.79928], [37.636021, 55.801978], [37.637436, 55.80498], [37.6452, 55.808046], [37.643912, 55.809668], [37.638982, 55.806363], [37.634903, 55.808004], [37.632736, 55.805394], [37.634271, 55.801875], [37.631063, 55.804838], [37.623094, 55.806515], [37.634503, 55.798327], [37.631425, 55.793194], [37.627188, 55.793718], [37.624937, 55.795735], [37.626547, 55.798475], [37.621421, 55.799412], [37.620107, 55.801135], [37.622163, 55.804725], [37.614982, 55.810043], [37.603357, 55.812521], [37.603972, 55.808072], [37.608161, 55.80752], [37.608494, 55.805442], [37.597947, 55.805739], [37.594181, 55.813296], [37.591551, 55.813981], [37.591373, 55.811661], [37.582002, 55.817366], [37.579917, 55.817059], [37.58059, 55.81369], [37.577874, 55.814394], [37.57257, 55.827194], [37.568534, 55.826261], [37.569954, 55.825453], [37.567298, 55.825027], [37.566873, 55.823109], [37.571636, 55.822188], [37.572331, 55.817964], [37.568865, 55.819869], [37.56507, 55.818193], [37.560655, 55.821823], [37.559881, 55.818193], [37.553379, 55.817001], [37.561224, 55.81442], [37.561011, 55.813038], [37.555679, 55.811833], [37.557835, 55.80834], [37.554621, 55.806075], [37.558838, 55.805607], [37.5596, 55.804075], [37.553779, 55.804101], [37.543502, 55.810812], [37.536439, 55.807943], [37.538963, 55.811312], [37.531247, 55.814052], [37.519255, 55.812492], [37.520609, 55.814653], [37.537149, 55.816439], [37.538014, 55.818513], [37.530451, 55.822847], [37.534683, 55.826748], [37.533924, 55.831883], [37.539992, 55.835486], [37.546719, 55.834634], [37.544367, 55.837239], [37.546974, 55.839225], [37.552034, 55.839053], [37.550729, 55.841755], [37.546957, 55.840742], [37.542766, 55.843321], [37.539656, 55.840283], [37.541243, 55.838624], [37.534585, 55.839641], [37.53384, 55.84112], [37.530825, 55.838605], [37.529678, 55.83988], [37.525409, 55.837578], [37.521379, 55.837878], [37.516484, 55.833856], [37.511197, 55.832299], [37.508584, 55.832593], [37.505091, 55.837914], [37.504039, 55.834508], [37.507305, 55.831269], [37.494809, 55.825948], [37.492573, 55.826141], [37.492334, 55.828692], [37.484279, 55.835783], [37.485127, 55.837226], [37.479996, 55.838518], [37.486444, 55.83063], [37.477544, 55.826787], [37.48716, 55.825889], [37.488194, 55.828269], [37.491989, 55.822453], [37.487703, 55.820945], [37.485136, 55.815657], [37.479295, 55.815273], [37.479053, 55.813742], [37.474152, 55.81558], [37.466307, 55.815696], [37.466919, 55.817027], [37.462861, 55.819214], [37.449954, 55.820112], [37.452089, 55.822227], [37.450178, 55.824307], [37.449787, 55.821252], [37.446829, 55.820909], [37.446444, 55.815825], [37.45169, 55.813945], [37.449985, 55.812537], [37.45355, 55.808515], [37.457709, 55.808059], [37.450756, 55.805416], [37.454073, 55.803972], [37.44866, 55.802511], [37.448743, 55.798378], [37.45403, 55.791258], [37.450474, 55.788465], [37.449005, 55.790343], [37.450986, 55.791872], [37.446915, 55.793304], [37.443624, 55.788598], [37.441166, 55.789623], [37.433028, 55.786574], [37.426304, 55.785918], [37.414998, 55.791368], [37.410034, 55.791058], [37.412903, 55.796384], [37.40987, 55.801329], [37.412449, 55.80434], [37.429693, 55.80328], [37.430159, 55.804751], [37.418387, 55.806069], [37.419598, 55.808818], [37.406947, 55.818506], [37.396158, 55.82224], [37.397265, 55.828689], [37.40051, 55.830275], [37.402097, 55.82847], [37.40546, 55.830168], [37.422878, 55.825841], [37.430533, 55.825457], [37.429943, 55.826894], [37.423499, 55.827146], [37.424194, 55.830775], [37.418175, 55.829115], [37.415869, 55.831482], [37.411017, 55.830485], [37.410796, 55.833801], [37.414317, 55.836458], [37.408522, 55.83661], [37.40782, 55.834288], [37.406317, 55.836455], [37.410385, 55.839166], [37.405475, 55.839999], [37.401327, 55.838369], [37.40066, 55.836932], [37.404768, 55.835121], [37.403595, 55.834104], [37.400726, 55.834366], [37.397391, 55.837614], [37.399004, 55.841597], [37.392786, 55.845364], [37.393775, 55.849305], [37.395187, 55.850848], [37.403284, 55.848308], [37.406311, 55.851054], [37.40158, 55.851955], [37.4036, 55.853865], [37.402071, 55.854724], [37.397, 55.852636], [37.403606, 55.86421], [37.401801, 55.865629], [37.401108, 55.864081], [37.39815, 55.864132], [37.39537, 55.857579], [37.391461, 55.856615], [37.393019, 55.853723], [37.389397, 55.853], [37.386077, 55.85413], [37.385177, 55.852106], [37.381095, 55.852087], [37.381095, 55.85048], [37.385128, 55.850047], [37.377651, 55.846087], [37.377959, 55.844809], [37.382797, 55.845629], [37.38338, 55.84335], [37.385919, 55.843305], [37.387408, 55.848195], [37.388951, 55.841013], [37.393071, 55.839618], [37.392959, 55.836335], [37.390225, 55.835541], [37.387382, 55.841107], [37.384726, 55.841048], [37.385091, 55.836936], [37.379143, 55.838246], [37.384154, 55.83258], [37.36809, 55.828441], [37.372437, 55.827543], [37.375185, 55.82433], [37.376306, 55.828625], [37.379092, 55.82979], [37.378221, 55.825657], [37.382662, 55.822834], [37.383806, 55.816859], [37.380287, 55.811862], [37.376369, 55.812395], [37.372486, 55.810818], [37.372273, 55.804818], [37.368763, 55.798937], [37.358302, 55.795075], [37.354804, 55.797228], [37.359257, 55.800883], [37.358021, 55.80467], [37.354344, 55.804466], [37.351472, 55.800844], [37.346807, 55.802156], [37.3466, 55.804363], [37.343883, 55.805177], [37.341167, 55.799393], [37.339612, 55.800679], [37.335403, 55.799991], [37.318015, 55.802221], [37.330781, 55.798753], [37.33327, 55.799681], [37.346971, 55.795773], [37.350265, 55.793401], [37.354974, 55.793178], [37.351691, 55.790599], [37.352688, 55.786688], [37.344795, 55.782162], [37.348856, 55.780927], [37.352677, 55.782178], [37.353858, 55.779604], [37.344918, 55.776148], [37.342446, 55.772232], [37.347278, 55.76807], [37.353025, 55.768742], [37.354643, 55.770301], [37.353027, 55.7723], [37.346844, 55.771785], [37.350279, 55.775061], [37.359567, 55.773121], [37.364172, 55.771168], [37.358529, 55.769441], [37.359783, 55.768076], [37.364158, 55.768597], [37.363008, 55.76597], [37.342598, 55.761284], [37.331959, 55.753021], [37.328849, 55.752843], [37.328475, 55.75108], [37.327745, 55.752274], [37.320366, 55.752361], [37.321516, 55.756328], [37.324678, 55.757379], [37.322778, 55.758738], [37.31656, 55.758469], [37.317035, 55.754312], [37.31316, 55.754791], [37.310009, 55.753015], [37.30975, 55.755855], [37.305349, 55.757605], [37.310949, 55.762558], [37.306565, 55.76381], [37.301454, 55.762435], [37.298804, 55.759094], [37.300264, 55.754645], [37.30555, 55.753697], [37.303366, 55.752846], [37.305582, 55.751724], [37.30553, 55.747847], [37.294383, 55.752888], [37.284787, 55.75273], [37.281815, 55.750902], [37.289433, 55.747935], [37.290625, 55.746576], [37.28834, 55.745255], [37.28454, 55.745178], [37.285138, 55.747194], [37.282536, 55.748129], [37.272518, 55.740653], [37.257191, 55.739673], [37.250056, 55.737452], [37.251496, 55.735908], [37.266522, 55.737585], [37.270055, 55.734708], [37.269986, 55.72846], [37.267149, 55.726291], [37.269839, 55.724801], [37.275721, 55.725824], [37.275652, 55.724536], [37.260853, 55.718775], [37.262267, 55.716418], [37.266436, 55.716178], [37.268773, 55.711582], [37.264251, 55.703228], [37.265289, 55.694095], [37.254477, 55.693346], [37.249067, 55.691473], [37.244652, 55.692066], [37.238224, 55.69704], [37.232918, 55.697973], [37.227235, 55.701855], [37.228157, 55.704291], [37.223133, 55.709273], [37.200374, 55.714909], [37.202082, 55.720226], [37.208794, 55.719769], [37.212048, 55.723435], [37.21494, 55.723127], [37.219252, 55.725433], [37.222402, 55.72248], [37.225257, 55.723755], [37.220292, 55.727424], [37.213146, 55.725449], [37.210323, 55.726974], [37.224208, 55.733452], [37.223273, 55.735232], [37.202021, 55.728223], [37.192831, 55.728677], [37.187027, 55.726219], [37.184423, 55.728602], [37.182057, 55.727825], [37.186188, 55.725704], [37.181195, 55.724953], [37.177561, 55.725067], [37.170082, 55.729259], [37.166057, 55.729373], [37.171344, 55.725873], [37.169538, 55.72248], [37.175535, 55.723603], [37.180893, 55.718293], [37.172008, 55.714581], [37.167216, 55.714996], [37.166348, 55.713458], [37.165465, 55.715006], [37.161478, 55.715009], [37.163789, 55.710173], [37.166618, 55.710173], [37.167198, 55.712431], [37.173149, 55.712645], [37.178429, 55.715174], [37.179875, 55.711472], [37.182457, 55.712473], [37.182201, 55.710808], [37.185032, 55.710167], [37.189822, 55.713616], [37.185119, 55.716997], [37.188238, 55.718234], [37.194145, 55.714222], [37.187821, 55.710319], [37.191377, 55.708223], [37.196508, 55.709506], [37.196243, 55.712337], [37.204364, 55.710381], [37.200314, 55.708703], [37.202487, 55.699525], [37.200469, 55.698009], [37.20341, 55.696668], [37.203614, 55.690657], [37.199817, 55.6889], [37.188312, 55.689843], [37.181028, 55.685847], [37.181419, 55.684334], [37.16867, 55.682234], [37.158368, 55.69114], [37.154593, 55.690381], [37.1543, 55.688622], [37.160038, 55.681851], [37.153788, 55.681028], [37.141942, 55.684292], [37.139021, 55.689095], [37.13565, 55.690232], [37.142451, 55.691392], [37.14373, 55.695598], [37.137607, 55.693259], [37.134261, 55.695683], [37.133008, 55.693907], [37.124901, 55.699577], [37.115435, 55.700225], [37.126379, 55.696217], [37.135742, 55.687011], [37.132663, 55.685844], [37.114714, 55.685961], [37.113831, 55.684392], [37.127155, 55.684016], [37.126994, 55.679715], [37.14461, 55.675705], [37.14964, 55.676947], [37.143342, 55.677913], [37.144483, 55.681294], [37.154846, 55.677592], [37.158698, 55.678704], [37.164137, 55.677955], [37.1646, 55.675313], [37.169967, 55.671218], [37.168049, 55.66819], [37.170007, 55.666886], [37.165741, 55.664286], [37.171234, 55.661017], [37.169268, 55.659437], [37.171878, 55.657819], [37.165965, 55.65574], [37.161179, 55.656817], [37.15948, 55.655656], [37.156729, 55.657326], [37.153668, 55.654368], [37.144164, 55.655056], [37.151785, 55.665596], [37.149169, 55.666468], [37.140361, 55.655633], [37.128963, 55.659424], [37.117013, 55.659376], [37.113199, 55.65861], [37.113199, 55.657018], [37.127543, 55.657975], [37.129946, 55.656505], [37.125643, 55.653862], [37.12608, 55.652169], [37.133002, 55.655429], [37.145716, 55.652383], [37.155096, 55.652091], [37.148835, 55.649535], [37.150255, 55.647945], [37.162863, 55.652263], [37.166353, 55.644399], [37.168532, 55.649184], [37.181341, 55.652603], [37.177699, 55.653917], [37.181764, 55.654309], [37.183495, 55.656573], [37.188554, 55.654848], [37.192239, 55.656181], [37.193806, 55.659142], [37.19748, 55.657858], [37.193668, 55.657952], [37.192874, 55.65454], [37.18413, 55.652976], [37.175949, 55.646988], [37.175627, 55.625298], [37.156867, 55.625275], [37.154358, 55.627359], [37.155326, 55.630501], [37.152342, 55.631659], [37.147171, 55.638984], [37.14718, 55.644062], [37.142822, 55.641271], [37.146168, 55.634875], [37.146501, 55.623541], [37.137952, 55.622691], [37.132453, 55.62373], [37.127224, 55.621912], [37.121564, 55.623723], [37.121504, 55.621256], [37.102066, 55.619256], [37.100007, 55.627307], [37.106619, 55.631237], [37.100562, 55.632996], [37.103583, 55.633863], [37.103583, 55.636342], [37.09878, 55.638273], [37.094684, 55.631857], [37.096684, 55.62867], [37.093534, 55.627313], [37.096704, 55.62532], [37.095658, 55.619857], [37.097837, 55.618454], [37.094109, 55.616204], [37.088267, 55.616542], [37.084867, 55.614263], [37.075619, 55.613945], [37.074475, 55.612344], [37.06872, 55.612646], [37.0668, 55.610944], [37.064572, 55.612045], [37.06049, 55.610801], [37.054922, 55.611347], [37.04447, 55.608255], [37.024552, 55.606525], [37.028927, 55.60492], [37.050975, 55.607518], [37.047431, 55.603962], [37.050176, 55.60304], [37.051355, 55.604719], [37.053565, 55.60302], [37.055695, 55.607989], [37.068973, 55.609564], [37.070979, 55.607606], [37.077761, 55.608249], [37.077562, 55.610587], [37.089331, 55.613863], [37.091665, 55.612142], [37.098975, 55.611694], [37.091188, 55.608535], [37.095293, 55.608025], [37.093534, 55.605885], [37.095069, 55.604371], [37.097072, 55.605274], [37.097708, 55.601974], [37.104152, 55.60355], [37.111997, 55.597872], [37.115631, 55.597313], [37.117183, 55.600318], [37.112029, 55.600909], [37.115349, 55.603293], [37.110114, 55.603023], [37.10745, 55.604427], [37.101732, 55.613847], [37.10889, 55.616471], [37.119106, 55.616659], [37.125048, 55.619006], [37.128408, 55.61801], [37.129642, 55.619656], [37.144457, 55.620948], [37.143483, 55.61812], [37.136078, 55.613678], [37.138458, 55.61223], [37.145553, 55.610814], [37.152837, 55.61222], [37.155993, 55.615191], [37.160929, 55.613032], [37.154475, 55.609132], [37.157155, 55.607619], [37.160886, 55.607973], [37.16107, 55.603348], [37.150747, 55.601338], [37.157632, 55.599983], [37.158477, 55.597427], [37.155039, 55.595251], [37.157623, 55.594088]]]]}}, {"type": "Feature", "properties": {"school_id": "ломоносовская-школа", "name": "Ломоносовская школа — начальная городская", "min": 20, "mode": "driving", "method": "isochrone driving reverse:true", "status": "approx: гипотеза A (start_time = выезд), +8–14% (Гейт 2)", "start_time": "2026-10-14T05:10:00Z", "request_hash": "1b3eb70664a022bbfa3ff42e6082e8a2f8dbf390", "was_invalid": false}, "geometry": {"type": "MultiPolygon", "coordinates": [[[[37.48189, 55.667421], [37.478576, 55.672035], [37.482172, 55.674269], [37.491397, 55.670816], [37.491267, 55.668021], [37.495786, 55.669143], [37.500866, 55.668293], [37.498267, 55.67078], [37.502398, 55.673643], [37.495973, 55.677271], [37.503663, 55.679177], [37.494938, 55.681653], [37.489353, 55.686496], [37.496034, 55.692394], [37.497896, 55.691561], [37.496358, 55.688074], [37.507874, 55.691752], [37.510042, 55.694121], [37.512724, 55.693904], [37.517906, 55.701356], [37.534674, 55.693026], [37.533406, 55.690822], [37.541475, 55.691318], [37.538469, 55.693447], [37.541214, 55.696729], [37.535858, 55.6945], [37.529655, 55.698012], [37.530997, 55.698022], [37.533927, 55.69636], [37.537664, 55.696775], [37.534878, 55.701029], [37.539098, 55.703355], [37.536307, 55.703986], [37.532004, 55.70168], [37.52735, 55.704145], [37.526602, 55.701307], [37.524041, 55.701149], [37.525993, 55.704038], [37.522376, 55.703708], [37.517895, 55.706005], [37.52743, 55.711045], [37.532133, 55.708353], [37.529267, 55.704984], [37.533156, 55.707388], [37.537715, 55.705985], [37.538463, 55.708376], [37.531538, 55.711028], [37.534292, 55.713127], [37.538638, 55.709526], [37.542398, 55.708904], [37.535091, 55.719611], [37.537511, 55.726656], [37.546848, 55.727382], [37.554336, 55.72201], [37.548622, 55.728431], [37.562198, 55.735769], [37.548185, 55.730833], [37.540923, 55.738326], [37.546198, 55.741068], [37.550688, 55.738666], [37.556058, 55.742116], [37.561899, 55.741835], [37.566896, 55.744314], [37.569434, 55.742909], [37.567378, 55.741191], [37.571535, 55.741582], [37.572193, 55.739835], [37.573427, 55.742213], [37.571854, 55.742929], [37.584218, 55.746637], [37.583298, 55.749527], [37.579535, 55.746381], [37.576612, 55.74776], [37.577787, 55.751827], [37.606824, 55.75217], [37.607373, 55.753684], [37.599629, 55.755603], [37.590654, 55.752817], [37.590562, 55.755273], [37.584704, 55.754154], [37.588148, 55.763428], [37.592166, 55.76533], [37.58955, 55.766213], [37.582893, 55.759999], [37.580291, 55.758815], [37.579127, 55.760245], [37.576086, 55.759537], [37.576931, 55.757062], [37.573677, 55.75548], [37.568796, 55.754991], [37.568787, 55.75779], [37.564147, 55.754784], [37.558375, 55.756121], [37.55231, 55.750472], [37.560882, 55.749763], [37.55308, 55.748307], [37.551551, 55.749381], [37.53441, 55.744511], [37.53313, 55.749847], [37.538009, 55.75031], [37.539779, 55.751947], [37.535327, 55.75318], [37.533981, 55.756894], [37.538224, 55.763461], [37.537261, 55.76532], [37.542364, 55.77067], [37.536126, 55.767225], [37.532052, 55.755606], [37.524785, 55.757858], [37.530175, 55.752837], [37.529819, 55.750323], [37.524302, 55.747686], [37.519051, 55.748999], [37.513546, 55.755862], [37.512801, 55.753497], [37.509079, 55.752141], [37.502539, 55.754584], [37.482664, 55.753963], [37.48116, 55.752895], [37.48856, 55.751264], [37.489707, 55.747741], [37.459267, 55.738957], [37.457534, 55.735468], [37.453239, 55.737171], [37.449614, 55.735873], [37.440292, 55.740249], [37.43811, 55.739061], [37.433778, 55.740815], [37.427077, 55.744475], [37.426623, 55.746598], [37.43084, 55.74876], [37.436929, 55.748643], [37.440042, 55.747009], [37.455226, 55.75096], [37.454202, 55.752562], [37.441272, 55.749553], [37.438481, 55.750475], [37.442192, 55.752371], [37.435135, 55.751617], [37.434738, 55.756874], [37.431967, 55.758699], [37.430133, 55.751818], [37.426186, 55.748841], [37.41664, 55.754991], [37.420742, 55.756134], [37.42015, 55.757489], [37.413291, 55.756444], [37.411598, 55.752458], [37.408829, 55.752355], [37.410873, 55.758036], [37.406466, 55.762953], [37.405529, 55.753655], [37.388569, 55.764842], [37.384608, 55.763933], [37.386353, 55.76599], [37.382811, 55.768079], [37.370425, 55.770861], [37.369838, 55.772542], [37.368525, 55.771074], [37.356178, 55.7766], [37.354669, 55.77553], [37.364391, 55.771313], [37.367996, 55.766627], [37.350055, 55.76161], [37.349549, 55.760151], [37.363077, 55.763024], [37.369005, 55.762264], [37.369352, 55.75845], [37.367001, 55.756933], [37.36845, 55.751258], [37.369125, 55.753714], [37.375904, 55.756127], [37.381087, 55.761626], [37.386152, 55.760902], [37.391938, 55.75755], [37.38917, 55.75613], [37.396259, 55.755755], [37.403391, 55.75239], [37.391415, 55.746191], [37.391421, 55.743754], [37.396673, 55.743187], [37.400835, 55.748323], [37.404785, 55.749401], [37.399547, 55.743385], [37.405782, 55.740915], [37.402959, 55.739948], [37.408677, 55.736876], [37.405299, 55.735089], [37.404256, 55.730133], [37.395192, 55.729722], [37.394022, 55.731257], [37.381771, 55.728868], [37.37394, 55.732348], [37.37503, 55.738478], [37.372943, 55.738893], [37.372434, 55.730917], [37.350262, 55.729667], [37.371776, 55.730027], [37.379132, 55.726482], [37.38867, 55.729314], [37.406898, 55.727297], [37.394767, 55.723237], [37.400191, 55.721647], [37.403649, 55.722204], [37.40701, 55.716343], [37.421788, 55.717431], [37.410718, 55.713224], [37.412359, 55.712042], [37.417062, 55.714419], [37.41885, 55.71268], [37.41981, 55.704259], [37.417614, 55.700935], [37.419859, 55.697688], [37.416522, 55.693492], [37.419057, 55.68879], [37.426362, 55.688291], [37.416763, 55.683533], [37.42044, 55.682869], [37.427391, 55.685786], [37.431907, 55.684227], [37.433154, 55.687069], [37.442261, 55.68272], [37.446202, 55.682856], [37.446875, 55.684668], [37.452598, 55.674447], [37.465198, 55.685118], [37.472146, 55.686463], [37.473563, 55.685702], [37.471139, 55.683686], [37.45215, 55.671439], [37.461213, 55.669321], [37.462274, 55.670745], [37.459201, 55.672719], [37.465229, 55.675488], [37.467333, 55.673186], [37.471062, 55.672515], [37.4722, 55.673857], [37.475894, 55.671597], [37.4745, 55.669059], [37.48189, 55.667421]]]]}}, {"type": "Feature", "properties": {"school_id": "ломоносовская-школа", "name": "Ломоносовская школа — начальная городская", "min": 40, "mode": "driving", "method": "isochrone driving reverse:true", "status": "approx: гипотеза A (start_time = выезд), +8–14% (Гейт 2)", "start_time": "2026-10-14T04:50:00Z", "request_hash": "d3216f7c4579a93ec4554f000e4ef8ba1896f023", "was_invalid": false}, "geometry": {"type": "MultiPolygon", "coordinates": [[[[37.154185, 55.590806], [37.152279, 55.593685], [37.170064, 55.598574], [37.168184, 55.600626], [37.172637, 55.602965], [37.170849, 55.605502], [37.165936, 55.604608], [37.16834, 55.608658], [37.17899, 55.608717], [37.181876, 55.605586], [37.189822, 55.609191], [37.184647, 55.613295], [37.179556, 55.611415], [37.167359, 55.611616], [37.172482, 55.614977], [37.16612, 55.615542], [37.169124, 55.618815], [37.162544, 55.621438], [37.174761, 55.62237], [37.183181, 55.626625], [37.180057, 55.640298], [37.184509, 55.646758], [37.183569, 55.648766], [37.191653, 55.651367], [37.201076, 55.651361], [37.199279, 55.647848], [37.204376, 55.646699], [37.19731, 55.64205], [37.193492, 55.642073], [37.190218, 55.64435], [37.188879, 55.641002], [37.195967, 55.636261], [37.201869, 55.637627], [37.203671, 55.636378], [37.201559, 55.633181], [37.205166, 55.631049], [37.212655, 55.631062], [37.213862, 55.631831], [37.211102, 55.632935], [37.215828, 55.633778], [37.218458, 55.636414], [37.212908, 55.637715], [37.219781, 55.640622], [37.214405, 55.646161], [37.216872, 55.652652], [37.222141, 55.650021], [37.218982, 55.647286], [37.224995, 55.644623], [37.226418, 55.645648], [37.231871, 55.642034], [37.246055, 55.647468], [37.243074, 55.647247], [37.24364, 55.648247], [37.234824, 55.651338], [37.236474, 55.656586], [37.241093, 55.655549], [37.247058, 55.657219], [37.253983, 55.655292], [37.261396, 55.650488], [37.275485, 55.651059], [37.277578, 55.652791], [37.29542, 55.655724], [37.295116, 55.658023], [37.290335, 55.656408], [37.287722, 55.66018], [37.290488, 55.660679], [37.293431, 55.658795], [37.298781, 55.65959], [37.295711, 55.662353], [37.300189, 55.664983], [37.297648, 55.667544], [37.298884, 55.671704], [37.297499, 55.672959], [37.29396, 55.671205], [37.284715, 55.672797], [37.300043, 55.679709], [37.29732, 55.68319], [37.310647, 55.686003], [37.313257, 55.682311], [37.314715, 55.6839], [37.316879, 55.682836], [37.317983, 55.685789], [37.322157, 55.684749], [37.32529, 55.686178], [37.323109, 55.688272], [37.328487, 55.690923], [37.332112, 55.690867], [37.330847, 55.688243], [37.327081, 55.687799], [37.328567, 55.686279], [37.317857, 55.678075], [37.313059, 55.671053], [37.307505, 55.668349], [37.303098, 55.66175], [37.300615, 55.661857], [37.302432, 55.660806], [37.314608, 55.671241], [37.317259, 55.671575], [37.32047, 55.669263], [37.323111, 55.670135], [37.3213, 55.67222], [37.325345, 55.672239], [37.328496, 55.663157], [37.331238, 55.664334], [37.330652, 55.666296], [37.336918, 55.66627], [37.331661, 55.668686], [37.329352, 55.672259], [37.334805, 55.673676], [37.338933, 55.671815], [37.344841, 55.672564], [37.332212, 55.678075], [37.324733, 55.678376], [37.32609, 55.681884], [37.333026, 55.685773], [37.334345, 55.684402], [37.33135, 55.680512], [37.338269, 55.677601], [37.345729, 55.675115], [37.354387, 55.678869], [37.354942, 55.680584], [37.358857, 55.674946], [37.364796, 55.675592], [37.365334, 55.677945], [37.372537, 55.671549], [37.377666, 55.6727], [37.377396, 55.674379], [37.373253, 55.675329], [37.375337, 55.679436], [37.372555, 55.680989], [37.370235, 55.67979], [37.366363, 55.681161], [37.368726, 55.683138], [37.374098, 55.68202], [37.372135, 55.685073], [37.380227, 55.690265], [37.382808, 55.680671], [37.38604, 55.678538], [37.384858, 55.6766], [37.381567, 55.676204], [37.383978, 55.673552], [37.387419, 55.674723], [37.390242, 55.673565], [37.39287, 55.675355], [37.398274, 55.670981], [37.400798, 55.672269], [37.398599, 55.68118], [37.400921, 55.68248], [37.401203, 55.681316], [37.405239, 55.681316], [37.406665, 55.683128], [37.411316, 55.681154], [37.406941, 55.675747], [37.418203, 55.666867], [37.398558, 55.662943], [37.392778, 55.662979], [37.387914, 55.666118], [37.377344, 55.664626], [37.3757, 55.660997], [37.36951, 55.66079], [37.365831, 55.658798], [37.367562, 55.655532], [37.371592, 55.656194], [37.372086, 55.657861], [37.378609, 55.658078], [37.382527, 55.66305], [37.389368, 55.659239], [37.405604, 55.660414], [37.395925, 55.657663], [37.388354, 55.658704], [37.382262, 55.656674], [37.38309, 55.654562], [37.380224, 55.652941], [37.377473, 55.654183], [37.370775, 55.652782], [37.372483, 55.651796], [37.359464, 55.642215], [37.363373, 55.642063], [37.369858, 55.646355], [37.370775, 55.644029], [37.37359, 55.644042], [37.37363, 55.649428], [37.37714, 55.651098], [37.384105, 55.650021], [37.379675, 55.648516], [37.383079, 55.646449], [37.381072, 55.642598], [37.384269, 55.641333], [37.386862, 55.646284], [37.393002, 55.646573], [37.391599, 55.649346], [37.394971, 55.652045], [37.405733, 55.64824], [37.402071, 55.647786], [37.396322, 55.650242], [37.394755, 55.648775], [37.40398, 55.645492], [37.399435, 55.643844], [37.401215, 55.64155], [37.407907, 55.640794], [37.412701, 55.637858], [37.420618, 55.628651], [37.393755, 55.620321], [37.390294, 55.617435], [37.417059, 55.623671], [37.417709, 55.619558], [37.420046, 55.618617], [37.423148, 55.62212], [37.421072, 55.624402], [37.422766, 55.626271], [37.425545, 55.625349], [37.425036, 55.621013], [37.42813, 55.622772], [37.434965, 55.619714], [37.439441, 55.623067], [37.447961, 55.619259], [37.449672, 55.621438], [37.443813, 55.624051], [37.441841, 55.627284], [37.458586, 55.627245], [37.454593, 55.63423], [37.459957, 55.636066], [37.472318, 55.626771], [37.473088, 55.623915], [37.484113, 55.617795], [37.486892, 55.613522], [37.496364, 55.607697], [37.497767, 55.608645], [37.493041, 55.611548], [37.497094, 55.614331], [37.491518, 55.613487], [37.475368, 55.627962], [37.480269, 55.630348], [37.486363, 55.626654], [37.484598, 55.62457], [37.495482, 55.623847], [37.491204, 55.625035], [37.484288, 55.630556], [37.489721, 55.635917], [37.474336, 55.637692], [37.487211, 55.639263], [37.491793, 55.642326], [37.503372, 55.639032], [37.507564, 55.635606], [37.517297, 55.633931], [37.512813, 55.627106], [37.508535, 55.625307], [37.512479, 55.623856], [37.516481, 55.626317], [37.526527, 55.624564], [37.52653, 55.627466], [37.522908, 55.626401], [37.518662, 55.628595], [37.521442, 55.632727], [37.526936, 55.630397], [37.53075, 55.630942], [37.53142, 55.633146], [37.540245, 55.63778], [37.542596, 55.635761], [37.537218, 55.629589], [37.540343, 55.626664], [37.538862, 55.623376], [37.542369, 55.622103], [37.540725, 55.619574], [37.543781, 55.617415], [37.546279, 55.619208], [37.542927, 55.626664], [37.545336, 55.635041], [37.550116, 55.639156], [37.559887, 55.64143], [37.565455, 55.646381], [37.586319, 55.642397], [37.587299, 55.637433], [37.603498, 55.640801], [37.601267, 55.643692], [37.597073, 55.644246], [37.597996, 55.647608], [37.591818, 55.643773], [37.58991, 55.644415], [37.598125, 55.651987], [37.596656, 55.654718], [37.590749, 55.653006], [37.592201, 55.655863], [37.589568, 55.656749], [37.587291, 55.652749], [37.584149, 55.654624], [37.588441, 55.65873], [37.595527, 55.658957], [37.598697, 55.661266], [37.603251, 55.659515], [37.605933, 55.660135], [37.606709, 55.662703], [37.615603, 55.662988], [37.614907, 55.664367], [37.606033, 55.665074], [37.593839, 55.669441], [37.595656, 55.67104], [37.601247, 55.669983], [37.602167, 55.671435], [37.59812, 55.673608], [37.600586, 55.674992], [37.610578, 55.668686], [37.612133, 55.674048], [37.608109, 55.673316], [37.602906, 55.677232], [37.615252, 55.683488], [37.614683, 55.686437], [37.62059, 55.688482], [37.621441, 55.686836], [37.624255, 55.686846], [37.625147, 55.691373], [37.626009, 55.689445], [37.628404, 55.689471], [37.627176, 55.687494], [37.630028, 55.687387], [37.628671, 55.688424], [37.629004, 55.6902], [37.626886, 55.694455], [37.627435, 55.70238], [37.631554, 55.687666], [37.640664, 55.684749], [37.65978, 55.686282], [37.659918, 55.687779], [37.65579, 55.687653], [37.657316, 55.690252], [37.646597, 55.686752], [37.645778, 55.689202], [37.632937, 55.690213], [37.644956, 55.695893], [37.644406, 55.698148], [37.648667, 55.698702], [37.646594, 55.701252], [37.649173, 55.702574], [37.656224, 55.701443], [37.664523, 55.70272], [37.665414, 55.687452], [37.666219, 55.689753], [37.669214, 55.689584], [37.669467, 55.701871], [37.674596, 55.702172], [37.674323, 55.703993], [37.679595, 55.704521], [37.678384, 55.706192], [37.668858, 55.706021], [37.6687, 55.707835], [37.674061, 55.709464], [37.672264, 55.710977], [37.678042, 55.712939], [37.682604, 55.71052], [37.68334, 55.712262], [37.680673, 55.71292], [37.683507, 55.714993], [37.695152, 55.717234], [37.714992, 55.724461], [37.712322, 55.724451], [37.702471, 55.73316], [37.7035, 55.736313], [37.698167, 55.738394], [37.698512, 55.742838], [37.704776, 55.743475], [37.705319, 55.740495], [37.708191, 55.740608], [37.712923, 55.744611], [37.710462, 55.747223], [37.713676, 55.74819], [37.716108, 55.746488], [37.715789, 55.747964], [37.718686, 55.74855], [37.716706, 55.75107], [37.721518, 55.752406], [37.706024, 55.755464], [37.70333, 55.753293], [37.697104, 55.758919], [37.69961, 55.76293], [37.704722, 55.764098], [37.706021, 55.76728], [37.702873, 55.768542], [37.707404, 55.771368], [37.699889, 55.771578], [37.697334, 55.768015], [37.693657, 55.76989], [37.702655, 55.777017], [37.703586, 55.780225], [37.699455, 55.782197], [37.700128, 55.786196], [37.697069, 55.786022], [37.696371, 55.783232], [37.691556, 55.784593], [37.687994, 55.78863], [37.689848, 55.791362], [37.681092, 55.794355], [37.676292, 55.792836], [37.662815, 55.792997], [37.660231, 55.794775], [37.662315, 55.797027], [37.658121, 55.800127], [37.651208, 55.797674], [37.655298, 55.79653], [37.656471, 55.794277], [37.637663, 55.793728], [37.638174, 55.796216], [37.642388, 55.794875], [37.646097, 55.795586], [37.648552, 55.800941], [37.646703, 55.802343], [37.642107, 55.798827], [37.636467, 55.80159], [37.63772, 55.804831], [37.642406, 55.806285], [37.645847, 55.804366], [37.646968, 55.809122], [37.653775, 55.809691], [37.655799, 55.811245], [37.653424, 55.812757], [37.647865, 55.811093], [37.646767, 55.812049], [37.649808, 55.812773], [37.648063, 55.814766], [37.635952, 55.811035], [37.630617, 55.812043], [37.628639, 55.804505], [37.618799, 55.812249], [37.614743, 55.81034], [37.608994, 55.810767], [37.603294, 55.814201], [37.594046, 55.81444], [37.594354, 55.817198], [37.590387, 55.816907], [37.591793, 55.817731], [37.587185, 55.818248], [37.586009, 55.819928], [37.58262, 55.816029], [37.583028, 55.820457], [37.576508, 55.819013], [37.572078, 55.83023], [37.571354, 55.827888], [37.562776, 55.825608], [37.561474, 55.823293], [37.554466, 55.829752], [37.564498, 55.833384], [37.562003, 55.834117], [37.553842, 55.831498], [37.552356, 55.835121], [37.557818, 55.836671], [37.557217, 55.837862], [37.554104, 55.837704], [37.553224, 55.841378], [37.558697, 55.842734], [37.559177, 55.844199], [37.550183, 55.842165], [37.548449, 55.844193], [37.555233, 55.845971], [37.555115, 55.847462], [37.543516, 55.845823], [37.53424, 55.852155], [37.53169, 55.851548], [37.531521, 55.849383], [37.538, 55.846607], [37.528657, 55.846384], [37.52513, 55.843876], [37.521655, 55.847211], [37.516785, 55.844983], [37.519746, 55.842901], [37.513503, 55.838753], [37.506238, 55.838408], [37.504611, 55.842259], [37.508236, 55.844828], [37.505997, 55.848263], [37.502389, 55.845329], [37.498394, 55.846268], [37.49478, 55.840729], [37.501619, 55.84161], [37.499704, 55.840045], [37.493843, 55.840464], [37.492455, 55.838401], [37.503361, 55.8365], [37.504571, 55.835147], [37.501553, 55.832893], [37.504583, 55.830013], [37.495125, 55.826006], [37.49284, 55.826061], [37.484926, 55.836568], [37.48352, 55.839028], [37.486691, 55.839654], [37.480166, 55.84151], [37.479395, 55.843686], [37.476558, 55.843053], [37.486234, 55.830627], [37.480953, 55.827546], [37.475661, 55.828899], [37.474247, 55.827875], [37.480364, 55.825192], [37.488715, 55.825628], [37.491903, 55.822834], [37.487622, 55.821145], [37.48505, 55.81568], [37.47907, 55.815489], [37.479194, 55.813794], [37.476871, 55.813771], [37.474874, 55.815548], [37.469906, 55.815121], [37.465037, 55.81755], [37.465313, 55.820037], [37.460736, 55.818739], [37.453449, 55.820167], [37.451164, 55.822857], [37.453538, 55.825612], [37.457525, 55.825941], [37.456574, 55.827585], [37.444986, 55.828518], [37.44346, 55.826539], [37.429667, 55.830837], [37.426939, 55.829106], [37.427923, 55.83352], [37.424878, 55.83784], [37.433117, 55.836758], [37.438498, 55.837727], [37.429072, 55.839331], [37.421311, 55.838831], [37.424927, 55.842782], [37.429929, 55.843392], [37.430349, 55.844606], [37.425951, 55.845326], [37.425333, 55.847556], [37.422728, 55.848027], [37.424088, 55.849425], [37.40956, 55.851932], [37.411543, 55.855188], [37.418468, 55.857951], [37.409071, 55.85747], [37.406725, 55.859896], [37.404966, 55.857425], [37.407757, 55.855159], [37.405768, 55.852436], [37.402157, 55.851764], [37.403606, 55.854081], [37.398466, 55.854359], [37.408614, 55.868662], [37.419891, 55.873449], [37.418744, 55.874813], [37.411373, 55.872962], [37.405785, 55.877887], [37.403287, 55.878025], [37.408283, 55.870704], [37.402336, 55.865339], [37.397273, 55.866291], [37.395336, 55.857776], [37.390193, 55.856447], [37.392188, 55.85393], [37.38942, 55.85312], [37.38591, 55.854265], [37.38443, 55.852429], [37.381078, 55.853365], [37.379799, 55.851048], [37.384947, 55.850002], [37.377878, 55.84661], [37.368688, 55.849386], [37.369209, 55.846817], [37.366438, 55.844825], [37.363192, 55.845894], [37.362715, 55.844025], [37.367952, 55.841604], [37.362427, 55.839712], [37.366981, 55.838705], [37.372175, 55.84059], [37.382607, 55.834421], [37.371261, 55.829209], [37.363871, 55.828205], [37.364333, 55.825944], [37.359056, 55.823461], [37.361137, 55.820974], [37.355293, 55.816859], [37.350116, 55.816975], [37.346775, 55.819262], [37.341564, 55.818145], [37.35101, 55.816119], [37.351495, 55.813545], [37.358782, 55.817331], [37.364535, 55.814963], [37.368004, 55.819223], [37.370922, 55.81421], [37.379546, 55.821639], [37.376412, 55.82524], [37.379146, 55.829403], [37.378114, 55.825424], [37.382607, 55.822841], [37.383746, 55.816439], [37.380267, 55.811871], [37.376369, 55.81244], [37.372517, 55.811054], [37.372244, 55.804809], [37.368752, 55.798944], [37.358377, 55.795062], [37.354844, 55.798155], [37.359309, 55.800673], [37.359142, 55.80457], [37.35418, 55.80456], [37.351478, 55.80087], [37.346833, 55.802172], [37.346557, 55.804605], [37.343748, 55.805251], [37.343495, 55.800931], [37.341135, 55.799587], [37.340371, 55.800737], [37.335412, 55.800243], [37.32473, 55.802673], [37.327317, 55.80519], [37.321686, 55.804518], [37.321295, 55.806767], [37.316922, 55.807594], [37.315433, 55.806114], [37.317362, 55.804783], [37.314971, 55.804043], [37.300885, 55.805106], [37.29895, 55.80373], [37.292546, 55.803435], [37.292557, 55.802686], [37.297435, 55.801781], [37.302032, 55.8037], [37.311449, 55.802951], [37.305223, 55.8017], [37.302676, 55.798941], [37.307793, 55.797683], [37.306697, 55.796779], [37.318903, 55.800104], [37.319027, 55.798165], [37.326251, 55.793569], [37.328875, 55.794413], [37.324718, 55.799732], [37.330781, 55.798718], [37.333078, 55.799674], [37.346936, 55.795757], [37.349923, 55.793301], [37.354959, 55.793172], [37.351648, 55.790793], [37.352648, 55.786662], [37.344731, 55.782375], [37.348305, 55.780907], [37.352662, 55.782171], [37.353809, 55.779556], [37.348247, 55.778156], [37.349201, 55.776972], [37.343642, 55.774929], [37.342486, 55.771928], [37.345985, 55.768076], [37.353476, 55.768745], [37.353482, 55.772293], [37.346827, 55.771834], [37.352628, 55.775071], [37.364146, 55.771181], [37.358483, 55.769227], [37.364175, 55.767953], [37.363002, 55.765977], [37.342498, 55.761339], [37.328481, 55.751086], [37.328225, 55.752261], [37.32036, 55.752429], [37.321542, 55.756311], [37.32483, 55.757356], [37.323143, 55.75877], [37.316247, 55.758644], [37.317017, 55.754325], [37.310043, 55.753671], [37.309753, 55.756101], [37.305415, 55.757586], [37.306588, 55.759546], [37.310831, 55.760394], [37.311004, 55.762988], [37.306223, 55.76392], [37.301259, 55.762545], [37.298709, 55.759336], [37.300083, 55.754542], [37.30553, 55.753701], [37.303285, 55.752876], [37.305548, 55.751733], [37.305516, 55.747854], [37.294831, 55.752882], [37.284393, 55.752908], [37.281568, 55.750879], [37.289415, 55.747909], [37.290591, 55.746579], [37.288294, 55.745268], [37.284681, 55.745249], [37.285566, 55.747255], [37.282487, 55.749381], [37.279136, 55.744553], [37.271883, 55.742851], [37.272323, 55.740682], [37.255751, 55.738329], [37.257593, 55.736562], [37.2676, 55.736938], [37.27, 55.734882], [37.269971, 55.72846], [37.267114, 55.726278], [37.269839, 55.724775], [37.275709, 55.725828], [37.275646, 55.724539], [37.260842, 55.718775], [37.26225, 55.716411], [37.266433, 55.716178], [37.268767, 55.711586], [37.264245, 55.703225], [37.265286, 55.694095], [37.254474, 55.693353], [37.249073, 55.691477], [37.244465, 55.692147], [37.239397, 55.696405], [37.232929, 55.69798], [37.227237, 55.701858], [37.228103, 55.704518], [37.224403, 55.708693], [37.199362, 55.715534], [37.200731, 55.719484], [37.205399, 55.720783], [37.209162, 55.719886], [37.212367, 55.723629], [37.214943, 55.723127], [37.219249, 55.725426], [37.222397, 55.72248], [37.22526, 55.723752], [37.220396, 55.728019], [37.213086, 55.725484], [37.210559, 55.726945], [37.22125, 55.732506], [37.229848, 55.734775], [37.227301, 55.736417], [37.22616, 55.734918], [37.222799, 55.735193], [37.201996, 55.72834], [37.193628, 55.73082], [37.194214, 55.728528], [37.191739, 55.728829], [37.187907, 55.731189], [37.186179, 55.728314], [37.18202, 55.727858], [37.186154, 55.725701], [37.181192, 55.724953], [37.176429, 55.725708], [37.169809, 55.730153], [37.164856, 55.730043], [37.171335, 55.725866], [37.165468, 55.723412], [37.172102, 55.722302], [37.175839, 55.723419], [37.180663, 55.718118], [37.174109, 55.716942], [37.170849, 55.714588], [37.161182, 55.71485], [37.163467, 55.710002], [37.160314, 55.706824], [37.164315, 55.706918], [37.167224, 55.712421], [37.174299, 55.712645], [37.178237, 55.715297], [37.181011, 55.709415], [37.183886, 55.708878], [37.189885, 55.713885], [37.185441, 55.717399], [37.188266, 55.718221], [37.19184, 55.716949], [37.194125, 55.714219], [37.187821, 55.710319], [37.191374, 55.708223], [37.196514, 55.709506], [37.196243, 55.71233], [37.204402, 55.710322], [37.200006, 55.706879], [37.202274, 55.704916], [37.202375, 55.698881], [37.200469, 55.698009], [37.203378, 55.696668], [37.203536, 55.69066], [37.199805, 55.6889], [37.189045, 55.690385], [37.180393, 55.684327], [37.173252, 55.683964], [37.16754, 55.68167], [37.16318, 55.688443], [37.158324, 55.691182], [37.154587, 55.690381], [37.1543, 55.688622], [37.159885, 55.681851], [37.153788, 55.681041], [37.141985, 55.684308], [37.13903, 55.689095], [37.135966, 55.690239], [37.145921, 55.691379], [37.146524, 55.69286], [37.144118, 55.693483], [37.147203, 55.694805], [37.144788, 55.696862], [37.137078, 55.693304], [37.135204, 55.695683], [37.130921, 55.694701], [37.124102, 55.701395], [37.121498, 55.699736], [37.11691, 55.702759], [37.113121, 55.701058], [37.126367, 55.696211], [37.135661, 55.686992], [37.112414, 55.685961], [37.113176, 55.683611], [37.118054, 55.684677], [37.126388, 55.683909], [37.127362, 55.677002], [37.130708, 55.679427], [37.148013, 55.675971], [37.149376, 55.677433], [37.146633, 55.677255], [37.143164, 55.679692], [37.144489, 55.681277], [37.154855, 55.677611], [37.158698, 55.678694], [37.164131, 55.677952], [37.166784, 55.67269], [37.169955, 55.671221], [37.16796, 55.668193], [37.169981, 55.666886], [37.165689, 55.664276], [37.171203, 55.661013], [37.169268, 55.659437], [37.171539, 55.657829], [37.166664, 55.655808], [37.161179, 55.656817], [37.159454, 55.655659], [37.156005, 55.658027], [37.153975, 55.654468], [37.144233, 55.655081], [37.151877, 55.665654], [37.150255, 55.667107], [37.141735, 55.6597], [37.14026, 55.655694], [37.128963, 55.659424], [37.111264, 55.658727], [37.107447, 55.656366], [37.114507, 55.656781], [37.115372, 55.654303], [37.118546, 55.655896], [37.117784, 55.657919], [37.127535, 55.657952], [37.129935, 55.656509], [37.128687, 55.655062], [37.123349, 55.654511], [37.126109, 55.649814], [37.133028, 55.65479], [37.155763, 55.651964], [37.146536, 55.648889], [37.14906, 55.647835], [37.162829, 55.652214], [37.166353, 55.643325], [37.168598, 55.64911], [37.181669, 55.652691], [37.177757, 55.653982], [37.181865, 55.654254], [37.183684, 55.656619], [37.187858, 55.654828], [37.190865, 55.655429], [37.19401, 55.659188], [37.19752, 55.657799], [37.193665, 55.657955], [37.192872, 55.65454], [37.18411, 55.652986], [37.175923, 55.646991], [37.175601, 55.625317], [37.155798, 55.625233], [37.155326, 55.630501], [37.14707, 55.639451], [37.150646, 55.644863], [37.145653, 55.647186], [37.147778, 55.64484], [37.142781, 55.640943], [37.146073, 55.634879], [37.14507, 55.629264], [37.147197, 55.626002], [37.145147, 55.623438], [37.137619, 55.622756], [37.131936, 55.625616], [37.13097, 55.622662], [37.126951, 55.621999], [37.12495, 55.622766], [37.126684, 55.624067], [37.125005, 55.626882], [37.122952, 55.625213], [37.11781, 55.624876], [37.120857, 55.623376], [37.120256, 55.621853], [37.1017, 55.619376], [37.100329, 55.627323], [37.108427, 55.632951], [37.103994, 55.632357], [37.103583, 55.636991], [37.098705, 55.639487], [37.100812, 55.639269], [37.102028, 55.64106], [37.099671, 55.641261], [37.096765, 55.639665], [37.096768, 55.63349], [37.094684, 55.631857], [37.096733, 55.628621], [37.093522, 55.626921], [37.097716, 55.618656], [37.095187, 55.61686], [37.088267, 55.617191], [37.084694, 55.614276], [37.075619, 55.613945], [37.066323, 55.611509], [37.054922, 55.611347], [37.04447, 55.608301], [37.035375, 55.6081], [37.034483, 55.606742], [37.024865, 55.606739], [37.024925, 55.605206], [37.019122, 55.606093], [37.018963, 55.604699], [37.013045, 55.605219], [37.013424, 55.603072], [37.021473, 55.604936], [37.023847, 55.603709], [37.035225, 55.606268], [37.051291, 55.607382], [37.046298, 55.603228], [37.047344, 55.601991], [37.055083, 55.60377], [37.053137, 55.60556], [37.055661, 55.607359], [37.06864, 55.609395], [37.070962, 55.607583], [37.077766, 55.608226], [37.077565, 55.61059], [37.089342, 55.613831], [37.091662, 55.612123], [37.098889, 55.611688], [37.086635, 55.609132], [37.094224, 55.607375], [37.094615, 55.604612], [37.096414, 55.605307], [37.098153, 55.60329], [37.09594, 55.601835], [37.105483, 55.603056], [37.115476, 55.595546], [37.118321, 55.603449], [37.108194, 55.603939], [37.101922, 55.614074], [37.10891, 55.616438], [37.120256, 55.616659], [37.125048, 55.618993], [37.128408, 55.61801], [37.129645, 55.619639], [37.1345, 55.619133], [37.137696, 55.620928], [37.144449, 55.620938], [37.14346, 55.61813], [37.135986, 55.61362], [37.137334, 55.612227], [37.141413, 55.612594], [37.144506, 55.610217], [37.148033, 55.612009], [37.152828, 55.611577], [37.156091, 55.613954], [37.160866, 55.613032], [37.154475, 55.609132], [37.160866, 55.607333], [37.160909, 55.603767], [37.158212, 55.602364], [37.148657, 55.60216], [37.146334, 55.59933], [37.149367, 55.598587], [37.150244, 55.601107], [37.157471, 55.598918], [37.154524, 55.595686], [37.151446, 55.59644], [37.148634, 55.594783], [37.148858, 55.59208], [37.154185, 55.590806]]]]}}, {"type": "Feature", "properties": {"school_id": "школа-67", "name": "Школа №67", "min": 20, "mode": "driving", "method": "isochrone driving reverse:true", "status": "approx: гипотеза A (start_time = выезд), +8–14% (Гейт 2)", "start_time": "2026-10-14T05:10:00Z", "request_hash": "044f3270ab911a05e1668e248714f9418ef1a2da", "was_invalid": false}, "geometry": {"type": "MultiPolygon", "coordinates": [[[[37.225191, 55.666851], [37.22931, 55.67613], [37.237284, 55.67789], [37.23854, 55.682606], [37.249243, 55.688405], [37.257657, 55.686781], [37.257418, 55.689623], [37.268939, 55.691635], [37.271193, 55.683481], [37.265987, 55.683909], [37.263777, 55.680895], [37.270161, 55.68132], [37.27512, 55.678337], [37.279297, 55.679063], [37.275439, 55.690991], [37.295409, 55.695265], [37.30576, 55.700442], [37.312478, 55.707832], [37.316063, 55.707041], [37.317184, 55.701255], [37.310854, 55.700601], [37.314307, 55.698673], [37.316713, 55.692672], [37.321191, 55.691781], [37.333244, 55.694088], [37.334647, 55.696253], [37.326578, 55.698453], [37.328754, 55.705289], [37.325908, 55.705289], [37.323157, 55.701113], [37.32128, 55.702584], [37.320179, 55.712875], [37.330706, 55.722661], [37.347241, 55.724814], [37.349112, 55.727835], [37.356126, 55.729806], [37.372118, 55.7298], [37.378008, 55.726507], [37.376688, 55.725115], [37.372241, 55.725109], [37.368332, 55.728029], [37.366538, 55.724471], [37.36141, 55.723056], [37.36515, 55.721974], [37.361815, 55.720974], [37.358093, 55.721168], [37.353326, 55.724743], [37.352352, 55.718597], [37.359513, 55.719271], [37.371025, 55.713992], [37.380121, 55.718218], [37.382774, 55.714245], [37.362666, 55.709846], [37.349561, 55.700403], [37.346729, 55.700714], [37.348008, 55.698628], [37.352867, 55.699742], [37.352122, 55.701887], [37.355028, 55.702814], [37.357581, 55.701194], [37.359541, 55.70341], [37.367855, 55.703682], [37.367587, 55.708573], [37.37135, 55.707964], [37.372241, 55.70618], [37.37693, 55.70695], [37.377735, 55.703633], [37.381673, 55.703993], [37.383174, 55.701696], [37.386057, 55.705415], [37.389423, 55.703627], [37.392798, 55.704029], [37.395356, 55.701136], [37.390469, 55.699043], [37.386798, 55.700099], [37.387534, 55.697377], [37.38474, 55.695242], [37.378813, 55.695585], [37.380489, 55.693304], [37.371008, 55.689597], [37.370887, 55.686467], [37.373598, 55.686191], [37.38023, 55.690443], [37.383766, 55.688414], [37.385712, 55.693645], [37.392967, 55.696943], [37.398843, 55.694267], [37.397204, 55.691985], [37.401171, 55.692666], [37.398012, 55.698877], [37.399688, 55.699483], [37.410347, 55.692958], [37.408591, 55.692177], [37.413972, 55.6889], [37.415613, 55.682269], [37.421679, 55.675057], [37.42439, 55.675913], [37.418916, 55.681806], [37.425045, 55.686048], [37.435463, 55.6874], [37.438573, 55.684233], [37.443523, 55.682882], [37.448924, 55.687782], [37.452049, 55.686664], [37.449229, 55.68401], [37.456393, 55.686188], [37.451641, 55.690699], [37.458678, 55.69461], [37.458718, 55.696214], [37.449853, 55.693039], [37.457344, 55.699457], [37.459532, 55.699749], [37.461593, 55.695258], [37.466971, 55.692151], [37.466296, 55.689458], [37.4698, 55.689847], [37.469691, 55.687491], [37.473338, 55.68858], [37.477075, 55.686236], [37.475391, 55.689591], [37.479582, 55.692118], [37.471786, 55.692536], [37.469892, 55.698003], [37.475713, 55.701327], [37.477073, 55.698518], [37.489862, 55.705302], [37.493274, 55.705114], [37.491837, 55.701622], [37.498624, 55.704881], [37.498667, 55.70213], [37.504669, 55.703313], [37.502375, 55.700458], [37.497097, 55.699976], [37.502964, 55.69657], [37.507532, 55.701375], [37.511441, 55.699752], [37.508656, 55.694565], [37.515035, 55.696558], [37.515023, 55.69935], [37.518159, 55.701391], [37.534625, 55.693013], [37.529439, 55.69103], [37.53048, 55.690035], [37.536997, 55.691875], [37.541208, 55.691107], [37.540728, 55.695362], [37.543778, 55.697581], [37.538638, 55.696658], [37.53491, 55.701025], [37.540012, 55.703575], [37.54418, 55.702567], [37.538854, 55.707142], [37.546747, 55.707482], [37.542022, 55.709471], [37.539584, 55.712972], [37.537658, 55.726566], [37.546506, 55.727136], [37.545529, 55.725721], [37.552241, 55.722373], [37.566798, 55.718264], [37.570822, 55.715349], [37.573677, 55.71564], [37.582743, 55.710235], [37.578256, 55.714964], [37.56733, 55.719837], [37.568799, 55.721738], [37.561713, 55.721855], [37.565602, 55.724723], [37.558473, 55.724435], [37.564461, 55.726359], [37.562842, 55.727129], [37.566749, 55.728942], [37.566027, 55.730661], [37.57919, 55.736459], [37.584497, 55.735827], [37.58832, 55.737028], [37.594247, 55.734992], [37.595955, 55.73216], [37.597499, 55.733694], [37.604406, 55.731415], [37.607008, 55.732497], [37.599195, 55.734711], [37.607882, 55.739067], [37.610575, 55.738161], [37.608781, 55.735429], [37.612507, 55.735578], [37.610863, 55.731746], [37.613614, 55.730684], [37.618552, 55.735345], [37.617865, 55.737093], [37.620826, 55.73607], [37.626756, 55.739521], [37.619509, 55.740482], [37.61917, 55.742831], [37.624419, 55.740941], [37.626693, 55.742935], [37.62258, 55.743993], [37.624983, 55.745352], [37.627466, 55.743029], [37.632859, 55.745249], [37.630496, 55.746822], [37.631545, 55.749313], [37.640302, 55.747669], [37.635225, 55.750294], [37.63707, 55.752377], [37.633069, 55.755127], [37.631169, 55.751598], [37.62174, 55.75395], [37.620541, 55.750785], [37.613435, 55.74921], [37.617627, 55.7592], [37.613349, 55.760003], [37.609678, 55.76338], [37.614022, 55.764049], [37.612723, 55.769273], [37.617374, 55.769664], [37.618621, 55.772891], [37.622016, 55.772021], [37.627061, 55.773279], [37.630312, 55.772138], [37.632756, 55.773111], [37.62742, 55.775294], [37.622522, 55.774275], [37.621783, 55.778421], [37.619751, 55.778689], [37.614559, 55.775672], [37.617282, 55.774314], [37.612541, 55.775912], [37.610207, 55.774838], [37.604883, 55.779944], [37.601098, 55.775672], [37.59751, 55.776545], [37.586046, 55.774372], [37.583074, 55.775071], [37.584129, 55.773108], [37.580018, 55.772047], [37.580584, 55.770362], [37.571159, 55.770143], [37.568126, 55.768131], [37.570227, 55.766462], [37.56311, 55.766908], [37.563423, 55.765155], [37.55918, 55.76371], [37.553741, 55.765337], [37.55617, 55.770029], [37.551444, 55.766375], [37.54326, 55.766536], [37.542249, 55.769214], [37.545736, 55.772503], [37.55661, 55.775452], [37.558415, 55.779624], [37.566522, 55.784832], [37.581527, 55.778259], [37.581507, 55.778899], [37.58057, 55.780374], [37.576577, 55.78199], [37.577126, 55.78414], [37.570115, 55.784745], [37.574933, 55.787993], [37.570699, 55.788184], [37.575741, 55.791478], [37.580193, 55.790945], [37.584273, 55.792503], [37.573361, 55.793427], [37.572208, 55.795314], [37.560666, 55.793585], [37.559269, 55.792344], [37.566528, 55.788608], [37.564283, 55.786587], [37.558447, 55.789251], [37.557579, 55.791342], [37.544813, 55.794545], [37.542401, 55.796656], [37.547377, 55.792118], [37.545793, 55.788853], [37.551551, 55.79013], [37.559384, 55.786487], [37.555365, 55.78394], [37.543226, 55.782314], [37.542091, 55.778097], [37.544632, 55.777415], [37.546949, 55.778679], [37.547593, 55.777202], [37.543154, 55.774566], [37.541266, 55.770479], [37.538331, 55.770191], [37.536212, 55.76782], [37.527243, 55.769806], [37.528551, 55.773548], [37.536931, 55.774434], [37.531707, 55.774896], [37.53113, 55.777144], [37.527301, 55.778544], [37.525619, 55.774169], [37.521899, 55.774353], [37.522851, 55.777661], [37.520591, 55.777228], [37.517421, 55.776329], [37.517076, 55.773412], [37.512085, 55.773312], [37.508966, 55.770395], [37.483448, 55.77455], [37.48605, 55.771459], [37.496652, 55.770683], [37.4966, 55.769079], [37.492297, 55.768538], [37.494162, 55.767018], [37.496654, 55.766491], [37.500972, 55.769583], [37.505574, 55.768338], [37.50529, 55.766465], [37.508552, 55.765353], [37.50619, 55.763418], [37.511384, 55.760113], [37.505405, 55.759472], [37.503128, 55.760811], [37.505816, 55.761297], [37.504856, 55.762361], [37.496358, 55.76491], [37.479214, 55.764314], [37.47644, 55.76237], [37.472281, 55.763043], [37.472996, 55.761277], [37.478556, 55.760501], [37.484831, 55.762273], [37.497465, 55.761665], [37.498244, 55.756984], [37.503367, 55.755645], [37.5009, 55.754283], [37.481042, 55.754739], [37.480686, 55.752199], [37.488376, 55.751151], [37.489534, 55.747834], [37.466103, 55.741158], [37.464263, 55.739436], [37.459178, 55.739022], [37.4572, 55.735436], [37.453239, 55.737171], [37.443443, 55.734714], [37.439953, 55.736407], [37.43918, 55.734086], [37.434273, 55.734105], [37.433082, 55.736604], [37.42675, 55.736546], [37.41898, 55.741825], [37.421616, 55.742974], [37.426638, 55.740595], [37.423743, 55.744022], [37.424844, 55.746074], [37.433174, 55.749459], [37.435417, 55.748307], [37.439128, 55.749964], [37.431685, 55.752254], [37.421322, 55.746436], [37.400456, 55.756994], [37.405771, 55.76162], [37.402939, 55.762257], [37.397138, 55.758709], [37.388575, 55.764845], [37.384663, 55.763962], [37.385097, 55.767436], [37.370862, 55.771847], [37.371195, 55.773354], [37.393252, 55.776985], [37.389423, 55.777955], [37.374004, 55.777043], [37.372805, 55.787105], [37.375277, 55.788766], [37.389785, 55.785876], [37.393229, 55.783461], [37.39084, 55.786846], [37.385085, 55.790065], [37.379155, 55.789128], [37.375257, 55.79056], [37.386445, 55.80161], [37.387609, 55.804111], [37.384927, 55.804405], [37.381644, 55.800766], [37.379017, 55.801775], [37.376671, 55.799994], [37.373788, 55.800256], [37.376131, 55.794872], [37.371071, 55.789868], [37.366323, 55.792768], [37.364175, 55.791691], [37.360648, 55.793317], [37.357552, 55.792293], [37.368953, 55.788165], [37.366047, 55.784098], [37.368938, 55.782136], [37.368812, 55.774909], [37.366136, 55.77425], [37.360191, 55.777037], [37.363511, 55.783131], [37.36143, 55.784741], [37.364402, 55.78747], [37.359478, 55.786526], [37.353841, 55.788236], [37.346499, 55.782158], [37.348603, 55.781214], [37.352657, 55.782546], [37.356351, 55.780241], [37.344568, 55.774437], [37.344303, 55.770366], [37.348284, 55.769072], [37.346272, 55.772471], [37.35253, 55.775313], [37.364233, 55.771239], [37.358969, 55.769227], [37.364253, 55.768648], [37.363109, 55.765906], [37.344303, 55.76162], [37.328429, 55.750831], [37.322732, 55.75197], [37.307232, 55.747546], [37.31117, 55.747003], [37.325003, 55.749388], [37.329528, 55.748255], [37.337965, 55.751598], [37.346588, 55.757741], [37.365184, 55.762277], [37.365575, 55.746779], [37.370203, 55.736009], [37.37342, 55.734895], [37.372227, 55.731017], [37.35257, 55.730933], [37.342213, 55.726446], [37.33269, 55.725692], [37.32383, 55.723007], [37.315951, 55.716048], [37.311199, 55.715368], [37.310064, 55.716359], [37.307522, 55.715019], [37.311317, 55.709678], [37.307499, 55.709202], [37.302092, 55.70249], [37.291994, 55.698502], [37.277604, 55.696208], [37.276068, 55.694639], [37.269635, 55.697413], [37.272694, 55.711929], [37.268425, 55.713056], [37.268091, 55.70547], [37.264665, 55.700601], [37.26779, 55.693327], [37.263044, 55.693739], [37.261741, 55.692034], [37.258916, 55.693126], [37.249245, 55.691146], [37.232012, 55.679832], [37.230149, 55.680824], [37.222431, 55.68001], [37.222431, 55.678418], [37.226527, 55.677264], [37.222141, 55.671098], [37.225191, 55.666851]]]]}}, {"type": "Feature", "properties": {"school_id": "школа-67", "name": "Школа №67", "min": 40, "mode": "driving", "method": "isochrone driving reverse:true", "status": "approx: гипотеза A (start_time = выезд), +8–14% (Гейт 2)", "start_time": "2026-10-14T04:50:00Z", "request_hash": "1dc48543fdf7d97b4a760f75e58f599f084e8d45", "was_invalid": false}, "geometry": {"type": "MultiPolygon", "coordinates": [[[[36.989709, 55.541422], [36.987748, 55.544082], [36.994432, 55.54967], [36.991186, 55.555823], [36.997985, 55.564261], [37.000776, 55.563428], [37.004179, 55.565964], [37.013344, 55.567248], [37.016526, 55.56993], [37.010567, 55.569179], [37.003159, 55.570577], [37.000483, 55.573356], [37.01562, 55.573779], [37.019645, 55.577354], [37.017152, 55.581354], [37.007382, 55.581887], [37.006197, 55.586352], [37.012654, 55.588993], [37.009871, 55.590559], [37.006416, 55.590179], [37.006439, 55.592941], [37.013341, 55.593639], [37.015735, 55.591943], [37.025069, 55.590985], [37.026757, 55.582527], [37.037944, 55.58423], [37.037623, 55.579638], [37.041457, 55.580643], [37.042173, 55.58334], [37.04562, 55.581793], [37.048514, 55.58281], [37.057673, 55.58218], [37.067748, 55.584298], [37.06661, 55.58654], [37.060358, 55.586891], [37.062189, 55.589585], [37.056842, 55.591437], [37.054643, 55.594828], [37.055928, 55.594974], [37.059694, 55.594036], [37.063247, 55.596141], [37.061482, 55.597567], [37.065463, 55.597294], [37.068875, 55.599555], [37.051194, 55.601968], [37.05673, 55.603079], [37.05702, 55.60721], [37.068611, 55.609178], [37.070548, 55.606719], [37.078224, 55.607976], [37.078899, 55.61047], [37.089317, 55.613717], [37.091205, 55.611873], [37.098602, 55.611698], [37.084993, 55.609152], [37.086649, 55.607437], [37.092815, 55.607233], [37.095638, 55.600363], [37.105345, 55.602699], [37.1101, 55.598736], [37.096124, 55.594094], [37.085583, 55.592395], [37.079836, 55.588834], [37.088719, 55.587379], [37.093994, 55.591053], [37.099636, 55.588532], [37.106579, 55.590442], [37.108944, 55.589591], [37.102698, 55.587928], [37.10049, 55.584922], [37.109626, 55.587801], [37.111328, 55.587044], [37.107389, 55.583106], [37.108674, 55.581783], [37.118089, 55.586485], [37.120587, 55.584445], [37.108594, 55.579417], [37.107887, 55.574104], [37.099389, 55.571598], [37.098949, 55.569494], [37.107705, 55.571669], [37.111638, 55.569979], [37.113437, 55.572465], [37.117266, 55.571676], [37.118991, 55.569345], [37.127155, 55.568578], [37.128854, 55.575342], [37.136682, 55.574172], [37.13671, 55.571939], [37.133778, 55.570795], [37.136498, 55.567232], [37.139033, 55.567391], [37.141037, 55.570362], [37.149574, 55.564881], [37.147277, 55.557199], [37.125836, 55.550789], [37.124295, 55.548708], [37.136469, 55.551517], [37.140203, 55.549189], [37.140789, 55.552737], [37.150997, 55.555475], [37.157333, 55.549989], [37.1543, 55.547699], [37.155973, 55.545393], [37.157531, 55.546506], [37.163254, 55.544629], [37.164476, 55.546047], [37.159164, 55.547221], [37.159926, 55.551878], [37.15319, 55.557787], [37.157051, 55.556873], [37.192055, 55.568227], [37.1905, 55.569709], [37.15601, 55.560164], [37.1543, 55.562007], [37.156867, 55.567056], [37.166626, 55.571292], [37.168311, 55.5775], [37.172169, 55.575092], [37.17467, 55.575826], [37.171956, 55.579339], [37.178918, 55.580825], [37.181603, 55.577796], [37.183336, 55.583284], [37.193846, 55.583528], [37.20621, 55.588116], [37.191351, 55.585572], [37.191929, 55.587853], [37.182992, 55.594858], [37.189146, 55.59693], [37.192391, 55.602215], [37.194924, 55.602851], [37.193337, 55.604592], [37.195168, 55.606356], [37.190121, 55.606054], [37.1881, 55.604316], [37.183584, 55.605248], [37.191109, 55.609438], [37.191219, 55.611769], [37.184368, 55.614214], [37.178941, 55.611665], [37.167463, 55.611701], [37.171694, 55.613909], [37.171827, 55.615857], [37.166299, 55.615607], [37.166319, 55.616308], [37.169553, 55.617997], [37.169518, 55.619097], [37.162843, 55.621496], [37.166017, 55.621662], [37.166385, 55.623434], [37.173255, 55.623421], [37.174089, 55.622178], [37.175575, 55.624077], [37.176708, 55.62408], [37.180913, 55.6236], [37.185136, 55.623577], [37.194004, 55.62433], [37.210053, 55.629472], [37.212051, 55.627816], [37.218369, 55.627157], [37.218076, 55.633824], [37.220686, 55.634002], [37.22162, 55.630981], [37.231877, 55.632127], [37.231771, 55.640353], [37.256412, 55.648529], [37.261457, 55.645479], [37.260707, 55.639392], [37.266965, 55.642546], [37.274804, 55.640132], [37.269463, 55.644185], [37.274519, 55.648247], [37.304794, 55.644659], [37.305746, 55.646287], [37.301931, 55.64705], [37.274148, 55.649986], [37.298565, 55.656071], [37.299281, 55.652652], [37.301931, 55.652357], [37.303185, 55.658033], [37.306531, 55.656898], [37.312507, 55.659366], [37.320978, 55.660066], [37.32412, 55.657796], [37.322476, 55.656359], [37.331827, 55.654952], [37.331643, 55.657981], [37.335389, 55.657887], [37.344792, 55.654426], [37.344961, 55.656045], [37.335116, 55.659593], [37.339103, 55.662505], [37.334256, 55.662045], [37.332589, 55.663605], [37.339686, 55.665443], [37.344852, 55.664795], [37.34735, 55.668131], [37.338933, 55.667279], [37.331707, 55.669347], [37.330284, 55.671857], [37.335331, 55.673539], [37.341377, 55.671578], [37.342279, 55.669801], [37.345988, 55.672246], [37.331959, 55.678269], [37.324825, 55.6786], [37.326133, 55.681848], [37.329039, 55.68214], [37.333049, 55.685741], [37.334291, 55.684402], [37.331175, 55.680085], [37.345027, 55.674927], [37.354629, 55.678733], [37.354933, 55.680542], [37.358644, 55.674826], [37.365012, 55.675472], [37.365276, 55.677942], [37.372124, 55.6715], [37.377761, 55.672505], [37.377634, 55.674512], [37.373285, 55.675326], [37.375372, 55.679718], [37.366389, 55.681157], [37.368726, 55.683125], [37.374256, 55.681932], [37.372149, 55.685063], [37.380224, 55.690255], [37.380273, 55.688959], [37.379209, 55.68808], [37.381411, 55.68764], [37.382808, 55.680674], [37.38604, 55.678538], [37.384858, 55.6766], [37.381569, 55.676204], [37.383981, 55.673552], [37.387419, 55.674723], [37.390236, 55.673569], [37.39287, 55.675355], [37.398265, 55.670985], [37.400795, 55.672269], [37.398599, 55.681183], [37.400921, 55.68248], [37.401206, 55.68132], [37.405236, 55.68132], [37.406668, 55.683128], [37.411316, 55.681154], [37.406855, 55.675741], [37.418198, 55.666873], [37.39857, 55.662959], [37.392809, 55.662985], [37.388333, 55.66615], [37.3772, 55.66471], [37.375671, 55.661023], [37.369473, 55.660903], [37.365693, 55.658876], [37.367196, 55.655409], [37.370563, 55.65548], [37.37223, 55.657868], [37.378726, 55.65801], [37.382524, 55.663037], [37.386011, 55.662379], [37.389009, 55.65923], [37.405581, 55.66041], [37.39623, 55.657722], [37.388241, 55.658821], [37.382409, 55.65659], [37.380152, 55.653087], [37.378543, 55.653602], [37.380486, 55.655383], [37.376476, 55.656016], [37.374762, 55.653155], [37.370747, 55.65343], [37.373081, 55.651968], [37.359751, 55.64276], [37.35769, 55.642887], [37.355235, 55.639474], [37.361827, 55.641803], [37.366461, 55.639292], [37.368766, 55.639847], [37.364739, 55.643218], [37.369878, 55.646586], [37.370692, 55.639996], [37.374573, 55.639779], [37.37415, 55.649363], [37.379825, 55.650904], [37.383938, 55.649986], [37.379606, 55.648944], [37.383214, 55.645917], [37.378646, 55.640898], [37.380207, 55.639646], [37.383337, 55.638484], [37.393134, 55.640794], [37.385502, 55.6423], [37.386534, 55.646144], [37.389066, 55.646599], [37.396359, 55.644837], [37.399498, 55.640142], [37.405095, 55.641446], [37.413279, 55.637754], [37.41204, 55.635752], [37.414967, 55.634294], [37.406007, 55.630893], [37.410678, 55.630244], [37.41367, 55.632127], [37.417065, 55.631643], [37.418451, 55.628453], [37.412469, 55.625534], [37.381127, 55.617087], [37.381799, 55.615604], [37.389397, 55.614636], [37.38915, 55.617081], [37.416436, 55.623074], [37.416131, 55.621324], [37.41054, 55.619717], [37.414748, 55.616049], [37.42276, 55.619204], [37.426218, 55.61736], [37.433111, 55.619084], [37.432646, 55.616334], [37.436575, 55.615419], [37.439269, 55.623035], [37.44154, 55.62211], [37.439757, 55.620006], [37.445992, 55.619669], [37.447295, 55.617552], [37.442707, 55.616954], [37.443086, 55.615451], [37.450629, 55.615477], [37.44979, 55.619821], [37.461185, 55.6161], [37.461032, 55.618376], [37.451411, 55.621736], [37.447769, 55.621363], [37.441887, 55.627089], [37.458799, 55.627096], [37.460072, 55.627966], [37.454766, 55.634395], [37.461785, 55.635823], [37.474759, 55.625528], [37.473083, 55.623908], [37.477075, 55.623561], [37.492084, 55.61062], [37.48937, 55.608454], [37.492527, 55.608924], [37.496672, 55.606716], [37.505997, 55.59858], [37.504672, 55.602799], [37.493518, 55.611308], [37.502372, 55.615461], [37.504999, 55.619458], [37.495105, 55.614065], [37.489333, 55.615545], [37.482008, 55.621487], [37.481678, 55.62423], [37.475466, 55.627962], [37.480252, 55.630124], [37.486349, 55.626856], [37.486898, 55.62457], [37.490333, 55.624684], [37.490862, 55.626171], [37.484029, 55.630754], [37.489839, 55.634454], [37.488206, 55.636018], [37.480364, 55.635485], [37.474281, 55.637854], [37.480238, 55.639869], [37.48601, 55.638782], [37.492805, 55.641862], [37.516989, 55.634181], [37.517556, 55.635693], [37.513068, 55.638026], [37.515135, 55.639646], [37.513071, 55.642225], [37.516558, 55.64509], [37.524047, 55.642939], [37.526177, 55.640707], [37.529025, 55.643598], [37.527298, 55.644801], [37.532256, 55.649327], [37.544701, 55.64461], [37.552692, 55.650771], [37.558553, 55.649113], [37.565427, 55.649385], [37.566878, 55.650676], [37.564728, 55.651513], [37.559706, 55.651062], [37.554699, 55.652791], [37.557263, 55.654358], [37.561966, 55.653447], [37.56384, 55.658552], [37.571035, 55.654994], [37.575399, 55.65861], [37.581708, 55.658315], [37.581708, 55.659911], [37.577523, 55.660462], [37.579952, 55.662184], [37.587817, 55.658938], [37.59074, 55.659895], [37.581217, 55.664085], [37.5859, 55.668251], [37.598079, 55.664905], [37.595515, 55.660469], [37.611279, 55.662787], [37.612806, 55.664444], [37.599862, 55.666565], [37.593799, 55.669451], [37.595337, 55.67102], [37.599844, 55.669921], [37.602408, 55.67126], [37.5982, 55.673416], [37.600589, 55.67493], [37.611984, 55.668196], [37.610871, 55.671374], [37.615042, 55.674833], [37.612214, 55.675472], [37.60904, 55.672833], [37.603032, 55.677216], [37.610774, 55.680182], [37.615563, 55.683546], [37.614712, 55.686408], [37.620935, 55.688537], [37.62237, 55.680568], [37.625411, 55.677306], [37.627176, 55.68001], [37.632468, 55.679676], [37.636312, 55.682302], [37.662824, 55.683812], [37.653996, 55.679161], [37.647523, 55.67835], [37.650475, 55.676399], [37.651492, 55.677352], [37.661122, 55.67622], [37.660211, 55.674026], [37.656543, 55.673796], [37.660191, 55.671098], [37.658107, 55.665592], [37.661068, 55.665446], [37.665305, 55.67506], [37.67958, 55.676007], [37.668447, 55.677948], [37.672296, 55.679929], [37.678327, 55.679653], [37.678821, 55.682464], [37.674552, 55.683041], [37.674049, 55.685368], [37.67956, 55.688272], [37.669818, 55.68704], [37.682909, 55.692024], [37.683429, 55.696033], [37.691553, 55.702704], [37.701332, 55.70225], [37.692128, 55.705149], [37.700967, 55.705509], [37.70371, 55.70708], [37.698452, 55.718189], [37.704397, 55.718228], [37.70682, 55.715874], [37.721768, 55.711628], [37.726051, 55.707579], [37.728825, 55.70836], [37.726525, 55.708476], [37.727474, 55.709976], [37.736957, 55.708236], [37.734796, 55.710504], [37.730814, 55.710271], [37.731185, 55.714358], [37.712158, 55.72133], [37.719692, 55.723775], [37.72453, 55.727848], [37.724835, 55.730868], [37.707815, 55.739352], [37.708993, 55.741505], [37.714452, 55.743317], [37.711324, 55.747297], [37.713745, 55.747922], [37.716697, 55.743744], [37.720696, 55.74411], [37.716252, 55.738313], [37.720578, 55.734714], [37.724838, 55.737125], [37.722303, 55.739459], [37.724907, 55.747948], [37.737981, 55.742427], [37.741669, 55.744608], [37.721524, 55.750478], [37.734758, 55.754354], [37.728627, 55.754403], [37.725177, 55.756593], [37.720175, 55.754574], [37.720201, 55.758851], [37.723349, 55.76205], [37.719865, 55.763354], [37.720713, 55.766786], [37.71403, 55.773286], [37.716364, 55.775705], [37.71476, 55.777671], [37.723131, 55.782187], [37.713207, 55.786742], [37.715182, 55.789859], [37.708947, 55.793644], [37.711089, 55.79579], [37.70678, 55.795421], [37.701864, 55.798789], [37.70064, 55.800249], [37.703066, 55.802602], [37.699199, 55.801839], [37.699835, 55.804499], [37.696698, 55.802049], [37.68927, 55.80076], [37.686425, 55.802815], [37.688055, 55.806734], [37.684269, 55.806941], [37.683929, 55.809959], [37.686295, 55.810592], [37.684617, 55.811031], [37.67714, 55.807516], [37.681762, 55.805587], [37.684341, 55.800915], [37.675958, 55.793081], [37.661709, 55.794364], [37.663557, 55.797616], [37.661056, 55.801697], [37.658877, 55.801881], [37.654772, 55.800986], [37.655204, 55.798863], [37.651116, 55.797677], [37.655192, 55.796481], [37.655209, 55.795033], [37.63774, 55.793763], [37.637887, 55.795822], [37.642388, 55.794639], [37.646407, 55.795415], [37.652231, 55.802825], [37.65071, 55.806221], [37.648181, 55.804673], [37.64574, 55.805949], [37.646905, 55.808738], [37.654637, 55.809345], [37.652358, 55.806075], [37.655146, 55.805361], [37.666521, 55.820076], [37.662269, 55.817906], [37.652841, 55.818732], [37.648664, 55.820945], [37.64808, 55.822266], [37.650814, 55.82223], [37.649187, 55.822976], [37.643188, 55.821972], [37.64622, 55.823525], [37.644657, 55.82483], [37.647373, 55.824824], [37.645128, 55.825802], [37.638344, 55.819973], [37.638056, 55.821084], [37.635397, 55.820774], [37.6334, 55.816307], [37.630913, 55.816749], [37.62285, 55.813286], [37.618506, 55.820438], [37.611081, 55.819146], [37.611061, 55.817566], [37.615111, 55.817912], [37.614321, 55.814533], [37.616698, 55.813183], [37.613723, 55.810498], [37.604277, 55.813703], [37.606899, 55.815121], [37.60127, 55.819152], [37.598137, 55.818668], [37.602403, 55.815935], [37.601032, 55.815044], [37.593894, 55.819504], [37.599065, 55.820884], [37.595507, 55.823025], [37.590352, 55.822731], [37.578814, 55.828447], [37.57944, 55.820951], [37.577431, 55.819017], [37.574326, 55.823567], [37.572211, 55.835912], [37.569152, 55.83433], [37.571446, 55.833187], [37.571219, 55.827914], [37.561879, 55.825173], [37.557909, 55.826119], [37.554526, 55.829949], [37.565016, 55.833442], [37.562003, 55.834117], [37.553382, 55.831976], [37.551919, 55.835141], [37.557907, 55.837297], [37.554707, 55.837601], [37.552327, 55.840732], [37.557691, 55.842918], [37.555041, 55.843757], [37.550441, 55.842056], [37.54861, 55.843108], [37.553943, 55.846623], [37.543902, 55.845819], [37.536729, 55.848682], [37.538135, 55.846768], [37.535191, 55.846268], [37.534568, 55.844038], [37.525053, 55.842023], [37.522296, 55.84375], [37.518427, 55.838915], [37.50671, 55.83825], [37.505045, 55.842672], [37.508205, 55.8452], [37.50792, 55.850864], [37.502421, 55.850018], [37.504174, 55.846917], [37.502378, 55.845319], [37.499509, 55.847559], [37.496637, 55.844028], [37.48952, 55.844441], [37.48659, 55.840955], [37.481431, 55.840112], [37.482822, 55.841765], [37.480016, 55.842078], [37.474983, 55.851225], [37.47245, 55.851422], [37.473813, 55.853133], [37.470326, 55.854385], [37.477015, 55.843553], [37.47634, 55.841013], [37.486105, 55.830627], [37.481321, 55.82795], [37.475661, 55.829613], [37.47283, 55.82763], [37.477567, 55.825059], [37.486016, 55.826161], [37.491837, 55.822847], [37.487533, 55.821371], [37.484929, 55.815735], [37.478697, 55.815635], [37.479151, 55.81381], [37.476765, 55.813816], [37.464864, 55.825483], [37.472611, 55.830646], [37.470194, 55.8327], [37.461811, 55.826962], [37.46021, 55.829109], [37.464542, 55.834498], [37.455864, 55.837572], [37.456493, 55.840551], [37.45355, 55.840458], [37.451523, 55.837352], [37.442649, 55.838372], [37.444383, 55.842401], [37.452224, 55.843989], [37.447493, 55.84579], [37.441844, 55.844838], [37.441795, 55.84976], [37.447085, 55.850583], [37.447694, 55.851935], [37.442037, 55.852416], [37.43895, 55.85463], [37.436089, 55.857792], [37.437268, 55.859225], [37.434672, 55.860325], [37.435698, 55.861761], [37.432853, 55.861755], [37.430015, 55.859209], [37.421469, 55.859538], [37.424493, 55.862903], [37.429929, 55.864045], [37.430093, 55.865639], [37.420359, 55.863284], [37.409545, 55.8629], [37.40275, 55.858325], [37.406901, 55.855756], [37.40448, 55.8519], [37.401945, 55.851964], [37.402732, 55.854882], [37.398581, 55.854427], [37.404233, 55.863058], [37.408292, 55.865539], [37.406432, 55.867575], [37.412135, 55.870797], [37.413871, 55.869852], [37.415544, 55.872039], [37.423041, 55.873716], [37.424804, 55.875806], [37.410172, 55.872991], [37.407521, 55.874349], [37.404486, 55.891397], [37.401537, 55.889021], [37.403589, 55.886561], [37.396888, 55.885065], [37.403692, 55.883488], [37.4016, 55.877151], [37.408369, 55.870981], [37.401991, 55.865352], [37.393157, 55.870139], [37.391447, 55.86951], [37.397785, 55.864623], [37.395233, 55.857709], [37.390941, 55.856647], [37.392898, 55.854453], [37.380759, 55.85292], [37.37954, 55.850903], [37.384895, 55.849996], [37.377904, 55.846697], [37.371299, 55.85079], [37.36496, 55.851764], [37.356092, 55.856227], [37.35581, 55.854365], [37.363261, 55.849812], [37.35997, 55.848295], [37.353781, 55.852997], [37.351024, 55.851861], [37.350374, 55.84744], [37.35408, 55.848218], [37.357624, 55.846123], [37.356115, 55.844464], [37.361735, 55.844389], [37.367766, 55.841594], [37.360694, 55.840703], [37.353775, 55.84377], [37.351087, 55.842921], [37.353286, 55.842663], [37.353108, 55.840948], [37.357627, 55.838802], [37.374544, 55.83907], [37.377482, 55.836187], [37.382584, 55.835183], [37.381429, 55.833155], [37.363865, 55.828205], [37.364204, 55.826012], [37.359056, 55.823461], [37.36089, 55.821342], [37.358406, 55.818991], [37.350337, 55.817957], [37.348583, 55.819311], [37.342271, 55.81869], [37.341086, 55.820509], [37.332621, 55.819611], [37.332819, 55.818206], [37.337171, 55.817699], [37.33653, 55.815554], [37.338767, 55.816665], [37.341512, 55.814944], [37.343429, 55.817272], [37.345706, 55.81557], [37.348008, 55.816698], [37.350797, 55.815754], [37.345723, 55.813574], [37.343357, 55.81474], [37.340882, 55.813987], [37.338844, 55.810095], [37.341129, 55.810957], [37.34282, 55.809765], [37.346468, 55.812072], [37.358348, 55.810382], [37.361548, 55.811461], [37.356741, 55.813225], [37.358469, 55.817218], [37.36538, 55.81421], [37.373598, 55.815615], [37.379546, 55.821639], [37.376375, 55.82524], [37.37912, 55.829377], [37.3781, 55.825231], [37.382555, 55.822896], [37.381492, 55.819617], [37.383728, 55.816436], [37.380256, 55.811878], [37.376404, 55.812466], [37.372422, 55.811106], [37.372227, 55.804809], [37.368746, 55.79895], [37.358377, 55.795066], [37.354876, 55.798297], [37.359257, 55.800414], [37.359251, 55.804631], [37.354059, 55.804628], [37.351478, 55.800879], [37.346847, 55.802178], [37.344956, 55.805352], [37.342512, 55.804657], [37.343484, 55.800928], [37.341138, 55.799535], [37.340394, 55.800792], [37.335449, 55.800165], [37.330844, 55.801998], [37.325118, 55.801442], [37.300885, 55.805642], [37.298511, 55.803898], [37.285491, 55.801526], [37.28565, 55.800107], [37.289283, 55.800524], [37.292836, 55.797987], [37.294457, 55.798908], [37.291634, 55.800243], [37.295136, 55.801765], [37.296012, 55.798815], [37.299718, 55.79799], [37.300419, 55.803103], [37.307407, 55.803681], [37.330433, 55.798533], [37.333081, 55.799655], [37.346919, 55.795751], [37.349503, 55.793333], [37.354953, 55.793165], [37.351717, 55.791074], [37.352662, 55.786688], [37.344705, 55.782362], [37.348282, 55.780897], [37.352657, 55.782171], [37.353804, 55.779559], [37.348213, 55.778178], [37.349199, 55.776975], [37.343605, 55.774945], [37.342452, 55.771908], [37.347238, 55.768002], [37.354698, 55.77], [37.353542, 55.772325], [37.346859, 55.771798], [37.350299, 55.775055], [37.359553, 55.773118], [37.364155, 55.771168], [37.358535, 55.76978], [37.359688, 55.768024], [37.364146, 55.76859], [37.362997, 55.76598], [37.34246, 55.761361], [37.335403, 55.754979], [37.33081, 55.75239], [37.328682, 55.752937], [37.328481, 55.75109], [37.328268, 55.752287], [37.320375, 55.752429], [37.321551, 55.756305], [37.324776, 55.757078], [37.323629, 55.758731], [37.316143, 55.758702], [37.317009, 55.754328], [37.313142, 55.754911], [37.310052, 55.753678], [37.309831, 55.756143], [37.305433, 55.757583], [37.306597, 55.759543], [37.310932, 55.760336], [37.311064, 55.762985], [37.30578, 55.763884], [37.301167, 55.7626], [37.298666, 55.758877], [37.300002, 55.754496], [37.305522, 55.753701], [37.303262, 55.752895], [37.305536, 55.751733], [37.30551, 55.74786], [37.2949, 55.752918], [37.284388, 55.752947], [37.281507, 55.750882], [37.289407, 55.747899], [37.290579, 55.746582], [37.288283, 55.745272], [37.284733, 55.745259], [37.285698, 55.747459], [37.282134, 55.748964], [37.27679, 55.742673], [37.272593, 55.74309], [37.272191, 55.740731], [37.268287, 55.741275], [37.262888, 55.739417], [37.256809, 55.739945], [37.247656, 55.738278], [37.240518, 55.73976], [37.237649, 55.738054], [37.234082, 55.738705], [37.238023, 55.74399], [37.238218, 55.749168], [37.238046, 55.75558], [37.234203, 55.756693], [37.23612, 55.753904], [37.233843, 55.74687], [37.224616, 55.744637], [37.233375, 55.744168], [37.230917, 55.739977], [37.228134, 55.740258], [37.221149, 55.737349], [37.210102, 55.738653], [37.213212, 55.740776], [37.20853, 55.742896], [37.198123, 55.736844], [37.199265, 55.7353], [37.205402, 55.737197], [37.206675, 55.729713], [37.199592, 55.729072], [37.194869, 55.732387], [37.195378, 55.735086], [37.190888, 55.73595], [37.188689, 55.733853], [37.192708, 55.729661], [37.187835, 55.731571], [37.184751, 55.72967], [37.180721, 55.732662], [37.177208, 55.733008], [37.176184, 55.730399], [37.181471, 55.726517], [37.180085, 55.725779], [37.170895, 55.729052], [37.170887, 55.730434], [37.17408, 55.731014], [37.172749, 55.733348], [37.167101, 55.732141], [37.161691, 55.73295], [37.16324, 55.73707], [37.152662, 55.738611], [37.153969, 55.739631], [37.150255, 55.741615], [37.148099, 55.739401], [37.141764, 55.739058], [37.13951, 55.734283], [37.157229, 55.729677], [37.143333, 55.72889], [37.138458, 55.731192], [37.137136, 55.729159], [37.140304, 55.726941], [37.135917, 55.723924], [37.137716, 55.721903], [37.114584, 55.717253], [37.100798, 55.716259], [37.077899, 55.717868], [37.068959, 55.723895], [37.066317, 55.731904], [37.061286, 55.730826], [37.064572, 55.728767], [37.065512, 55.725219], [37.063152, 55.723788], [37.054913, 55.724947], [37.049015, 55.727637], [37.051751, 55.723924], [37.048808, 55.721809], [37.052798, 55.721473], [37.054836, 55.719177], [37.056834, 55.722765], [37.065449, 55.722153], [37.063764, 55.719229], [37.076864, 55.71564], [37.07639, 55.713399], [37.084821, 55.710361], [37.090073, 55.706212], [37.114674, 55.69936], [37.114162, 55.694516], [37.118422, 55.693275], [37.120253, 55.696768], [37.123887, 55.696739], [37.130751, 55.691571], [37.132373, 55.687283], [37.135385, 55.686988], [37.108114, 55.6861], [37.104546, 55.689085], [37.100542, 55.68843], [37.102235, 55.685527], [37.097463, 55.68329], [37.092763, 55.683964], [37.091225, 55.682713], [37.093105, 55.678561], [37.091395, 55.673964], [37.088842, 55.673319], [37.089331, 55.669266], [37.08518, 55.672084], [37.07482, 55.687617], [37.070882, 55.688755], [37.070462, 55.685083], [37.073696, 55.683702], [37.083835, 55.668679], [37.081259, 55.667927], [37.055865, 55.675588], [37.054154, 55.674272], [37.074469, 55.666627], [37.083565, 55.664788], [37.086088, 55.665716], [37.090719, 55.662314], [37.089058, 55.661549], [37.091895, 55.661013], [37.092942, 55.655922], [37.088178, 55.655523], [37.077807, 55.650388], [37.07066, 55.654073], [37.06845, 55.651974], [37.070031, 55.648561], [37.062014, 55.644094], [37.046663, 55.639383], [37.041081, 55.640561], [37.042242, 55.63705], [37.039595, 55.637858], [37.037712, 55.635696], [37.036481, 55.636625], [37.032693, 55.635262], [37.028769, 55.63163], [37.020763, 55.629903], [37.030591, 55.629027], [37.032672, 55.630643], [37.035271, 55.629696], [37.037579, 55.63078], [37.04098, 55.629689], [37.042162, 55.63189], [37.045516, 55.630293], [37.048454, 55.632185], [37.046494, 55.635907], [37.056259, 55.636248], [37.060369, 55.641015], [37.077833, 55.645736], [37.079278, 55.64095], [37.077344, 55.639704], [37.082734, 55.639856], [37.082507, 55.638925], [37.069712, 55.633496], [37.061821, 55.633421], [37.061122, 55.632097], [37.068042, 55.63091], [37.075599, 55.63335], [37.082331, 55.633275], [37.085019, 55.630335], [37.084335, 55.627313], [37.086951, 55.626369], [37.090722, 55.6278], [37.088963, 55.62991], [37.090843, 55.631208], [37.086859, 55.633801], [37.095152, 55.637128], [37.096325, 55.633194], [37.094451, 55.633503], [37.092976, 55.631413], [37.096336, 55.628813], [37.092996, 55.627547], [37.095198, 55.62038], [37.092855, 55.618133], [37.08706, 55.6156], [37.076654, 55.614279], [37.068269, 55.617305], [37.06655, 55.61476], [37.06876, 55.613042], [37.066254, 55.612308], [37.05477, 55.61225], [37.051311, 55.610373], [37.026176, 55.608749], [37.024865, 55.607103], [37.016977, 55.60745], [37.007658, 55.605651], [37.012746, 55.60984], [37.014108, 55.616214], [37.021214, 55.622915], [37.02993, 55.625401], [37.01928, 55.62694], [37.016023, 55.6226], [37.013487, 55.622512], [37.010667, 55.624074], [37.013004, 55.628394], [37.011446, 55.6314], [36.999652, 55.632068], [36.999264, 55.630303], [37.003179, 55.628995], [37.010328, 55.630523], [37.007218, 55.62385], [37.01046, 55.618922], [37.003188, 55.611642], [37.000764, 55.610331], [36.999873, 55.612519], [36.996027, 55.612941], [36.997806, 55.614948], [36.993463, 55.617188], [36.980941, 55.61448], [36.977744, 55.612194], [36.974373, 55.613886], [36.969141, 55.612383], [36.970477, 55.610896], [36.977083, 55.610181], [36.968319, 55.604738], [36.969448, 55.603147], [36.986383, 55.603602], [36.989358, 55.602595], [36.977782, 55.59998], [36.965726, 55.601003], [36.959307, 55.598626], [36.949136, 55.599006], [36.946374, 55.597479], [36.94813, 55.59666], [36.942217, 55.597554], [36.940584, 55.595858], [36.937534, 55.597654], [36.931731, 55.59462], [36.928042, 55.596287], [36.925634, 55.593912], [36.921991, 55.595156], [36.918737, 55.593311], [36.913983, 55.594507], [36.912189, 55.592658], [36.908213, 55.593844], [36.906704, 55.592135], [36.903433, 55.591995], [36.900843, 55.593158], [36.899526, 55.591427], [36.89499, 55.592457], [36.886867, 55.590163], [36.880146, 55.591859], [36.878861, 55.589435], [36.874396, 55.58991], [36.867037, 55.587899], [36.861748, 55.58861], [36.861441, 55.587167], [36.856999, 55.587899], [36.854964, 55.586397], [36.877743, 55.587908], [36.884047, 55.586079], [36.889241, 55.587258], [36.890391, 55.5832], [36.893944, 55.585361], [36.898894, 55.58513], [36.898701, 55.586547], [36.893579, 55.587548], [36.89382, 55.58937], [36.923716, 55.591813], [36.926921, 55.587528], [36.931104, 55.586358], [36.928951, 55.583473], [36.930635, 55.58228], [36.940306, 55.590352], [36.939756, 55.592999], [36.943016, 55.594273], [36.950079, 55.593925], [36.958226, 55.596235], [36.978843, 55.59758], [36.978457, 55.5936], [36.982378, 55.589429], [36.986138, 55.592246], [36.985716, 55.599418], [36.99494, 55.600149], [36.999272, 55.598242], [37.000661, 55.600747], [37.004087, 55.600925], [37.005453, 55.596673], [36.992347, 55.592242], [36.998919, 55.588116], [36.995601, 55.578595], [36.998761, 55.576044], [36.993322, 55.57046], [36.996418, 55.567589], [36.992756, 55.561656], [36.990048, 55.561042], [36.9878, 55.55516], [36.980849, 55.552587], [36.984963, 55.551888], [36.983634, 55.549085], [36.987334, 55.550369], [36.986981, 55.552262], [36.991902, 55.550184], [36.985446, 55.544138], [36.989709, 55.541422]]]]}}, {"type": "Feature", "properties": {"school_id": "образовательный-центр-протон", "name": "Образовательный центр «Протон»", "min": 20, "mode": "driving", "method": "isochrone driving reverse:true", "status": "approx: гипотеза A (start_time = выезд), +8–14% (Гейт 2)", "start_time": "2026-10-14T05:10:00Z", "request_hash": "2670a579089e13cc3267ea8a2f9dbe6956b31c08", "was_invalid": false}, "geometry": {"type": "MultiPolygon", "coordinates": [[[[37.469271, 55.679728], [37.476061, 55.684058], [37.480907, 55.681825], [37.479996, 55.680363], [37.482621, 55.680678], [37.478849, 55.686525], [37.491466, 55.692329], [37.504344, 55.69066], [37.509254, 55.69137], [37.509584, 55.693123], [37.515969, 55.691033], [37.513034, 55.69519], [37.516156, 55.696554], [37.515581, 55.699289], [37.518168, 55.701336], [37.523653, 55.697212], [37.529879, 55.696149], [37.534361, 55.693447], [37.527108, 55.693039], [37.529322, 55.691075], [37.525774, 55.688907], [37.526251, 55.687199], [37.53687, 55.686787], [37.532096, 55.689587], [37.5366, 55.692203], [37.546195, 55.686836], [37.546072, 55.691088], [37.542266, 55.69101], [37.540837, 55.692779], [37.544689, 55.694425], [37.550657, 55.692676], [37.546756, 55.69543], [37.550683, 55.695822], [37.549728, 55.698009], [37.553244, 55.699312], [37.548972, 55.701068], [37.549659, 55.70258], [37.553828, 55.705784], [37.560387, 55.706617], [37.542229, 55.709577], [37.5385, 55.716806], [37.537644, 55.726572], [37.54698, 55.727181], [37.553606, 55.721822], [37.577098, 55.714167], [37.576876, 55.714883], [37.575841, 55.714925], [37.57585, 55.715563], [37.570055, 55.718801], [37.566381, 55.719329], [37.566436, 55.720666], [37.561511, 55.721774], [37.561911, 55.723739], [37.557544, 55.723904], [37.576577, 55.736375], [37.588337, 55.737116], [37.592649, 55.734782], [37.598735, 55.734228], [37.60589, 55.737999], [37.607908, 55.742469], [37.612878, 55.733885], [37.618161, 55.737323], [37.620835, 55.73608], [37.623333, 55.739061], [37.619087, 55.740559], [37.619093, 55.742929], [37.622801, 55.741155], [37.622502, 55.744187], [37.630479, 55.745754], [37.625768, 55.749122], [37.632434, 55.749562], [37.636674, 55.747686], [37.637073, 55.749122], [37.633768, 55.753361], [37.630792, 55.75084], [37.623974, 55.752271], [37.613499, 55.74907], [37.615876, 55.757554], [37.618713, 55.758815], [37.613208, 55.759918], [37.609069, 55.763066], [37.611941, 55.766407], [37.604263, 55.768432], [37.608339, 55.770563], [37.604245, 55.771598], [37.606749, 55.772477], [37.611383, 55.770088], [37.613211, 55.771986], [37.615974, 55.771232], [37.621691, 55.773163], [37.628289, 55.77357], [37.629637, 55.772193], [37.630174, 55.773926], [37.622332, 55.774185], [37.619363, 55.777884], [37.616669, 55.776303], [37.61742, 55.774253], [37.612346, 55.774382], [37.612786, 55.77584], [37.609831, 55.77489], [37.608158, 55.778427], [37.605576, 55.778767], [37.605953, 55.774887], [37.604438, 55.775973], [37.596389, 55.774182], [37.584586, 55.774508], [37.583726, 55.770343], [37.574585, 55.770155], [37.570802, 55.768781], [37.57021, 55.766491], [37.566249, 55.766481], [37.566755, 55.768729], [37.563751, 55.769185], [37.565622, 55.77067], [37.558384, 55.771355], [37.554397, 55.774385], [37.55912, 55.778253], [37.558355, 55.779666], [37.566542, 55.784919], [37.573136, 55.78136], [37.578322, 55.780584], [37.570848, 55.784589], [37.572662, 55.786073], [37.569695, 55.787331], [37.575456, 55.791294], [37.58057, 55.791058], [37.58195, 55.79311], [37.574542, 55.792474], [37.569578, 55.794164], [37.565349, 55.79237], [37.562339, 55.793159], [37.566944, 55.788604], [37.565274, 55.786468], [37.554124, 55.791998], [37.550093, 55.79196], [37.549513, 55.790518], [37.557559, 55.788129], [37.558918, 55.786099], [37.543548, 55.781276], [37.539949, 55.78307], [37.536318, 55.782666], [37.535056, 55.784425], [37.529721, 55.781243], [37.51784, 55.781363], [37.512928, 55.789859], [37.50911, 55.790835], [37.507474, 55.787337], [37.509886, 55.785866], [37.508452, 55.783784], [37.510591, 55.779355], [37.504218, 55.778175], [37.501423, 55.787906], [37.497546, 55.788275], [37.493679, 55.785391], [37.498917, 55.784244], [37.499224, 55.780231], [37.49138, 55.778278], [37.49478, 55.776759], [37.497816, 55.777732], [37.498848, 55.776199], [37.490713, 55.77672], [37.488309, 55.7794], [37.483696, 55.775989], [37.480939, 55.777043], [37.482141, 55.780842], [37.488844, 55.781838], [37.483443, 55.78329], [37.484411, 55.785382], [37.4942, 55.787993], [37.490095, 55.791194], [37.501228, 55.796846], [37.502165, 55.799836], [37.498882, 55.797606], [37.49326, 55.79704], [37.492946, 55.795075], [37.487988, 55.795289], [37.490733, 55.793084], [37.481152, 55.792018], [37.486309, 55.790308], [37.479513, 55.788627], [37.481925, 55.787337], [37.478829, 55.787492], [37.475989, 55.784583], [37.463904, 55.785533], [37.458399, 55.779439], [37.456565, 55.780422], [37.458422, 55.783872], [37.4547, 55.783597], [37.452946, 55.780716], [37.449862, 55.780904], [37.448065, 55.787861], [37.446429, 55.781512], [37.442281, 55.781072], [37.440786, 55.782158], [37.445055, 55.784124], [37.444707, 55.786859], [37.443405, 55.7882], [37.442388, 55.786901], [37.437757, 55.787551], [37.436006, 55.781095], [37.439154, 55.779388], [37.430346, 55.775103], [37.435313, 55.77478], [37.445668, 55.778557], [37.442468, 55.77628], [37.433036, 55.772946], [37.415294, 55.773406], [37.408766, 55.771711], [37.423812, 55.770783], [37.428472, 55.766996], [37.432361, 55.771194], [37.430694, 55.77184], [37.439165, 55.772313], [37.449215, 55.777771], [37.455139, 55.776439], [37.458161, 55.772953], [37.462001, 55.771928], [37.462748, 55.769056], [37.47011, 55.766682], [37.453216, 55.752432], [37.441172, 55.75019], [37.429368, 55.750611], [37.420213, 55.744793], [37.420492, 55.743569], [37.427727, 55.742255], [37.438599, 55.735426], [37.441091, 55.735533], [37.445785, 55.732341], [37.438904, 55.7315], [37.442523, 55.733649], [37.441272, 55.734326], [37.433767, 55.734151], [37.431964, 55.735993], [37.427405, 55.736349], [37.42019, 55.734419], [37.420207, 55.73284], [37.433468, 55.732516], [37.440453, 55.727906], [37.436567, 55.728777], [37.421619, 55.727686], [37.409005, 55.72779], [37.409232, 55.72925], [37.406558, 55.729625], [37.407516, 55.732497], [37.412765, 55.733636], [37.407976, 55.73428], [37.413831, 55.738006], [37.411664, 55.739165], [37.408243, 55.738812], [37.405521, 55.735099], [37.401209, 55.737666], [37.398331, 55.737129], [37.40139, 55.734873], [37.40066, 55.73284], [37.403747, 55.732322], [37.403419, 55.729104], [37.39251, 55.730299], [37.380141, 55.729677], [37.384125, 55.733594], [37.379963, 55.733487], [37.375214, 55.73686], [37.377246, 55.738753], [37.372928, 55.74464], [37.372555, 55.749815], [37.369582, 55.750685], [37.371405, 55.754344], [37.369554, 55.755211], [37.370051, 55.77466], [37.368729, 55.77218], [37.361804, 55.774615], [37.359263, 55.773952], [37.364514, 55.771171], [37.360384, 55.769622], [37.361827, 55.768364], [37.366578, 55.7687], [37.364742, 55.766963], [37.366768, 55.766051], [37.350058, 55.761607], [37.349618, 55.760384], [37.365748, 55.762697], [37.365871, 55.743676], [37.369404, 55.736281], [37.373495, 55.734882], [37.372259, 55.731001], [37.352266, 55.730826], [37.344476, 55.727035], [37.329683, 55.724837], [37.324753, 55.722784], [37.316126, 55.715333], [37.310929, 55.714449], [37.313206, 55.711611], [37.309828, 55.710484], [37.303432, 55.703053], [37.290953, 55.696065], [37.296567, 55.697209], [37.305783, 55.702373], [37.312326, 55.708159], [37.314973, 55.708528], [37.31671, 55.704984], [37.319535, 55.70501], [37.318797, 55.712214], [37.330568, 55.7227], [37.34683, 55.72496], [37.353858, 55.729849], [37.372098, 55.729836], [37.378008, 55.726624], [37.377416, 55.725216], [37.367636, 55.726122], [37.367326, 55.723101], [37.378238, 55.722153], [37.384884, 55.714063], [37.381124, 55.713713], [37.37973, 55.71167], [37.383774, 55.712282], [37.398639, 55.702276], [37.399222, 55.703815], [37.396032, 55.704949], [37.389236, 55.713642], [37.4035, 55.714364], [37.407795, 55.707517], [37.411649, 55.709024], [37.409404, 55.709471], [37.408703, 55.712266], [37.411264, 55.717447], [37.41242, 55.716583], [37.426114, 55.719005], [37.428566, 55.717208], [37.432686, 55.717444], [37.432838, 55.714695], [37.438033, 55.711767], [37.440884, 55.714364], [37.446058, 55.714711], [37.44803, 55.716327], [37.449514, 55.715352], [37.451759, 55.716916], [37.454493, 55.704547], [37.45766, 55.701933], [37.453389, 55.700844], [37.444702, 55.692125], [37.437627, 55.689435], [37.430412, 55.688725], [37.42439, 55.697951], [37.421624, 55.698404], [37.42439, 55.691587], [37.418939, 55.689584], [37.426448, 55.688511], [37.42226, 55.68422], [37.427382, 55.685903], [37.431151, 55.68459], [37.431717, 55.686467], [37.435365, 55.687131], [37.442727, 55.682827], [37.445777, 55.683067], [37.449218, 55.687776], [37.450764, 55.686353], [37.44749, 55.68375], [37.449215, 55.68224], [37.457643, 55.686992], [37.45236, 55.690838], [37.460719, 55.694983], [37.466845, 55.691947], [37.462757, 55.688119], [37.476012, 55.685705], [37.466069, 55.679832], [37.469271, 55.679728]]]]}}, {"type": "Feature", "properties": {"school_id": "образовательный-центр-протон", "name": "Образовательный центр «Протон»", "min": 40, "mode": "driving", "method": "isochrone driving reverse:true", "status": "approx: гипотеза A (start_time = выезд), +8–14% (Гейт 2)", "start_time": "2026-10-14T04:50:00Z", "request_hash": "c6dfa759d5ba5f746bdf15e644d7bda730a085f1", "was_invalid": false}, "geometry": {"type": "MultiPolygon", "coordinates": [[[[37.164502, 55.572641], [37.166089, 55.578761], [37.171048, 55.580688], [37.1735, 55.579736], [37.175239, 55.58293], [37.166437, 55.581565], [37.164634, 55.585107], [37.174782, 55.588344], [37.169426, 55.589646], [37.17316, 55.591583], [37.173508, 55.595637], [37.172128, 55.594682], [37.171315, 55.595842], [37.165865, 55.595683], [37.165209, 55.593977], [37.16209, 55.595264], [37.169357, 55.598369], [37.168552, 55.600756], [37.178214, 55.603965], [37.172657, 55.606849], [37.166264, 55.604527], [37.167265, 55.608431], [37.179122, 55.608528], [37.180896, 55.604917], [37.192184, 55.61011], [37.185306, 55.614643], [37.178119, 55.611655], [37.16744, 55.611685], [37.171786, 55.615425], [37.166267, 55.615591], [37.169464, 55.618672], [37.16276, 55.621512], [37.175949, 55.622285], [37.17901, 55.625048], [37.181896, 55.623752], [37.186174, 55.623915], [37.187424, 55.625771], [37.193846, 55.62445], [37.195076, 55.626365], [37.201125, 55.626518], [37.219605, 55.635534], [37.224032, 55.636268], [37.214537, 55.646144], [37.216952, 55.652662], [37.221681, 55.650021], [37.219479, 55.648302], [37.220979, 55.645817], [37.226246, 55.645528], [37.231854, 55.641813], [37.247242, 55.647445], [37.23522, 55.65127], [37.236479, 55.656564], [37.241429, 55.655474], [37.246857, 55.657238], [37.253914, 55.655279], [37.259821, 55.651267], [37.259203, 55.648574], [37.266344, 55.648701], [37.266398, 55.647283], [37.267304, 55.649531], [37.273562, 55.649875], [37.277716, 55.652691], [37.279038, 55.65176], [37.290496, 55.655224], [37.295409, 55.655065], [37.303188, 55.659969], [37.305588, 55.658195], [37.310345, 55.658964], [37.310851, 55.660414], [37.307405, 55.661056], [37.310555, 55.662411], [37.309592, 55.66555], [37.313789, 55.668034], [37.314433, 55.670926], [37.317262, 55.670942], [37.321637, 55.667908], [37.324353, 55.668248], [37.321243, 55.672483], [37.322758, 55.671124], [37.325609, 55.672084], [37.327797, 55.666831], [37.324428, 55.66042], [37.327274, 55.658886], [37.332192, 55.659859], [37.33346, 55.662353], [37.330401, 55.66365], [37.33565, 55.664146], [37.337453, 55.666452], [37.33033, 55.669886], [37.330284, 55.672074], [37.335386, 55.673815], [37.338933, 55.671815], [37.344958, 55.672729], [37.329927, 55.67871], [37.324692, 55.678597], [37.326107, 55.681874], [37.329896, 55.682308], [37.333037, 55.685757], [37.33432, 55.684402], [37.331192, 55.680318], [37.338459, 55.677472], [37.345729, 55.674989], [37.354508, 55.678804], [37.354939, 55.680561], [37.358748, 55.674885], [37.362646, 55.674862], [37.365276, 55.677948], [37.372115, 55.671533], [37.377686, 55.672499], [37.377516, 55.674447], [37.373273, 55.675326], [37.375421, 55.679446], [37.372578, 55.681038], [37.370192, 55.679809], [37.366374, 55.681161], [37.368726, 55.683131], [37.374185, 55.681971], [37.372144, 55.68507], [37.380224, 55.690258], [37.380285, 55.688959], [37.379253, 55.688064], [37.38142, 55.68764], [37.382734, 55.680924], [37.386057, 55.678532], [37.384864, 55.676593], [37.381644, 55.676198], [37.384076, 55.673604], [37.38794, 55.674736], [37.389811, 55.673533], [37.39287, 55.675361], [37.397854, 55.670952], [37.400737, 55.672285], [37.398593, 55.681187], [37.400918, 55.682483], [37.404785, 55.681277], [37.406665, 55.683135], [37.412466, 55.680512], [37.409275, 55.679692], [37.406964, 55.67575], [37.418203, 55.666867], [37.398556, 55.662937], [37.392772, 55.662979], [37.387917, 55.666105], [37.377364, 55.664616], [37.375708, 55.660991], [37.369827, 55.660786], [37.365854, 55.658785], [37.367283, 55.655701], [37.370301, 55.655626], [37.372247, 55.657907], [37.378583, 55.658088], [37.38253, 55.663057], [37.389374, 55.659249], [37.40561, 55.660414], [37.395917, 55.657621], [37.387977, 55.658617], [37.382262, 55.656035], [37.380503, 55.653116], [37.371905, 55.651481], [37.36527, 55.646297], [37.371031, 55.648101], [37.372149, 55.646978], [37.3762, 55.650676], [37.379632, 55.650994], [37.383987, 55.650277], [37.380779, 55.648321], [37.383665, 55.645058], [37.38587, 55.645223], [37.391996, 55.647244], [37.390144, 55.648059], [37.39548, 55.65212], [37.405874, 55.648088], [37.401735, 55.647689], [37.400047, 55.649538], [37.396664, 55.649392], [37.403618, 55.645499], [37.399507, 55.64338], [37.408743, 55.640337], [37.414461, 55.634937], [37.419333, 55.633308], [37.416709, 55.635774], [37.41864, 55.638938], [37.413219, 55.641586], [37.417778, 55.645693], [37.415616, 55.6509], [37.41574, 55.657125], [37.417787, 55.657258], [37.421736, 55.653917], [37.422507, 55.649213], [37.427089, 55.646625], [37.436822, 55.649865], [37.438096, 55.651974], [37.43617, 55.653262], [37.43828, 55.654219], [37.450301, 55.644513], [37.454024, 55.640317], [37.454176, 55.637105], [37.451526, 55.635745], [37.448922, 55.636547], [37.448111, 55.634428], [37.436618, 55.632772], [37.435612, 55.631124], [37.424818, 55.628005], [37.419276, 55.63288], [37.42113, 55.629475], [37.419557, 55.627161], [37.400648, 55.622272], [37.400637, 55.620032], [37.418181, 55.624947], [37.417698, 55.621529], [37.420492, 55.621016], [37.422346, 55.626242], [37.425718, 55.625372], [37.426031, 55.622548], [37.433094, 55.62829], [37.438426, 55.625158], [37.435046, 55.621896], [37.439915, 55.623038], [37.446918, 55.621064], [37.441991, 55.627524], [37.44634, 55.626365], [37.458692, 55.627154], [37.459943, 55.627962], [37.454484, 55.634226], [37.4618, 55.635842], [37.473097, 55.624551], [37.489879, 55.612087], [37.491023, 55.614289], [37.475302, 55.628005], [37.479142, 55.630118], [37.485139, 55.629683], [37.485147, 55.632107], [37.482158, 55.633139], [37.484179, 55.635693], [37.480284, 55.634781], [37.475374, 55.636242], [37.474233, 55.63849], [37.480261, 55.640505], [37.486303, 55.6395], [37.492843, 55.643059], [37.509024, 55.636832], [37.515023, 55.639474], [37.513382, 55.642222], [37.517056, 55.644954], [37.523656, 55.642043], [37.522049, 55.636826], [37.518142, 55.635008], [37.516676, 55.635719], [37.519347, 55.632091], [37.523423, 55.633172], [37.527076, 55.641128], [37.534571, 55.639146], [37.535465, 55.637306], [37.541202, 55.637484], [37.541731, 55.642897], [37.54437, 55.644328], [37.552597, 55.640677], [37.55874, 55.642728], [37.56507, 55.647591], [37.570201, 55.647283], [37.571584, 55.648694], [37.567117, 55.650355], [37.570489, 55.650702], [37.571092, 55.654929], [37.579127, 55.651526], [37.582565, 55.651698], [37.585236, 55.652318], [37.58437, 55.655198], [37.588346, 55.658805], [37.590916, 55.658669], [37.591747, 55.656479], [37.594135, 55.658065], [37.598697, 55.656479], [37.603869, 55.658763], [37.606079, 55.657174], [37.614338, 55.663232], [37.616514, 55.662054], [37.627688, 55.662982], [37.623419, 55.663264], [37.622807, 55.666711], [37.617966, 55.664804], [37.617092, 55.667755], [37.606752, 55.665404], [37.593902, 55.668884], [37.595653, 55.670994], [37.599844, 55.669273], [37.60148, 55.670164], [37.602472, 55.67163], [37.598418, 55.673423], [37.599931, 55.674817], [37.61138, 55.667966], [37.612162, 55.672314], [37.615591, 55.67318], [37.617092, 55.671867], [37.62195, 55.673403], [37.615471, 55.674732], [37.618667, 55.67859], [37.617489, 55.680023], [37.609382, 55.673257], [37.602975, 55.677047], [37.610753, 55.680195], [37.615528, 55.68355], [37.614703, 55.686415], [37.620662, 55.688492], [37.624572, 55.677595], [37.627165, 55.68002], [37.632373, 55.679709], [37.63559, 55.682072], [37.653864, 55.684269], [37.662197, 55.6839], [37.662169, 55.682311], [37.658035, 55.681099], [37.659156, 55.679683], [37.662203, 55.68], [37.661671, 55.678486], [37.651219, 55.678512], [37.652777, 55.676992], [37.663192, 55.676674], [37.659237, 55.668164], [37.662215, 55.667389], [37.665937, 55.675335], [37.673819, 55.676409], [37.676168, 55.675368], [37.674849, 55.677417], [37.668441, 55.677926], [37.675561, 55.681157], [37.667685, 55.679919], [37.667245, 55.684175], [37.674219, 55.683864], [37.677214, 55.687286], [37.669648, 55.686927], [37.682903, 55.692024], [37.685899, 55.698767], [37.691553, 55.702704], [37.694206, 55.703462], [37.695313, 55.702328], [37.696767, 55.703559], [37.692694, 55.705318], [37.701482, 55.705813], [37.701036, 55.708408], [37.696032, 55.706785], [37.687293, 55.707427], [37.684786, 55.711058], [37.696397, 55.714572], [37.700867, 55.709402], [37.701453, 55.713545], [37.69792, 55.717907], [37.701407, 55.718931], [37.726318, 55.709166], [37.732933, 55.709684], [37.715671, 55.71533], [37.717114, 55.717218], [37.728765, 55.712684], [37.730225, 55.713953], [37.711968, 55.72133], [37.71969, 55.723772], [37.717925, 55.724539], [37.723108, 55.726346], [37.72445, 55.729104], [37.724128, 55.731127], [37.721279, 55.731865], [37.718359, 55.72666], [37.71484, 55.726006], [37.710896, 55.729152], [37.715176, 55.730302], [37.716381, 55.728942], [37.720957, 55.732985], [37.707794, 55.739323], [37.709189, 55.741663], [37.714487, 55.743547], [37.711319, 55.747304], [37.713751, 55.747925], [37.71672, 55.743757], [37.720724, 55.744136], [37.719494, 55.737265], [37.722653, 55.737744], [37.721133, 55.738809], [37.724815, 55.74798], [37.735026, 55.743789], [37.73479, 55.745051], [37.738628, 55.745071], [37.721486, 55.750488], [37.731332, 55.75372], [37.725177, 55.756554], [37.720227, 55.754396], [37.720104, 55.758841], [37.723349, 55.76205], [37.720086, 55.763448], [37.720719, 55.766786], [37.714696, 55.769877], [37.716266, 55.771808], [37.714426, 55.774828], [37.716369, 55.775721], [37.714607, 55.777593], [37.719365, 55.780218], [37.717867, 55.781757], [37.721912, 55.782158], [37.719325, 55.78437], [37.715849, 55.78338], [37.717203, 55.785349], [37.713207, 55.786742], [37.71409, 55.789842], [37.705894, 55.797173], [37.702149, 55.796998], [37.699757, 55.804402], [37.692568, 55.80087], [37.695756, 55.796972], [37.694131, 55.795234], [37.684568, 55.804489], [37.684927, 55.805581], [37.688782, 55.805413], [37.684481, 55.806476], [37.684355, 55.808343], [37.679917, 55.80676], [37.685157, 55.799635], [37.681207, 55.798478], [37.676062, 55.793055], [37.661783, 55.794355], [37.661671, 55.796329], [37.664615, 55.797027], [37.660835, 55.80234], [37.654781, 55.80098], [37.651153, 55.797913], [37.655175, 55.79503], [37.637735, 55.793763], [37.637893, 55.795832], [37.642388, 55.794665], [37.646295, 55.795479], [37.647684, 55.799542], [37.652159, 55.802841], [37.650722, 55.805571], [37.648129, 55.804663], [37.645729, 55.80594], [37.646899, 55.808741], [37.655008, 55.80929], [37.652358, 55.806075], [37.655135, 55.805368], [37.666915, 55.818997], [37.661878, 55.817663], [37.66049, 55.818493], [37.661257, 55.816446], [37.658021, 55.814918], [37.656986, 55.818374], [37.649779, 55.820522], [37.654149, 55.822379], [37.647589, 55.824181], [37.65821, 55.837123], [37.654764, 55.836603], [37.653433, 55.833426], [37.651317, 55.833914], [37.649549, 55.831124], [37.646439, 55.830598], [37.646019, 55.827446], [37.643242, 55.827572], [37.641506, 55.825234], [37.642518, 55.823445], [37.638999, 55.825034], [37.636542, 55.823897], [37.632129, 55.824439], [37.629668, 55.823597], [37.63095, 55.822169], [37.62429, 55.821581], [37.628895, 55.821158], [37.624756, 55.818332], [37.628872, 55.817864], [37.629668, 55.816129], [37.622094, 55.816093], [37.61934, 55.817363], [37.618121, 55.823106], [37.615563, 55.822873], [37.616207, 55.819498], [37.60647, 55.819149], [37.605706, 55.817731], [37.614798, 55.817912], [37.615669, 55.816578], [37.615163, 55.81066], [37.609092, 55.811132], [37.60424, 55.813687], [37.606496, 55.816232], [37.602521, 55.81851], [37.601037, 55.814895], [37.589539, 55.82193], [37.581786, 55.82089], [37.57909, 55.828831], [37.577463, 55.825137], [37.579429, 55.820948], [37.577172, 55.819181], [37.573076, 55.826971], [37.57226, 55.836329], [37.569146, 55.83433], [37.571443, 55.833187], [37.571219, 55.827917], [37.561911, 55.82514], [37.558289, 55.826041], [37.554897, 55.830113], [37.564682, 55.832809], [37.562486, 55.834159], [37.553756, 55.83186], [37.55258, 55.835141], [37.558249, 55.837084], [37.55488, 55.837688], [37.553704, 55.841697], [37.560701, 55.843037], [37.565064, 55.838869], [37.572231, 55.836742], [37.572262, 55.837094], [37.565921, 55.840961], [37.564806, 55.8461], [37.556981, 55.847898], [37.5484, 55.853368], [37.534116, 55.857654], [37.517334, 55.866284], [37.501852, 55.871962], [37.502987, 55.870491], [37.507336, 55.869046], [37.509849, 55.866626], [37.512128, 55.866988], [37.508705, 55.864978], [37.509429, 55.863552], [37.516231, 55.865007], [37.529103, 55.858354], [37.529508, 55.855137], [37.517915, 55.854391], [37.517731, 55.857683], [37.519404, 55.859102], [37.520945, 55.858425], [37.519809, 55.861771], [37.512186, 55.860474], [37.512473, 55.857431], [37.509294, 55.860464], [37.505307, 55.860477], [37.508394, 55.858063], [37.505589, 55.855272], [37.51122, 55.856063], [37.513914, 55.853633], [37.502835, 55.854117], [37.501846, 55.852429], [37.508231, 55.851287], [37.502171, 55.849873], [37.503924, 55.847407], [37.502366, 55.845387], [37.499863, 55.847533], [37.49407, 55.843008], [37.489416, 55.845497], [37.489816, 55.842582], [37.486001, 55.840774], [37.480054, 55.842101], [37.474983, 55.851225], [37.472594, 55.851735], [37.473816, 55.853136], [37.470119, 55.854924], [37.470383, 55.858325], [37.466212, 55.858541], [37.468699, 55.857512], [37.468291, 55.854569], [37.476932, 55.843692], [37.476492, 55.841], [37.486099, 55.830627], [37.483152, 55.830294], [37.481327, 55.827956], [37.475259, 55.829561], [37.472867, 55.827417], [37.47757, 55.825024], [37.486013, 55.826161], [37.491834, 55.822847], [37.487519, 55.821381], [37.484923, 55.815732], [37.478703, 55.815625], [37.479154, 55.81381], [37.476857, 55.813794], [37.475302, 55.815567], [37.47212, 55.815725], [37.467155, 55.824181], [37.468644, 55.828163], [37.474891, 55.830623], [37.472505, 55.833998], [37.463194, 55.827346], [37.459532, 55.828909], [37.457131, 55.826635], [37.45338, 55.828389], [37.4454, 55.828537], [37.44346, 55.826539], [37.429667, 55.830837], [37.426939, 55.829106], [37.427923, 55.83352], [37.424873, 55.837843], [37.433117, 55.836758], [37.437785, 55.837723], [37.429072, 55.839331], [37.421305, 55.838821], [37.424232, 55.842275], [37.429926, 55.843389], [37.430234, 55.844799], [37.425951, 55.845326], [37.42472, 55.849392], [37.409459, 55.852145], [37.411543, 55.855188], [37.418477, 55.857954], [37.409074, 55.857473], [37.406725, 55.859896], [37.404966, 55.857425], [37.407757, 55.855159], [37.405765, 55.852439], [37.402157, 55.851768], [37.403606, 55.854085], [37.39838, 55.854517], [37.408591, 55.868662], [37.414981, 55.871123], [37.414699, 55.8723], [37.419753, 55.873242], [37.418741, 55.87481], [37.410988, 55.873065], [37.405785, 55.877883], [37.403281, 55.877999], [37.408286, 55.870704], [37.402364, 55.86532], [37.397432, 55.866162], [37.395336, 55.857776], [37.390193, 55.856447], [37.392183, 55.853933], [37.38942, 55.85312], [37.38591, 55.854265], [37.38443, 55.852429], [37.381075, 55.853365], [37.379799, 55.851048], [37.384947, 55.850002], [37.377878, 55.846607], [37.369844, 55.848844], [37.366501, 55.84478], [37.363436, 55.846113], [37.362715, 55.844025], [37.367958, 55.841604], [37.363244, 55.83966], [37.367472, 55.838753], [37.372178, 55.840645], [37.38261, 55.834421], [37.371281, 55.829196], [37.365, 55.828192], [37.360205, 55.823461], [37.361246, 55.820935], [37.355388, 55.816807], [37.347281, 55.817683], [37.347689, 55.816339], [37.354913, 55.814785], [37.358098, 55.817201], [37.363733, 55.81652], [37.364098, 55.81838], [37.368004, 55.819223], [37.371319, 55.814333], [37.379546, 55.821639], [37.376401, 55.82524], [37.379146, 55.829403], [37.378114, 55.825424], [37.382607, 55.822841], [37.381546, 55.819611], [37.383746, 55.816439], [37.380267, 55.811871], [37.376369, 55.81244], [37.372514, 55.811057], [37.372241, 55.804809], [37.368752, 55.798944], [37.358328, 55.795079], [37.354841, 55.797674], [37.359311, 55.800673], [37.358438, 55.804696], [37.354177, 55.80456], [37.351478, 55.80087], [37.346833, 55.802172], [37.34656, 55.804605], [37.343748, 55.805251], [37.343495, 55.800931], [37.341144, 55.799522], [37.340359, 55.800721], [37.335449, 55.800149], [37.329631, 55.802411], [37.325118, 55.801435], [37.318176, 55.80436], [37.316589, 55.803306], [37.306591, 55.80499], [37.298189, 55.804111], [37.313539, 55.802847], [37.313847, 55.799577], [37.319188, 55.799887], [37.321631, 55.797454], [37.32362, 55.800311], [37.330781, 55.798734], [37.333075, 55.799677], [37.346939, 55.795757], [37.349929, 55.793307], [37.354962, 55.793172], [37.351662, 55.790796], [37.352674, 55.786688], [37.344743, 55.782381], [37.34831, 55.78091], [37.352665, 55.782171], [37.353838, 55.779598], [37.348264, 55.778146], [37.349201, 55.776972], [37.343648, 55.774922], [37.342495, 55.771937], [37.34727, 55.768024], [37.35345, 55.768762], [37.354747, 55.770295], [37.353456, 55.77228], [37.346853, 55.771795], [37.350291, 55.775058], [37.359559, 55.773118], [37.364161, 55.771168], [37.358495, 55.769421], [37.359722, 55.768044], [37.364152, 55.768593], [37.363002, 55.765977], [37.342509, 55.761335], [37.328478, 55.751086], [37.328202, 55.752248], [37.320389, 55.752377], [37.321539, 55.756311], [37.324816, 55.757353], [37.323146, 55.75876], [37.316276, 55.758625], [37.31702, 55.754325], [37.310043, 55.753671], [37.30973, 55.756088], [37.305412, 55.757586], [37.310805, 55.76041], [37.310981, 55.762988], [37.306226, 55.76391], [37.301285, 55.762532], [37.298703, 55.759071], [37.300106, 55.754555], [37.305533, 55.753701], [37.303294, 55.752872], [37.30555, 55.75173], [37.305516, 55.747854], [37.294811, 55.752869], [37.284402, 55.752888], [37.281593, 55.750882], [37.289415, 55.747909], [37.290594, 55.746579], [37.2883, 55.745268], [37.284692, 55.745242], [37.285517, 55.747427], [37.281723, 55.748258], [37.276827, 55.74266], [37.272858, 55.742941], [37.272081, 55.740682], [37.256429, 55.739835], [37.248768, 55.737122], [37.239518, 55.738786], [37.24312, 55.735423], [37.250346, 55.733335], [37.253825, 55.736423], [37.266459, 55.737546], [37.26996, 55.734733], [37.269917, 55.728456], [37.266697, 55.7263], [37.269442, 55.724711], [37.275669, 55.725837], [37.275629, 55.724549], [37.260824, 55.718973], [37.262121, 55.716337], [37.266424, 55.716172], [37.26875, 55.711589], [37.264205, 55.703222], [37.265274, 55.694101], [37.245635, 55.691512], [37.238322, 55.697095], [37.232969, 55.697986], [37.227252, 55.701868], [37.22816, 55.704712], [37.22336, 55.709399], [37.199535, 55.715547], [37.200768, 55.719462], [37.205422, 55.72076], [37.209196, 55.719242], [37.21243, 55.723474], [37.21494, 55.722483], [37.216987, 55.724678], [37.222402, 55.721832], [37.224116, 55.722467], [37.225234, 55.723924], [37.220675, 55.727964], [37.213092, 55.72564], [37.210964, 55.727427], [37.221261, 55.732497], [37.227545, 55.732183], [37.225921, 55.733076], [37.231817, 55.736281], [37.226999, 55.736375], [37.2116, 55.730648], [37.20957, 55.734873], [37.21381, 55.737125], [37.207851, 55.73843], [37.206063, 55.737197], [37.206813, 55.729677], [37.199423, 55.728958], [37.191753, 55.735193], [37.189945, 55.733319], [37.192354, 55.729373], [37.188143, 55.731296], [37.183707, 55.730133], [37.17759, 55.732484], [37.17738, 55.729806], [37.181689, 55.726517], [37.178447, 55.726197], [37.170605, 55.729146], [37.173824, 55.73127], [37.172436, 55.73317], [37.167101, 55.73137], [37.161613, 55.732904], [37.163283, 55.735575], [37.160897, 55.737663], [37.153415, 55.737368], [37.150255, 55.74032], [37.14308, 55.739614], [37.141945, 55.738647], [37.148841, 55.732192], [37.157439, 55.72992], [37.153441, 55.72925], [37.153441, 55.72766], [37.159834, 55.727158], [37.154861, 55.72563], [37.15196, 55.726825], [37.143931, 55.725565], [37.140761, 55.726656], [37.137895, 55.721819], [37.132706, 55.719811], [37.13648, 55.718934], [37.143615, 55.721165], [37.141945, 55.722787], [37.149106, 55.724128], [37.147421, 55.721657], [37.1491, 55.72021], [37.154076, 55.723797], [37.173252, 55.721764], [37.175926, 55.722855], [37.180387, 55.718312], [37.176414, 55.718244], [37.168696, 55.71474], [37.161501, 55.716304], [37.159305, 55.714209], [37.163254, 55.712875], [37.161938, 55.708249], [37.154608, 55.70983], [37.154001, 55.708227], [37.151109, 55.708521], [37.143098, 55.705302], [37.145561, 55.703002], [37.142207, 55.703407], [37.13759, 55.701566], [37.132545, 55.707077], [37.130432, 55.706588], [37.130429, 55.702386], [37.142445, 55.69544], [37.137604, 55.693372], [37.134344, 55.696133], [37.131737, 55.694707], [37.124628, 55.701414], [37.120765, 55.700342], [37.116807, 55.703458], [37.103954, 55.704385], [37.097656, 55.707874], [37.091346, 55.708875], [37.081268, 55.715249], [37.078373, 55.715187], [37.078692, 55.713406], [37.090179, 55.706921], [37.114846, 55.699431], [37.114343, 55.694626], [37.118014, 55.693871], [37.120098, 55.696214], [37.123967, 55.696775], [37.130918, 55.69148], [37.132758, 55.687478], [37.135451, 55.686979], [37.108105, 55.686006], [37.10281, 55.689085], [37.100433, 55.68764], [37.102985, 55.686995], [37.101074, 55.684253], [37.091335, 55.683057], [37.092459, 55.675086], [37.095534, 55.675381], [37.097104, 55.681303], [37.106458, 55.682188], [37.109453, 55.684065], [37.11346, 55.682888], [37.115016, 55.68399], [37.12376, 55.68389], [37.125338, 55.682454], [37.123706, 55.679595], [37.114056, 55.680175], [37.105138, 55.678717], [37.10626, 55.677118], [37.110411, 55.677251], [37.109261, 55.669668], [37.112782, 55.67149], [37.114714, 55.676885], [37.127259, 55.675757], [37.131775, 55.678694], [37.148315, 55.675572], [37.149773, 55.677482], [37.143308, 55.67976], [37.1445, 55.681219], [37.15447, 55.677446], [37.158365, 55.678629], [37.160552, 55.677388], [37.164045, 55.677958], [37.166626, 55.672502], [37.169886, 55.671406], [37.167742, 55.668193], [37.169892, 55.666893], [37.165385, 55.664506], [37.171016, 55.661098], [37.171027, 55.657754], [37.164082, 55.655795], [37.156108, 55.658727], [37.15386, 55.65454], [37.144411, 55.655166], [37.150635, 55.660407], [37.149022, 55.662434], [37.152935, 55.664299], [37.150255, 55.667181], [37.139435, 55.658403], [37.139915, 55.655127], [37.131763, 55.65838], [37.133379, 55.659113], [37.130113, 55.660722], [37.122659, 55.659084], [37.09974, 55.658182], [37.093203, 55.663631], [37.094163, 55.665103], [37.091248, 55.665346], [37.089992, 55.66306], [37.095316, 55.657002], [37.077709, 55.649116], [37.071988, 55.65053], [37.073495, 55.647909], [37.0659, 55.644798], [37.067467, 55.643325], [37.080115, 55.647647], [37.079856, 55.645969], [37.083973, 55.644834], [37.080998, 55.643396], [37.090553, 55.642329], [37.078706, 55.637212], [37.077427, 55.634463], [37.082694, 55.633314], [37.087014, 55.630059], [37.088699, 55.630887], [37.08689, 55.634256], [37.093913, 55.637264], [37.096331, 55.635236], [37.096334, 55.63309], [37.093321, 55.632075], [37.096449, 55.628836], [37.093085, 55.627329], [37.095339, 55.619737], [37.092792, 55.617883], [37.086936, 55.615549], [37.077864, 55.614578], [37.068617, 55.617139], [37.065782, 55.615305], [37.068852, 55.612954], [37.061318, 55.611558], [37.053772, 55.612646], [37.050202, 55.610191], [37.029625, 55.608749], [37.027423, 55.606521], [37.013528, 55.606801], [37.004245, 55.60378], [37.003633, 55.609129], [37.008066, 55.612409], [37.00545, 55.612626], [37.001092, 55.610275], [36.998453, 55.611428], [36.995889, 55.610671], [36.999787, 55.608411], [36.992365, 55.60846], [36.998174, 55.605076], [37.001069, 55.605388], [37.000552, 55.603884], [36.990536, 55.60355], [36.977727, 55.599876], [36.97318, 55.600903], [36.942151, 55.595523], [36.938788, 55.596407], [36.938509, 55.595299], [36.942689, 55.594526], [36.968957, 55.597943], [36.978334, 55.597755], [36.983528, 55.592977], [36.9855, 55.599555], [36.994923, 55.600308], [36.999224, 55.59844], [37.0005, 55.600831], [37.005364, 55.601731], [37.003846, 55.599389], [37.006663, 55.598834], [37.007844, 55.596141], [36.999155, 55.586985], [36.998381, 55.574455], [37.001112, 55.575095], [37.000212, 55.577945], [37.002797, 55.580054], [37.006922, 55.581175], [37.002693, 55.582498], [37.004909, 55.586982], [37.010354, 55.588344], [37.005082, 55.589465], [37.006186, 55.593077], [37.013464, 55.593909], [37.025207, 55.591102], [37.027283, 55.58874], [37.033684, 55.590274], [37.021122, 55.594227], [37.025523, 55.598522], [37.023051, 55.600916], [37.013171, 55.599551], [37.014571, 55.596245], [37.007586, 55.599967], [37.009609, 55.601549], [37.015727, 55.603397], [37.020605, 55.603157], [37.021473, 55.60467], [37.02337, 55.601094], [37.029473, 55.599149], [37.02803, 55.602598], [37.032943, 55.602942], [37.031442, 55.600688], [37.033857, 55.596644], [37.040132, 55.594991], [37.041417, 55.593188], [37.045605, 55.595744], [37.053565, 55.591979], [37.054557, 55.594991], [37.060947, 55.596141], [37.053657, 55.598554], [37.064581, 55.599074], [37.063914, 55.600305], [37.052254, 55.601156], [37.05759, 55.603345], [37.056026, 55.606836], [37.068602, 55.609207], [37.070916, 55.606917], [37.078183, 55.608096], [37.078793, 55.610506], [37.089322, 55.61374], [37.091243, 55.611993], [37.098659, 55.611688], [37.085393, 55.608908], [37.088267, 55.606917], [37.092904, 55.607281], [37.095945, 55.600542], [37.105317, 55.602751], [37.110198, 55.598723], [37.085591, 55.591096], [37.082995, 55.588347], [37.08961, 55.588847], [37.094508, 55.591258], [37.099766, 55.588727], [37.10262, 55.590455], [37.10893, 55.590092], [37.10287, 55.585598], [37.109258, 55.588009], [37.112357, 55.5854], [37.115855, 55.587281], [37.120268, 55.586592], [37.124824, 55.579798], [37.13007, 55.577776], [37.132117, 55.578758], [37.125882, 55.581188], [37.129078, 55.584188], [37.124439, 55.58617], [37.130984, 55.586891], [37.13456, 55.591576], [37.130628, 55.591775], [37.129455, 55.594458], [37.125284, 55.593087], [37.121509, 55.595056], [37.118094, 55.594477], [37.117761, 55.596098], [37.142138, 55.599652], [37.147134, 55.595475], [37.147686, 55.591433], [37.150448, 55.590891], [37.147677, 55.585585], [37.153705, 55.58423], [37.159489, 55.585955], [37.16117, 55.585081], [37.160889, 55.579681], [37.155953, 55.581426], [37.153242, 55.578634], [37.162033, 55.578104], [37.161282, 55.572803], [37.164502, 55.572641]]]]}}]}