{"type": "FeatureCollection", "features": [{"type": "Feature", "properties": {"lobe_id": "лицей-вторая-школа-в-dri25-1", "school_id": "лицей-вторая-школа-в-ф-овчинникова", "mode": "driving", "min": 25, "azimuth": 172.4, "width_deg": 20, "r_max_km": 26.27, "area_km2": 12.97, "elongation": 6.1, "zone_share": 0.0834, "thr_km": 16.08, "k_mad": 3, "suspicious": ""}, "geometry": {"type": "MultiPolygon", "coordinates": [[[[37.374946, 55.738753], [37.374004, 55.736449], [37.377143, 55.735598], [37.374107, 55.732374], [37.381124, 55.729036], [37.392108, 55.730256], [37.404776, 55.728337], [37.405521, 55.732726], [37.407225, 55.732005], [37.405963, 55.728479], [37.409048, 55.727709], [37.454099, 55.728301], [37.454039999461656, 55.730276596150944], [37.46806208137554, 55.725855450705936], [37.463404, 55.725216], [37.461906, 55.719934], [37.460288, 55.724934], [37.452739, 55.723513], [37.451411, 55.721712], [37.443132, 55.721171], [37.444342, 55.723425], [37.449223, 55.723584], [37.454217, 55.725931], [37.417036, 55.72653], [37.418577, 55.725902], [37.416574, 55.724821], [37.408815, 55.724707], [37.408588, 55.722204], [37.410224, 55.719122], [37.418497, 55.719582], [37.413601, 55.717234], [37.411253, 55.71781], [37.410387, 55.715355], [37.407892, 55.715262], [37.405061, 55.717515], [37.404543, 55.7227], [37.402413, 55.72201], [37.40206, 55.717078], [37.399099, 55.722169], [37.391381, 55.721673], [37.399901, 55.72517], [37.401991, 55.727909], [37.389038, 55.729246], [37.380469, 55.727815], [37.385295, 55.725157], [37.383245, 55.721984], [37.384823145149745, 55.71603788007249], [37.38413822363082, 55.71617800363751], [37.382052, 55.716855], [37.378034, 55.727854], [37.372095, 55.729891], [37.354177, 55.729968], [37.344522, 55.72495], [37.34264231056119, 55.72466737813132], [37.33803255543329, 55.72561045745433], [37.342219, 55.726265], [37.352602, 55.730745], [37.372319, 55.730969], [37.37363, 55.734889], [37.370554, 55.736281], [37.36977810136644, 55.73875781426245], [37.37119808715544, 55.739057143375405], [37.37026707975653, 55.74976007944824], [37.374946, 55.738753]]], [[[37.453535, 55.701388], [37.465298, 55.701061], [37.466005, 55.702723], [37.476354, 55.704489], [37.465908, 55.70869], [37.471953, 55.710973], [37.47174, 55.715443], [37.476213, 55.720997], [37.471165, 55.720417], [37.470593, 55.721919], [37.475849836761725, 55.723399980864585], [37.55644, 55.69799], [37.46388443915994, 55.69394893694229], [37.461389, 55.695453], [37.459601, 55.699972], [37.453722, 55.698074], [37.45041328920416, 55.69397796094179], [37.45041328920416, 55.69809650386622], [37.453535, 55.701388]]], [[[37.459106, 55.696062], [37.45573842708702, 55.693593274374244], [37.45231421547025, 55.69344377006634], [37.459106, 55.696062]]]]}}, {"type": "Feature", "properties": {"lobe_id": "лицей-вторая-школа-в-dri30-1", "school_id": "лицей-вторая-школа-в-ф-овчинникова", "mode": "driving", "min": 30, "azimuth": 170.2, "width_deg": 25, "r_max_km": 32.23, "area_km2": 43.79, "elongation": 3.1, "zone_share": 0.1749, "thr_km": 23.34, "k_mad": 3, "suspicious": ""}, "geometry": {"type": "Polygon", "coordinates": [[[37.370905, 55.773891], [37.370798, 55.771844], [37.379336, 55.768726], [37.380167, 55.765964], [37.382817, 55.765851], [37.383961, 55.767429], [37.386353, 55.76599], [37.384481, 55.763865], [37.388569, 55.764195], [37.397311, 55.757334], [37.394962, 55.756787], [37.377899, 55.765634], [37.371382, 55.764738], [37.37271, 55.754024], [37.36972, 55.751743], [37.369766, 55.747912], [37.372839, 55.747252], [37.375424, 55.736899], [37.380483, 55.735093], [37.380285, 55.733397], [37.391826, 55.73584], [37.399961, 55.735407], [37.39629, 55.737825], [37.391723, 55.736656], [37.390038, 55.737844], [37.398101, 55.744165], [37.403221, 55.742485], [37.405808, 55.743492], [37.413593, 55.740097], [37.412742, 55.743362], [37.416916, 55.743077], [37.418655, 55.744686], [37.415438, 55.746595], [37.415829, 55.747883], [37.422829, 55.745822], [37.424226, 55.747372], [37.424508, 55.743676], [37.426517, 55.744136], [37.432723, 55.739893], [37.434566, 55.740252], [37.447697, 55.731299], [37.452135, 55.732969], [37.452403, 55.736371], [37.457284, 55.735183], [37.45895284109939, 55.73837050337385], [37.55644, 55.69799], [37.445635911909186, 55.693152189035835], [37.453153, 55.700974], [37.457338, 55.701855], [37.450339, 55.708625], [37.453239, 55.702545], [37.4501, 55.701751], [37.446041, 55.70787], [37.442994, 55.708434], [37.44396, 55.7103], [37.440735, 55.711009], [37.441761, 55.712577], [37.451747, 55.711472], [37.448298, 55.716252], [37.440887, 55.714364], [37.437716, 55.710753], [37.432646, 55.714912], [37.432338, 55.717561], [37.420509, 55.718186], [37.411187, 55.716861], [37.411296, 55.714015], [37.417123, 55.716414], [37.42094, 55.714795], [37.423303, 55.707407], [37.419825, 55.702989], [37.427779, 55.698045], [37.425703, 55.697348], [37.426517, 55.694562], [37.4247, 55.69391], [37.423671, 55.693959], [37.424953, 55.695349], [37.422346, 55.69543], [37.423619, 55.696924], [37.421161, 55.697442], [37.420897, 55.700847], [37.415849, 55.704058], [37.407105, 55.698693], [37.41481430777641, 55.69180648873745], [37.41154485746164, 55.69166374145391], [37.410408, 55.69299], [37.401804, 55.697219], [37.399711, 55.700222], [37.398067, 55.697695], [37.401183, 55.693975], [37.393968, 55.697581], [37.385085, 55.692031], [37.381328, 55.693], [37.380213, 55.695203], [37.387278, 55.695987], [37.395822, 55.701466], [37.393565, 55.703876], [37.387994, 55.704978], [37.390579, 55.707087], [37.382469, 55.711803], [37.380673, 55.71053], [37.381173, 55.70822], [37.384663, 55.70686], [37.383654, 55.70479], [37.380089, 55.705204], [37.378712, 55.703692], [37.379546, 55.706374], [37.37373, 55.709257], [37.369876, 55.707514], [37.36726, 55.708625], [37.369301, 55.705136], [37.367472, 55.703575], [37.362982, 55.707291], [37.358659, 55.703044], [37.353568, 55.703604], [37.366251, 55.711038], [37.382883, 55.714238], [37.377832, 55.722104], [37.369332, 55.722574], [37.369398, 55.719442], [37.372514, 55.718111], [37.371048, 55.716042], [37.366173, 55.716683], [37.365173, 55.719005], [37.35784, 55.720045], [37.364391, 55.721809], [37.361568, 55.723092], [37.366426, 55.724235], [37.368507, 55.727893], [37.371902, 55.725125], [37.376901, 55.725131], [37.377965, 55.726575], [37.372112, 55.72981], [37.353847, 55.729816], [37.34798, 55.72721], [37.346913, 55.724853], [37.328378, 55.721382], [37.321085, 55.712865], [37.322117, 55.708703], [37.319995, 55.707508], [37.32193, 55.701233], [37.325109, 55.702778], [37.326673, 55.70123], [37.327731, 55.697335], [37.324997, 55.69671], [37.325489, 55.694594], [37.319277, 55.698868], [37.317977, 55.697818], [37.320697, 55.696567], [37.315361, 55.696123], [37.316301, 55.706857], [37.312789, 55.707925], [37.309193, 55.703028], [37.297709, 55.696561], [37.275111, 55.691153], [37.27663211612368, 55.685773323956724], [37.27145542981983, 55.685547304951555], [37.271368, 55.690236], [37.26829, 55.691823], [37.267214063788, 55.69158214610112], [37.267214063788, 55.70240969944573], [37.267272, 55.703339], [37.270311, 55.703134], [37.267907, 55.699107], [37.270098, 55.698813], [37.269011, 55.697335], [37.27253, 55.693884], [37.290536, 55.698223], [37.293905, 55.697879], [37.296001, 55.70075], [37.30098, 55.701822], [37.304059, 55.706591], [37.307534, 55.709182], [37.311504, 55.709684], [37.308379, 55.715187], [37.309612, 55.718034], [37.318604, 55.723334], [37.31819, 55.725902], [37.313272, 55.727006], [37.314255, 55.728615], [37.321582, 55.724995], [37.323594, 55.72666], [37.326265, 55.726375], [37.325411, 55.723098], [37.33273, 55.725578], [37.342414, 55.725798], [37.352225, 55.730891], [37.372233, 55.731011], [37.37344, 55.734892], [37.370295, 55.736022], [37.36910933503155, 55.73884640772358], [37.37088713235204, 55.73912608039564], [37.36786648373263, 55.74180704070284], [37.365684, 55.747006], [37.364388, 55.76161], [37.34889965387226, 55.758640947726086], [37.345821727709165, 55.76137274440668], [37.363474, 55.766019], [37.364359, 55.768707], [37.359251, 55.769227], [37.364307, 55.771291], [37.352907, 55.77585], [37.345677, 55.77217], [37.343780416290805, 55.77278173369363], [37.34433695401365, 55.77393388035858], [37.352329, 55.779074], [37.355244, 55.778123], [37.356471, 55.780235], [37.355372856180175, 55.78127473791779], [37.36025538151678, 55.77925232970474], [37.359056, 55.777043], [37.363845, 55.77424], [37.36866, 55.774094], [37.3687492365569, 55.77573405975029], [37.37255961856083, 55.77415574784644], [37.370905, 55.773891]]]}}, {"type": "Feature", "properties": {"lobe_id": "лицей-вторая-школа-в-dri35-1", "school_id": "лицей-вторая-школа-в-ф-овчинникова", "mode": "driving", "min": 35, "azimuth": 173.1, "width_deg": 30, "r_max_km": 37.47, "area_km2": 89.27, "elongation": 3.0, "zone_share": 0.2448, "thr_km": 24.53, "k_mad": 3, "suspicious": ""}, "geometry": {"type": "Polygon", "coordinates": [[[37.348805, 55.777845], [37.3542, 55.779801], [37.352533, 55.782291], [37.348808, 55.781101], [37.34760656071133, 55.78146813539408], [37.348914421301, 55.78394990923645], [37.55644, 55.69799], [37.41105469110196, 55.67884966097105], [37.412641, 55.680486], [37.40665, 55.683313], [37.403221, 55.681592], [37.400617, 55.682584], [37.397365, 55.678937], [37.388655, 55.679686], [37.398001, 55.683783], [37.395014, 55.686142], [37.396078, 55.688343], [37.404388, 55.685355], [37.412722, 55.684428], [37.411526, 55.689545], [37.399749, 55.69901], [37.399536, 55.696114], [37.4036, 55.694121], [37.395879, 55.689276], [37.39249, 55.689578], [37.398771, 55.694108], [37.395316, 55.69612], [37.392941, 55.696817], [37.38572, 55.693421], [37.386246, 55.681663], [37.383202, 55.681864], [37.380256, 55.690359], [37.371689, 55.685018], [37.37359, 55.682305], [37.36874, 55.683375], [37.365569, 55.681164], [37.372115, 55.67636], [37.365293, 55.678136], [37.360401, 55.675815], [37.356848, 55.677916], [37.358642, 55.681978], [37.356072, 55.683977], [37.353723, 55.68223], [37.352033, 55.68353], [37.356756, 55.687889], [37.359806, 55.684908], [37.366136, 55.691681], [37.374466, 55.690077], [37.380425, 55.693476], [37.376824, 55.695819], [37.372279, 55.695151], [37.370267, 55.696846], [37.366173, 55.69591], [37.366015, 55.699697], [37.36193, 55.699687], [37.361303, 55.701012], [37.367585, 55.7034], [37.359369, 55.703264], [37.358748, 55.700711], [37.35598, 55.70272], [37.353545, 55.70201], [37.354137, 55.697815], [37.351119, 55.698813], [37.345335, 55.695411], [37.348138, 55.694124], [37.345257, 55.692118], [37.345723, 55.689205], [37.341911, 55.690858], [37.342731, 55.693081], [37.337683, 55.693816], [37.32615, 55.690692], [37.323833, 55.688699], [37.314718, 55.687996], [37.314419, 55.689733], [37.319685, 55.690897], [37.314482, 55.693978], [37.31364, 55.698754], [37.308554, 55.700601], [37.317095, 55.701252], [37.314608, 55.707819], [37.312323, 55.707764], [37.308353, 55.702224], [37.297892, 55.696457], [37.275511, 55.690936], [37.278779, 55.684901], [37.280527, 55.684243], [37.281441, 55.686609], [37.284057, 55.685744], [37.282651, 55.679754], [37.276336, 55.678519], [37.280205, 55.67661], [37.278302, 55.673854], [37.274427, 55.674418], [37.272216, 55.67316], [37.268112, 55.675627], [37.263685, 55.674509], [37.265642, 55.677277], [37.264119, 55.678862], [37.259499, 55.67625], [37.255593, 55.677349], [37.256038, 55.680286], [37.261762, 55.680859], [37.264303, 55.682606], [37.258712, 55.685507], [37.256044, 55.681397], [37.250315, 55.682039], [37.256222, 55.686829], [37.254135, 55.687883], [37.245741, 55.682869], [37.245586, 55.686382], [37.239851, 55.683167], [37.238417, 55.679864], [37.244928, 55.676645], [37.241889, 55.676204], [37.240248, 55.671889], [37.231616, 55.673886], [37.231989, 55.67624], [37.226944, 55.673338], [37.225668, 55.670369], [37.226956, 55.662846], [37.238768, 55.664088], [37.243723, 55.662836], [37.238707, 55.662408], [37.237606, 55.660666], [37.224938, 55.660238], [37.22238672142164, 55.65805290427853], [37.22201977973969, 55.662247066895304], [37.223058, 55.66496], [37.22152425801282, 55.667910906150496], [37.22109309838221, 55.67283908327918], [37.224248, 55.677264], [37.220971, 55.678217], [37.220633352158245, 55.678094006665134], [37.22041675644267, 55.680569707022734], [37.232153, 55.681028], [37.239673, 55.687147], [37.244724, 55.688324], [37.23497709896063, 55.692525804844486], [37.237007970242956, 55.693790624402645], [37.246828, 55.689293], [37.252295, 55.692971], [37.264354, 55.694024], [37.263535, 55.702211], [37.269178, 55.711181], [37.266709, 55.716363], [37.266266414135465, 55.716507437704756], [37.26799679806718, 55.72141499865912], [37.27071, 55.722784], [37.276563, 55.72371], [37.274456, 55.719352], [37.272159, 55.720909], [37.26831, 55.71872], [37.27376, 55.712204], [37.271564, 55.699953], [37.274815, 55.697708], [37.28834, 55.700867], [37.295141, 55.700595], [37.295136, 55.702111], [37.296234, 55.701123], [37.300905, 55.701884], [37.304907, 55.707407], [37.310368, 55.709079], [37.308132, 55.715297], [37.314407, 55.721486], [37.319705, 55.723613], [37.321887, 55.722842], [37.313303, 55.717593], [37.314674, 55.71543], [37.323054, 55.723095], [37.33104, 55.72518], [37.332069, 55.726766], [37.342279, 55.725857], [37.349219, 55.729722], [37.345729, 55.734047], [37.353778, 55.730998], [37.36638, 55.731004], [37.367576, 55.732225], [37.36868, 55.731024], [37.372181, 55.73104], [37.370071, 55.733665], [37.3734, 55.734898], [37.370108, 55.735993], [37.365506, 55.74655], [37.365193, 55.762199], [37.346767, 55.758285], [37.33423, 55.748954], [37.31236, 55.747116], [37.305404, 55.743838], [37.297165, 55.74411], [37.295923, 55.742197], [37.291304, 55.746585], [37.292793, 55.7481], [37.296021, 55.745178], [37.301239, 55.745718], [37.295849, 55.749193], [37.29743, 55.750679], [37.299609, 55.74844], [37.305996, 55.747915], [37.305864, 55.753694], [37.300629, 55.756441], [37.306913, 55.755797], [37.310802, 55.75153], [37.315258, 55.753998], [37.319343, 55.753539], [37.318843, 55.752144], [37.326078, 55.752668], [37.328438, 55.751015], [37.342998, 55.761057], [37.363054, 55.765948], [37.364198, 55.768619], [37.360631, 55.768073], [37.35869, 55.769227], [37.36423, 55.771164], [37.359619, 55.77314], [37.350202, 55.775087], [37.346675, 55.771853], [37.351375, 55.772076], [37.354157, 55.770518], [37.346879, 55.768364], [37.342780143949966, 55.77230960965725], [37.34301032950416, 55.77274640582023], [37.348805, 55.777845]]]}}, {"type": "Feature", "properties": {"lobe_id": "школа-2007-фмш-dri20-1", "school_id": "школа-2007-фмш", "mode": "driving", "min": 20, "azimuth": 157.4, "width_deg": 20, "r_max_km": 20.79, "area_km2": 22.07, "elongation": 3.6, "zone_share": 0.118, "thr_km": 15.85, "k_mad": 3, "suspicious": ""}, "geometry": {"type": "Polygon", "coordinates": [[[37.409649, 55.609191], [37.416545, 55.604553], [37.413282, 55.60444], [37.40897, 55.606749], [37.405946, 55.603267], [37.419129, 55.594763], [37.420469, 55.595705], [37.423044, 55.594351], [37.423757, 55.591502], [37.428612, 55.588867], [37.430817, 55.589858], [37.443098, 55.58834], [37.436825, 55.593688], [37.430441, 55.593954], [37.43514615632883, 55.59579812020005], [37.533619, 55.533064], [37.414327616428814, 55.559510263037026], [37.41056, 55.561786], [37.406389, 55.561851], [37.40597419811845, 55.56136217129126], [37.4020861225602, 55.56222413689048], [37.401677, 55.5627], [37.40142788170408, 55.56237006537501], [37.39534986294055, 55.56371752969433], [37.40237, 55.565155], [37.391323, 55.569829], [37.386958436006324, 55.565577864257605], [37.38680989220345, 55.56561079562587], [37.386448, 55.571045], [37.375527, 55.574965], [37.37183455063487, 55.57477562515932], [37.372313186427455, 55.57656191825554], [37.372727, 55.576964], [37.37251149416348, 55.57730201280194], [37.3728710685252, 55.578643962588956], [37.378313, 55.578754], [37.379063, 55.57698], [37.382837, 55.578741], [37.379957, 55.575173], [37.388218, 55.575631], [37.385718, 55.573232], [37.388264, 55.572384], [37.394287, 55.573545], [37.393853, 55.570723], [37.403118, 55.571061], [37.409298, 55.569056], [37.403991, 55.573395], [37.406567, 55.574312], [37.412414, 55.571874], [37.415004, 55.573863], [37.415935, 55.579294], [37.412147, 55.579742], [37.410974, 55.581409], [37.414993, 55.581348], [37.419325, 55.577077], [37.423645, 55.580048], [37.43567, 55.583369], [37.428245, 55.584942], [37.413509, 55.594416], [37.40235, 55.586235], [37.392985, 55.584051], [37.394419, 55.582531], [37.392016, 55.581046], [37.386793, 55.581621], [37.411474, 55.59616], [37.405745, 55.600113], [37.402577, 55.599389], [37.403368, 55.60149], [37.39546, 55.606044], [37.378781, 55.610288], [37.374768, 55.613159], [37.37382549710993, 55.612954883232085], [37.3723498699653, 55.61455357987678], [37.373696, 55.614987], [37.370505807076306, 55.61991188893242], [37.3743649450694, 55.62085696447771], [37.377631, 55.614831], [37.381477, 55.617841], [37.394338, 55.619126], [37.381078, 55.615821], [37.379704, 55.613259], [37.3847, 55.611253], [37.389708, 55.611233], [37.400956, 55.606323], [37.404607, 55.607606], [37.40897291926765, 55.61247231116079], [37.41097227012731, 55.611198584187186], [37.409649, 55.609191]]]}}, {"type": "Feature", "properties": {"lobe_id": "школа-2007-фмш-dri40-1", "school_id": "школа-2007-фмш", "mode": "driving", "min": 40, "azimuth": 153.4, "width_deg": 50, "r_max_km": 40.57, "area_km2": 219.51, "elongation": 1.8, "zone_share": 0.3576, "thr_km": 29.52, "k_mad": 3, "suspicious": ""}, "geometry": {"type": "MultiPolygon", "coordinates": [[[[37.380026, 55.73114], [37.379945, 55.728942], [37.38307806847957, 55.72925276160858], [37.533619, 55.533064], [37.35808897843831, 55.54072780625014], [37.360729, 55.542833], [37.347261, 55.54955], [37.343377, 55.553283], [37.334279, 55.55329], [37.330643, 55.551888], [37.33068, 55.549283], [37.335418, 55.550308], [37.340359, 55.548034], [37.333753, 55.544733], [37.333208955914436, 55.541814091493116], [37.309875641507965, 55.54283284600128], [37.301782, 55.546044], [37.298335, 55.545592], [37.29868718328076, 55.54332134463717], [37.294050409745005, 55.5435237905418], [37.293307, 55.544577], [37.294857, 55.546893], [37.305114, 55.548916], [37.301563, 55.551345], [37.301523, 55.553839], [37.306628, 55.552376], [37.311317, 55.553891], [37.28379, 55.565658], [37.276468, 55.566097], [37.272791, 55.56952], [37.274418, 55.572345], [37.281407, 55.570726], [37.278592, 55.572053], [37.281933, 55.57371], [37.290519, 55.570083], [37.294038, 55.570749], [37.290625, 55.576076], [37.285011, 55.579326], [37.268548, 55.580591], [37.265737, 55.576645], [37.272518, 55.575995], [37.269368, 55.573987], [37.269831, 55.569914], [37.266088, 55.570551], [37.264099, 55.575075], [37.258341, 55.573831], [37.255777, 55.575173], [37.260916, 55.576489], [37.260066, 55.578897], [37.245589, 55.574429], [37.237382, 55.575508], [37.236775, 55.570297], [37.233619, 55.576294], [37.211329, 55.572358], [37.204163, 55.569598], [37.211669, 55.564235], [37.213344, 55.558359], [37.222946, 55.555345], [37.222635, 55.551674], [37.212333, 55.556721], [37.207644, 55.554272], [37.203128, 55.55606], [37.200141, 55.553062], [37.195033, 55.553709], [37.190555, 55.552305], [37.185021, 55.556643], [37.181037, 55.55699], [37.17784, 55.563214], [37.17057196277984, 55.560923225372505], [37.17092261443061, 55.5649311920809], [37.198652, 55.573011], [37.20786, 55.573294], [37.203979, 55.576648], [37.206759, 55.584438], [37.203367, 55.5858], [37.19165, 55.583103], [37.180488, 55.583642], [37.17370599215981, 55.58249206055491], [37.174011418563424, 55.58289485497412], [37.176805, 55.584711], [37.186599, 55.586371], [37.184754, 55.591362], [37.189626, 55.589799], [37.191647, 55.585549], [37.193674, 55.587187], [37.196166, 55.586284], [37.20456, 55.589218], [37.201435, 55.590943], [37.201927, 55.593184], [37.198549, 55.592028], [37.195847, 55.593214], [37.191075, 55.591943], [37.188971, 55.592892], [37.195142, 55.595738], [37.198491, 55.595192], [37.200139, 55.597661], [37.192636, 55.598691], [37.190928, 55.600958], [37.187097926355115, 55.600153259103365], [37.19183300165337, 55.60639784661141], [37.197738, 55.608963], [37.199109, 55.611743], [37.19750848551721, 55.612621163458165], [37.19781006744695, 55.61292593212406], [37.198523, 55.612759], [37.201613, 55.610701], [37.20575, 55.612006], [37.200587, 55.613198], [37.207647, 55.612302], [37.20884, 55.614837], [37.214928, 55.612889], [37.212942, 55.617896], [37.214675, 55.621698], [37.218568, 55.620763], [37.216906, 55.618837], [37.225257, 55.616445], [37.219812, 55.614324], [37.221514, 55.61225], [37.229595, 55.615841], [37.239857, 55.610947], [37.250384, 55.615578], [37.249547, 55.620613], [37.25277, 55.622159], [37.253181, 55.625684], [37.256855, 55.627076], [37.259488, 55.625963], [37.263041, 55.626706], [37.258631, 55.64008], [37.261925, 55.642894], [37.26178173785244, 55.643057788174566], [37.26581103585588, 55.64399369086002], [37.268258910142606, 55.64880520850861], [37.270607, 55.648636], [37.283272, 55.649914], [37.303254, 55.646712], [37.313766, 55.646758], [37.310762, 55.650618], [37.319579, 55.653087], [37.321686, 55.657242], [37.311768, 55.659447], [37.310153, 55.661964], [37.307313, 55.660997], [37.306531, 55.658195], [37.303165, 55.659979], [37.297703, 55.656369], [37.294659, 55.655701], [37.293535, 55.657105], [37.300477, 55.659719], [37.307508, 55.668984], [37.310394, 55.669302], [37.316368, 55.674684], [37.317865, 55.678094], [37.332549, 55.690871], [37.330732, 55.692857], [37.339022, 55.695543], [37.339086, 55.693308], [37.329502, 55.685796], [37.324738, 55.67861], [37.332302, 55.678127], [37.348408, 55.670135], [37.344878, 55.664153], [37.337562, 55.665044], [37.340641, 55.662155], [37.336458, 55.659081], [37.343349, 55.65839], [37.345338, 55.660929], [37.351475, 55.6597], [37.347635, 55.663222], [37.351478, 55.664474], [37.357245, 55.661542], [37.363572, 55.66591], [37.366685, 55.665112], [37.365061, 55.664357], [37.368375, 55.661552], [37.373325, 55.660731], [37.378778, 55.665093], [37.386077, 55.66651], [37.392628, 55.662927], [37.397854, 55.662849], [37.418224, 55.666854], [37.408226, 55.674236], [37.408139, 55.678123], [37.412509, 55.680506], [37.406653, 55.683164], [37.404403, 55.681449], [37.400913, 55.682516], [37.398406, 55.681102], [37.400151, 55.672729], [37.397771, 55.671283], [37.392841, 55.675446], [37.389423, 55.673812], [37.387511, 55.674885], [37.384579, 55.673899], [37.382144, 55.675971], [37.38629, 55.678341], [37.383076, 55.681148], [37.380247, 55.690336], [37.371807, 55.685002], [37.373587, 55.682308], [37.368737, 55.683277], [37.366009, 55.681141], [37.369579, 55.679063], [37.373601, 55.679371], [37.374748, 55.672577], [37.365561, 55.678075], [37.361252, 55.675673], [37.357227, 55.677592], [37.356414, 55.683271], [37.352892, 55.680363], [37.350003, 55.680276], [37.352478, 55.681884], [37.351478, 55.683754], [37.354442, 55.684852], [37.35468, 55.688411], [37.357506, 55.689079], [37.356753, 55.686379], [37.360044, 55.684875], [37.363873, 55.691036], [37.368326, 55.69183], [37.374469, 55.690109], [37.380397, 55.693476], [37.377562, 55.69542], [37.380707, 55.697957], [37.378502, 55.697066], [37.376223, 55.698343], [37.379094, 55.699318], [37.373296, 55.699486], [37.372175, 55.701463], [37.368806, 55.700326], [37.367254, 55.701618], [37.369467, 55.704054], [37.372578, 55.70318], [37.371853, 55.707747], [37.367582, 55.708489], [37.369122, 55.704268], [37.359283, 55.703309], [37.359127, 55.70097], [37.354652, 55.702707], [37.353956, 55.697902], [37.350228, 55.698751], [37.345203, 55.695398], [37.344843, 55.692679], [37.342702, 55.693687], [37.344467, 55.697938], [37.340353, 55.695955], [37.338462, 55.696729], [37.344861, 55.699801], [37.348008, 55.70385], [37.351475, 55.703326], [37.352407, 55.705917], [37.354951, 55.705127], [37.368665, 55.712007], [37.383829, 55.713471], [37.378028, 55.722052], [37.369387, 55.722577], [37.369605, 55.719235], [37.375176, 55.720035], [37.37108, 55.71587], [37.366167, 55.716667], [37.36517, 55.719002], [37.358121, 55.71928], [37.357897, 55.720861], [37.363244, 55.721181], [37.361861, 55.722382], [37.353648, 55.722221], [37.351099, 55.72392], [37.36523, 55.723762], [37.368726, 55.727916], [37.371891, 55.725112], [37.376691, 55.72505], [37.378048, 55.726507], [37.374397, 55.729198], [37.352691, 55.729246], [37.346775, 55.72495], [37.33045, 55.722745], [37.325937271780326, 55.71915956064018], [37.325720910697264, 55.721687087184485], [37.329341, 55.72472], [37.337717, 55.724898], [37.352987, 55.730878], [37.36636, 55.730936], [37.367576, 55.732552], [37.368789, 55.730936], [37.373713, 55.731075], [37.373506, 55.734892], [37.369404, 55.736928], [37.36908617353557, 55.73765154323618], [37.375762273102076, 55.73878689176704], [37.3814116855583, 55.731424434112455], [37.380026, 55.73114]]], [[[37.27217, 55.655441], [37.277891, 55.654345], [37.285937, 55.65608], [37.287515, 55.654621], [37.285834, 55.653654], [37.28362, 55.6543], [37.275485, 55.651059], [37.27251, 55.651727], [37.26953349829094, 55.65131052645066], [37.27145442586859, 55.65508628282494], [37.27217, 55.655441]]]]}}, {"type": "Feature", "properties": {"lobe_id": "школа-1532-dri20-1", "school_id": "школа-1532", "mode": "driving", "min": 20, "azimuth": 142.5, "width_deg": 20, "r_max_km": 14.16, "area_km2": 7.38, "elongation": 4.0, "zone_share": 0.106, "thr_km": 10.44, "k_mad": 3, "suspicious": ""}, "geometry": {"type": "Polygon", "coordinates": [[[37.447019, 55.669036], [37.438061, 55.661523], [37.441637, 55.657754], [37.441057, 55.655159], [37.444604, 55.65488], [37.448404, 55.652165], [37.44916, 55.648685], [37.459989, 55.642485], [37.459632, 55.640869], [37.46651875157687, 55.64866260903944], [37.492402, 55.620416], [37.453047697588474, 55.64090255313289], [37.438961, 55.653982], [37.436305, 55.653434], [37.438096, 55.651974], [37.43569932001431, 55.64993354687853], [37.414087965369056, 55.66118370602464], [37.419396, 55.661013], [37.417131, 55.664166], [37.41295192594228, 55.66296158186624], [37.41443232960079, 55.66552571621849], [37.418695, 55.666546], [37.41630650956766, 55.66877189114364], [37.41635812482447, 55.66886129139088], [37.41518961443292, 55.67260251822092], [37.421199, 55.66794], [37.424145, 55.668854], [37.418163, 55.677744], [37.414786, 55.676383], [37.41395006935255, 55.676571177246295], [37.41281293770211, 55.68021193857001], [37.41332, 55.680516], [37.412621879345586, 55.6808236512725], [37.412289232548254, 55.6818886885474], [37.41091704643724, 55.68434491527859], [37.412808, 55.68423], [37.412035, 55.689367], [37.40439885314557, 55.696012545837995], [37.40126959930313, 55.70161394121346], [37.411552, 55.69428], [37.419244, 55.685219], [37.422872, 55.688554], [37.42968079779604, 55.688864181162465], [37.43166517118396, 55.68669861761493], [37.431079, 55.68621], [37.428555, 55.687183], [37.424706, 55.685906], [37.418853, 55.681822], [37.423631, 55.678402], [37.427264, 55.67883], [37.429943, 55.677423], [37.432766, 55.673449], [37.434741, 55.675267], [37.430398, 55.682493], [37.43151, 55.683932], [37.433373, 55.683268], [37.435011, 55.677913], [37.438544, 55.675763], [37.435152, 55.669986], [37.437989, 55.669354], [37.443034, 55.674107], [37.443199862120665, 55.6741107113385], [37.44768986909546, 55.66921072855704], [37.447019, 55.669036]]]}}, {"type": "Feature", "properties": {"lobe_id": "школа-1532-dri20-2", "school_id": "школа-1532", "mode": "driving", "min": 20, "azimuth": 224.9, "width_deg": 15, "r_max_km": 14.35, "area_km2": 3.63, "elongation": 5.8, "zone_share": 0.0521, "thr_km": 10.44, "k_mad": 3, "suspicious": ""}, "geometry": {"type": "MultiPolygon", "coordinates": [[[[37.435417, 55.54956], [37.43239095071982, 55.548797526338305], [37.429216541473515, 55.55146117196608], [37.42537944918221, 55.550210986252345], [37.424809, 55.550799], [37.43005, 55.553888], [37.423185, 55.559745], [37.432246, 55.558281], [37.442753, 55.565597], [37.437438, 55.568035], [37.434945, 55.573336], [37.442287, 55.571828], [37.445754, 55.572215], [37.448447, 55.574698], [37.440654034064835, 55.580708389164926], [37.44457926080246, 55.58372032157465], [37.454993, 55.573983], [37.460282, 55.578839], [37.46055652606279, 55.57891417035487], [37.447825401693805, 55.562322646052415], [37.44776, 55.562297], [37.44749812576401, 55.56189613175679], [37.44154416211765, 55.55413677526387], [37.439527, 55.553657], [37.44043875356101, 55.55269617878551], [37.437174364769845, 55.548441944486044], [37.435417, 55.54956]]], [[[37.46414, 55.597213], [37.46252366070401, 55.59748954390219], [37.46345349328497, 55.59820302953587], [37.46414, 55.597213]]], [[[37.473356, 55.596303], [37.467592, 55.595484], [37.470329, 55.59806], [37.465766289898625, 55.59997770079523], [37.492402, 55.620416], [37.473713542694014, 55.59606072825958], [37.473356, 55.596303]]], [[[37.45927, 55.584045], [37.46346851483917, 55.582709148013684], [37.462447678612214, 55.5813787683412], [37.45927, 55.584045]]], [[[37.417876, 55.548831], [37.41891213774274, 55.54810383329535], [37.41668991486201, 55.547379797726926], [37.417876, 55.548831]]]]}}, {"type": "Feature", "properties": {"lobe_id": "школа-1532-dri40-1", "school_id": "школа-1532", "mode": "driving", "min": 40, "azimuth": 175.3, "width_deg": 35, "r_max_km": 41.53, "area_km2": 155.61, "elongation": 2.3, "zone_share": 0.2281, "thr_km": 28.91, "k_mad": 3, "suspicious": ""}, "geometry": {"type": "Polygon", "coordinates": [[[37.225283, 55.70789], [37.228916, 55.703782], [37.227166, 55.701809], [37.245445, 55.691438], [37.264334, 55.694088], [37.264369, 55.703222], [37.268847, 55.711401], [37.26794340014276, 55.71321805027896], [37.2682921548528, 55.713245337321304], [37.492402, 55.620416], [37.289794534888394, 55.57549900637314], [37.286199, 55.579395], [37.269828, 55.581143], [37.261465, 55.580968], [37.260603, 55.579674], [37.257924, 55.580506], [37.259496, 55.583356], [37.214647, 55.57253], [37.209915, 55.573467], [37.21032, 55.571292], [37.203556, 55.569299], [37.209369, 55.564235], [37.211051, 55.558187], [37.20857, 55.558268], [37.202875, 55.566923], [37.198549, 55.568519], [37.183345, 55.56509], [37.182322, 55.560135], [37.178257, 55.563952], [37.17091950472973, 55.56200875576525], [37.17062170005134, 55.563697690023595], [37.190882, 55.568623], [37.191374, 55.570301], [37.206782, 55.573265], [37.203919, 55.576645], [37.206253, 55.585166], [37.203134, 55.586017], [37.193846, 55.583528], [37.186611, 55.583827], [37.204968, 55.589218], [37.201464, 55.591271], [37.205922, 55.595683], [37.198445, 55.592626], [37.19599, 55.593379], [37.199877, 55.594094], [37.199227, 55.596082], [37.202182, 55.597437], [37.19662, 55.59873], [37.195059, 55.603049], [37.201119, 55.603442], [37.203134, 55.600032], [37.206871, 55.60149], [37.208127, 55.600688], [37.205066, 55.598746], [37.208777, 55.597563], [37.214647, 55.599603], [37.223523, 55.595394], [37.233044, 55.59411], [37.240009, 55.597378], [37.242162, 55.601529], [37.23572, 55.602361], [37.23134, 55.600373], [37.229681, 55.602679], [37.227295, 55.601773], [37.222434, 55.603121], [37.225889, 55.605388], [37.22902, 55.605238], [37.230469, 55.608639], [37.233366, 55.609123], [37.22762, 55.612574], [37.218372, 55.60833], [37.214874, 55.608337], [37.217424, 55.610486], [37.217015, 55.613925], [37.221543, 55.612168], [37.227295, 55.615191], [37.238793, 55.611405], [37.247115, 55.614175], [37.250772, 55.616977], [37.248763, 55.620172], [37.252997, 55.622811], [37.253532, 55.625486], [37.257191, 55.627527], [37.259485, 55.62594], [37.263084, 55.626713], [37.257961, 55.640943], [37.262063, 55.642903], [37.256829, 55.648701], [37.259859, 55.651361], [37.255147, 55.655367], [37.246845, 55.657404], [37.241093, 55.655652], [37.236189, 55.656612], [37.235614, 55.653755], [37.231489, 55.651332], [37.232205, 55.649226], [37.226128, 55.648513], [37.217004, 55.652785], [37.214457, 55.651487], [37.212715, 55.645505], [37.214937, 55.644574], [37.211197, 55.645048], [37.207756, 55.643513], [37.201711, 55.644587], [37.204686, 55.64678], [37.200363, 55.648759], [37.203525, 55.65067], [37.202228, 55.6514], [37.185797, 55.650067], [37.179919, 55.640298], [37.182923, 55.626723], [37.174299, 55.622503], [37.15857064360318, 55.62238807464011], [37.14956086949813, 55.62570006758917], [37.14916, 55.628874], [37.15167, 55.628758], [37.155956, 55.624074], [37.161199, 55.625681], [37.174589, 55.624632], [37.177515, 55.630559], [37.173847, 55.643854], [37.179881, 55.650835], [37.194312, 55.65501], [37.210456, 55.654154], [37.210191, 55.658503], [37.206345, 55.657929], [37.208127, 55.656515], [37.206494, 55.6556], [37.195694, 55.655552], [37.193691, 55.656681], [37.19777, 55.657786], [37.194343, 55.659359], [37.190649, 55.655815], [37.1882, 55.655004], [37.183538, 55.657021], [37.181873, 55.654572], [37.176558, 55.654631], [37.175155, 55.652454], [37.168572, 55.655983], [37.180531, 55.657832], [37.179002, 55.659327], [37.172979, 55.658309], [37.17261671845031, 55.6590324928437], [37.178910306301894, 55.661687964448255], [37.169974136335235, 55.67089480308894], [37.170171, 55.671208], [37.16916081502706, 55.67173275917923], [37.16487569066355, 55.67614767616462], [37.164192, 55.67799], [37.16286253578644, 55.67822180772002], [37.15973135637186, 55.68144782778596], [37.160501, 55.68154], [37.159621, 55.686373], [37.156614, 55.688615], [37.159351, 55.689847], [37.168095, 55.680538], [37.171326, 55.679854], [37.168202, 55.678561], [37.17099, 55.675186], [37.178892, 55.676357], [37.182555, 55.67883], [37.187154, 55.678499], [37.187404, 55.680691], [37.179456, 55.682892], [37.188522, 55.68294], [37.186625, 55.685737], [37.188258, 55.686612], [37.194864, 55.684794], [37.190264, 55.680509], [37.193901, 55.677819], [37.206963, 55.680295], [37.231886, 55.681096], [37.23934, 55.686687], [37.244626, 55.688298], [37.235327, 55.691039], [37.228494, 55.690498], [37.226895, 55.688304], [37.229974, 55.684399], [37.228163, 55.683611], [37.223305, 55.68797], [37.223756, 55.69161], [37.227582, 55.692851], [37.227237, 55.696217], [37.21492, 55.689432], [37.210921, 55.689088], [37.211145, 55.685439], [37.205503, 55.688136], [37.198284, 55.687491], [37.198264, 55.689079], [37.205359, 55.690025], [37.212735, 55.694131], [37.204347, 55.695135], [37.202898, 55.69752], [37.208797, 55.696444], [37.212117, 55.699091], [37.207276, 55.701955], [37.209027, 55.705123], [37.203968, 55.704038], [37.200377, 55.70649], [37.200860427314275, 55.70701109213203], [37.21196302373252, 55.7088380695716], [37.221087109560365, 55.70955195044309], [37.225283, 55.70789]]]}}, {"type": "Feature", "properties": {"lobe_id": "школа-1158-dri40-1", "school_id": "школа-1158", "mode": "driving", "min": 40, "azimuth": 157.6, "width_deg": 20, "r_max_km": 33.6, "area_km2": 57.4, "elongation": 4.1, "zone_share": 0.1026, "thr_km": 25.87, "k_mad": 3, "suspicious": ""}, "geometry": {"type": "MultiPolygon", "coordinates": [[[[37.450255, 55.730396], [37.453843, 55.728184], [37.459899320923604, 55.72932939384812], [37.607667, 55.635191], [37.43598884337218, 55.67325113101677], [37.437932, 55.675306], [37.430553, 55.678399], [37.429849, 55.681903], [37.427307, 55.679598], [37.422642, 55.679754], [37.424464, 55.683734], [37.420003, 55.685015], [37.427649, 55.687643], [37.418893, 55.688965], [37.416464, 55.694435], [37.421029, 55.69995], [37.416165, 55.703993], [37.413512, 55.702325], [37.41098, 55.702937], [37.412805, 55.705127], [37.410155, 55.707093], [37.406142, 55.708049], [37.401479, 55.702321], [37.40406, 55.699794], [37.409252, 55.700196], [37.407329, 55.697406], [37.411658, 55.694101], [37.409025, 55.693256], [37.400073, 55.700471], [37.394882, 55.700339], [37.398167, 55.70192], [37.386025, 55.712036], [37.383107, 55.712583], [37.379086, 55.709986], [37.374469, 55.711284], [37.367918, 55.710144], [37.372279, 55.712528], [37.374852, 55.711896], [37.385315, 55.714186], [37.378304, 55.722195], [37.365541, 55.723114], [37.367679, 55.726132], [37.377536, 55.72519], [37.374397, 55.729198], [37.352651, 55.729353], [37.347166, 55.725067], [37.330818, 55.722923], [37.31882, 55.713496], [37.319544, 55.706934], [37.316721, 55.706934], [37.31534364320419, 55.70919746519775], [37.31659504789374, 55.71386777108], [37.321306, 55.72019], [37.325425, 55.72111], [37.32475, 55.722774], [37.33001, 55.723713], [37.32968, 55.724824], [37.342498, 55.726439], [37.35299, 55.730891], [37.36636, 55.730943], [37.367576, 55.732552], [37.368576, 55.731001], [37.372417, 55.730907], [37.365871, 55.747559], [37.36625547505868, 55.75347414503044], [37.36932883846285, 55.75661688321113], [37.369269, 55.755208], [37.371405, 55.754344], [37.369439, 55.7481], [37.372647, 55.747168], [37.370617, 55.744026], [37.373604, 55.743501], [37.377154, 55.738812], [37.374058, 55.738148], [37.375366, 55.73472], [37.376778, 55.733749], [37.378212, 55.735077], [37.382288, 55.732739], [37.378853, 55.729612], [37.392099, 55.730299], [37.403319, 55.729107], [37.403644, 55.732532], [37.393789, 55.733613], [37.398829, 55.734157], [37.40016, 55.735585], [37.398228, 55.736899], [37.400436, 55.737685], [37.405817, 55.735429], [37.410508, 55.739074], [37.412923, 55.738802], [37.408597, 55.734287], [37.41315, 55.735258], [37.415257, 55.733306], [37.41242, 55.731807], [37.407102, 55.732361], [37.406438, 55.729755], [37.40893, 55.727793], [37.436567, 55.728777], [37.440252, 55.727783], [37.440321, 55.729269], [37.436291, 55.729596], [37.434934, 55.731658], [37.442278, 55.731402], [37.443046, 55.733024], [37.437713, 55.736248], [37.430809, 55.736442], [37.431108, 55.738329], [37.421613, 55.743977], [37.421619, 55.745184], [37.448924, 55.732837], [37.45345233663257, 55.73343657581182], [37.45413260019162, 55.73300320012884], [37.450255, 55.730396]]], [[[37.376024, 55.765983], [37.374475, 55.76502], [37.37235681567931, 55.76569904691556], [37.372533319167715, 55.76668366488182], [37.376024, 55.765983]]], [[[37.423036, 55.676775], [37.42255836801614, 55.676228595719955], [37.420073486286825, 55.67677948073665], [37.423036, 55.676775]]]]}}, {"type": "Feature", "properties": {"lobe_id": "школа-109-dri40-1", "school_id": "школа-109", "mode": "driving", "min": 40, "azimuth": 175.1, "width_deg": 25, "r_max_km": 41.68, "area_km2": 82.48, "elongation": 3.2, "zone_share": 0.1417, "thr_km": 28.59, "k_mad": 3, "suspicious": ""}, "geometry": {"type": "MultiPolygon", "coordinates": [[[[37.211476, 55.721822], [37.200877, 55.720019], [37.198158, 55.71681], [37.199385, 55.715326], [37.222989, 55.709817], [37.227933, 55.704268], [37.227214, 55.701842], [37.241093, 55.695096], [37.244462, 55.691486], [37.265297, 55.694088], [37.264294, 55.703228], [37.266148399980366, 55.70667241597777], [37.332844658704424, 55.685643166379315], [37.326118, 55.681861], [37.324862, 55.678464], [37.332215, 55.678078], [37.345025, 55.67232], [37.338861, 55.672071], [37.33538, 55.673659], [37.330309, 55.672025], [37.33127, 55.669458], [37.342998, 55.665622], [37.330534, 55.663809], [37.335806, 55.659061], [37.33421, 55.657605], [37.324419, 55.659116], [37.323439, 55.661662], [37.327553, 55.663485], [37.326518, 55.665388], [37.320332, 55.665719], [37.320691, 55.668355], [37.31587, 55.671578], [37.309604, 55.664898], [37.310555, 55.662411], [37.307405, 55.661056], [37.31228, 55.661322], [37.312838, 55.659788], [37.306059, 55.658163], [37.302909, 55.659895], [37.301164, 55.653113], [37.298327, 55.653755], [37.298013, 55.656168], [37.275485, 55.651059], [37.262196, 55.650462], [37.25406, 55.655318], [37.247087, 55.657232], [37.241093, 55.655587], [37.236471, 55.656612], [37.232653, 55.651328], [37.242505, 55.648253], [37.241843, 55.646891], [37.238405, 55.646777], [37.241133, 55.645483], [37.233881, 55.645982], [37.234473, 55.64826], [37.229195, 55.649668], [37.225265, 55.645982], [37.222799, 55.645869], [37.220016, 55.647432], [37.221853, 55.650203], [37.216969, 55.652714], [37.216268, 55.64814], [37.213221, 55.646767], [37.218556, 55.641667], [37.210918, 55.641102], [37.206583, 55.636345], [37.204709, 55.639814], [37.198486, 55.638854], [37.190029, 55.641002], [37.197678, 55.642082], [37.20454, 55.646612], [37.199684, 55.648084], [37.202122, 55.651367], [37.185823, 55.650054], [37.180008, 55.640298], [37.184156, 55.629576], [37.182842, 55.626726], [37.174299, 55.621853], [37.156856, 55.622074], [37.157876, 55.619295], [37.161027, 55.621052], [37.167779, 55.618383], [37.165882, 55.615685], [37.170337, 55.614656], [37.167256, 55.611571], [37.172539, 55.611704], [37.171229, 55.609629], [37.164706, 55.60848], [37.165126, 55.602975], [37.162346, 55.604271], [37.164442, 55.611051], [37.15804, 55.610883], [37.161001, 55.613039], [37.156312, 55.615786], [37.151126, 55.616415], [37.150609, 55.614081], [37.144506, 55.611516], [37.143661, 55.61512], [37.139803, 55.612763], [37.137346, 55.613513], [37.144, 55.618198], [37.144107, 55.62109], [37.102043124524556, 55.615697527214685], [37.10188425615335, 55.61751340100687], [37.102732, 55.617497], [37.108965, 55.619789], [37.113064, 55.618704], [37.114714, 55.620438], [37.118204, 55.619445], [37.119313, 55.621087], [37.121892, 55.61997], [37.123798, 55.621623], [37.12719, 55.620639], [37.128512, 55.622386], [37.131821, 55.621314], [37.148143, 55.623311], [37.146679, 55.624223], [37.149678, 55.625788], [37.14563, 55.629264], [37.14835, 55.631841], [37.145662, 55.638085], [37.149577, 55.636342], [37.155677, 55.625197], [37.159454, 55.626339], [37.1656, 55.62445], [37.17577, 55.625226], [37.174212, 55.625986], [37.177507, 55.629696], [37.174707, 55.64008], [37.176046, 55.646806], [37.184299, 55.652879], [37.192909, 55.654533], [37.193685, 55.657313], [37.197615, 55.657757], [37.193705, 55.659175], [37.192049, 55.656291], [37.1882, 55.654984], [37.183673, 55.6567], [37.181597, 55.654407], [37.177581, 55.653914], [37.181548, 55.65343], [37.18043, 55.652464], [37.170369, 55.649723], [37.16909, 55.651072], [37.172476, 55.65262], [37.17236329526469, 55.65271288902571], [37.17511668682628, 55.653810910356825], [37.16946516790411, 55.68097584665195], [37.171019387539886, 55.68190823976483], [37.181543, 55.684279], [37.188304, 55.68985], [37.199633, 55.68881], [37.203395, 55.690109], [37.20287670088072, 55.70101978543706], [37.20299160593058, 55.70108871821506], [37.202863768977835, 55.701292016688186], [37.202691, 55.704929], [37.200403, 55.706853], [37.204459, 55.710326], [37.196232, 55.712379], [37.19608624241677, 55.71207028362805], [37.19373891372051, 55.715803228833934], [37.193027, 55.717648], [37.19252197534569, 55.71773851990729], [37.19052869933339, 55.720908416882516], [37.193898, 55.721586], [37.193998, 55.719238], [37.200952, 55.722243], [37.208035, 55.722467], [37.207522642363685, 55.72515704635142], [37.210936657976404, 55.72408061136352], [37.211476, 55.721822]]], [[[37.167492, 55.649162], [37.16597379348661, 55.650164828173985], [37.16696958405271, 55.65056193815941], [37.167492, 55.649162]]], [[[37.103925, 55.607268], [37.10272748344627, 55.60787526894556], [37.102155370754105, 55.61441454694018], [37.103925, 55.607268]]], [[[37.354597, 55.678752], [37.345163, 55.675005], [37.331304, 55.680159], [37.334314, 55.684402], [37.33327005652239, 55.68550903896252], [37.3546028218692, 55.67878284388523], [37.354597, 55.678752]]], [[[37.362706, 55.67483], [37.358673, 55.674843], [37.35647993240855, 55.67819099320558], [37.36362125290531, 55.67593934350196], [37.362706, 55.67483]]], [[[37.376033, 55.671536], [37.369051, 55.672914], [37.36776013151814, 55.674634360088014], [37.37625546054805, 55.671955793133755], [37.376033, 55.671536]]], [[[37.265912, 55.616068], [37.269299, 55.620815], [37.267077, 55.623606], [37.280196, 55.622727], [37.300988, 55.628229], [37.305444, 55.628832], [37.30664, 55.627313], [37.31046, 55.629267], [37.30662, 55.632282], [37.313436, 55.630939], [37.319694, 55.632828], [37.330784, 55.633136], [37.332411, 55.634531], [37.328498, 55.63656], [37.325595, 55.634797], [37.316511, 55.63581], [37.316652, 55.637864], [37.323485, 55.638984], [37.323833, 55.643744], [37.307888, 55.643805], [37.306913, 55.640136], [37.299839, 55.636135], [37.303656, 55.64413], [37.29064, 55.646518], [37.290272, 55.64823], [37.308152, 55.646232], [37.32962, 55.646897], [37.333006, 55.642744], [37.338442, 55.649379], [37.335274, 55.6514], [37.343786, 55.653917], [37.338649, 55.657835], [37.347925, 55.65743], [37.356046, 55.655182], [37.359125, 55.656723], [37.367541, 55.654202], [37.369197, 55.652681], [37.365095, 55.651312], [37.367562, 55.648681], [37.372264, 55.651974], [37.370353, 55.653651], [37.372549, 55.654391], [37.374547, 55.653246], [37.374096, 55.656249], [37.380828, 55.656207], [37.380164, 55.65322], [37.382619, 55.654605], [37.381797, 55.656927], [37.387471, 55.658912], [37.396267, 55.657777], [37.405558, 55.66041], [37.388489, 55.659236], [37.385996, 55.662369], [37.382524, 55.663027], [37.378862, 55.657932], [37.372144, 55.657832], [37.370764, 55.655364], [37.366714, 55.655383], [37.365515, 55.658974], [37.368979, 55.660913], [37.375654, 55.661036], [37.377022, 55.664808], [37.38865, 55.66617], [37.392835, 55.662992], [37.398581, 55.662975], [37.402353945948676, 55.663726972295365], [37.475383, 55.640701], [37.33470163222888, 55.62217994656892], [37.333227, 55.629985], [37.321479, 55.627047], [37.31247, 55.626852], [37.313737, 55.6252], [37.308905, 55.621775], [37.302843, 55.62309], [37.306082, 55.620811], [37.304769, 55.61936], [37.299698, 55.621074], [37.296015, 55.620668], [37.295886, 55.624395], [37.286684, 55.621688], [37.284353, 55.619302], [37.28490857137693, 55.61562456574524], [37.281580558261666, 55.61518642450661], [37.280993, 55.620597], [37.277624, 55.619672], [37.277178, 55.617623], [37.273309, 55.618529], [37.26565366617307, 55.613089609384346], [37.25961202977204, 55.612294212862636], [37.265912, 55.616068]]]]}}, {"type": "Feature", "properties": {"lobe_id": "бауманская-инженерна-dri40-1", "school_id": "бауманская-инженерная-школа-1580", "mode": "driving", "min": 40, "azimuth": 160.2, "width_deg": 25, "r_max_km": 36.07, "area_km2": 78.63, "elongation": 2.9, "zone_share": 0.1313, "thr_km": 27.52, "k_mad": 3, "suspicious": ""}, "geometry": {"type": "MultiPolygon", "coordinates": [[[[37.409074, 55.770899], [37.403899, 55.7737], [37.40668800860969, 55.773009829081], [37.41002394214705, 55.770884605032315], [37.409074, 55.770899]]], [[[37.375234, 55.790557], [37.379888, 55.787961], [37.373296, 55.78929], [37.370749, 55.785175], [37.372854, 55.776397], [37.378528, 55.775692], [37.370893, 55.773891], [37.370772, 55.77184], [37.379339, 55.768726], [37.380126, 55.765961], [37.385108, 55.766786], [37.384588, 55.76392], [37.388569, 55.764842], [37.396035, 55.758715], [37.402094, 55.759284], [37.400441, 55.756984], [37.404604, 55.753662], [37.403279, 55.75283], [37.400208, 55.755254], [37.398328, 55.754846], [37.379411, 55.764877], [37.377924, 55.763836], [37.371853, 55.765524], [37.371896, 55.757441], [37.377519, 55.759521], [37.375898, 55.756134], [37.369674, 55.752186], [37.376361, 55.738605], [37.374397, 55.738139], [37.374351, 55.732267], [37.390676, 55.73584], [37.400004, 55.73541], [37.396356, 55.737922], [37.391723, 55.736656], [37.390101, 55.737575], [37.397202, 55.742763], [37.39901, 55.742686], [37.397207, 55.739941], [37.405515, 55.735449], [37.41787, 55.741961], [37.412417, 55.737517], [37.416188, 55.737035], [37.417792, 55.734154], [37.424183, 55.733643], [37.414386, 55.732526], [37.41733, 55.73081], [37.413199, 55.730609], [37.414469, 55.728968], [37.420466, 55.727754], [37.433117, 55.728777], [37.440479, 55.72789], [37.440372, 55.729276], [37.435138, 55.730237], [37.433752, 55.732972], [37.435417, 55.734494], [37.436115, 55.732756], [37.441994, 55.731237], [37.442612, 55.733163], [37.434261, 55.736442], [37.42963, 55.735766], [37.431093, 55.738323], [37.421938, 55.742857], [37.419267, 55.74264], [37.421156, 55.74467], [37.415608, 55.746417], [37.412336, 55.750054], [37.439913, 55.736854], [37.447177, 55.735724], [37.448936, 55.732849], [37.457525, 55.735077], [37.451112, 55.728861], [37.454125, 55.728308], [37.45447, 55.729933], [37.460889, 55.730881], [37.460457, 55.733138], [37.465594, 55.734122], [37.465762654869174, 55.73537512878136], [37.61307, 55.64153], [37.41802349945964, 55.66720835894182], [37.414676, 55.671254], [37.42165, 55.66795], [37.424186, 55.668858], [37.418454, 55.67742], [37.409824, 55.677122], [37.408714, 55.678078], [37.412676, 55.680674], [37.403428, 55.684528], [37.413294, 55.684353], [37.412147, 55.689617], [37.398648, 55.69995], [37.390354, 55.697186], [37.390317, 55.698826], [37.397498, 55.701897], [37.39124, 55.704524], [37.391792, 55.706406], [37.386054, 55.712305], [37.374179, 55.711424], [37.375674, 55.71315], [37.384973, 55.714193], [37.381782, 55.716576], [37.381495, 55.721405], [37.369579, 55.722729], [37.369398, 55.719442], [37.372563, 55.718108], [37.371051, 55.716026], [37.366167, 55.716683], [37.365173, 55.719005], [37.358127, 55.71929], [37.357972, 55.720851], [37.36325, 55.721178], [37.361919, 55.72248], [37.352228, 55.723312], [37.353715, 55.724798], [37.365561, 55.723827], [37.368726, 55.72787], [37.371865, 55.725099], [37.376694, 55.725038], [37.378183, 55.727757], [37.374406, 55.729172], [37.356129, 55.729826], [37.349092, 55.727845], [37.346861, 55.724918], [37.33066, 55.722674], [37.331037, 55.721178], [37.328358, 55.721392], [37.319946, 55.712214], [37.321108, 55.7026], [37.326561, 55.699953], [37.322528, 55.697287], [37.315617, 55.699817], [37.317172, 55.705771], [37.313148, 55.708042], [37.306904, 55.701745], [37.296562, 55.696561], [37.29395808711221, 55.69593208116131], [37.294306050454935, 55.69790547934078], [37.302138, 55.702457], [37.302914, 55.704644], [37.305778, 55.70431], [37.303863, 55.705726], [37.307528, 55.709179], [37.311475, 55.709526], [37.309612, 55.716091], [37.319259, 55.724364], [37.322416, 55.724591], [37.322654, 55.722376], [37.330008, 55.72497], [37.33762, 55.725054], [37.336277, 55.726022], [37.344668, 55.727123], [37.352573, 55.730897], [37.366363, 55.730972], [37.367576, 55.732079], [37.368786, 55.730972], [37.372267, 55.730985], [37.370304, 55.733422], [37.373452, 55.734889], [37.370315, 55.73619], [37.367593614415185, 55.741406070118046], [37.37078566928995, 55.74188745573059], [37.36448391139536, 55.75783729921381], [37.364388, 55.762257], [37.36285550025694, 55.76195883216041], [37.361484284625696, 55.76542939943164], [37.363603, 55.76598], [37.364779, 55.768574], [37.360025043419775, 55.769122760748914], [37.35987040764586, 55.76951414620551], [37.364399, 55.771333], [37.35803810451265, 55.77415173284042], [37.35796873251368, 55.774327314407365], [37.35967613781085, 55.7761352871757], [37.366521, 55.77348], [37.368668, 55.774091], [37.369128, 55.782582], [37.367196, 55.784098], [37.367196082052686, 55.784098161855304], [37.37505570463244, 55.792420722185376], [37.37552653059679, 55.79286188000582], [37.37674121600294, 55.79208804005733], [37.375234, 55.790557]]]]}}, {"type": "Feature", "properties": {"lobe_id": "московская-гимназия--dri40-1", "school_id": "московская-гимназия-на-юго-западе-1543-ю-в-завельского", "mode": "driving", "min": 40, "azimuth": 175.3, "width_deg": 25, "r_max_km": 37.63, "area_km2": 72.19, "elongation": 3.5, "zone_share": 0.1311, "thr_km": 27.51, "k_mad": 3, "suspicious": ""}, "geometry": {"type": "MultiPolygon", "coordinates": [[[[37.199391, 55.714682], [37.210151, 55.711352], [37.216843, 55.711233], [37.225283, 55.707893], [37.228916, 55.703782], [37.227174, 55.701813], [37.245494, 55.691451], [37.265315, 55.694079], [37.264303, 55.702992], [37.268819, 55.711576], [37.266459, 55.716197], [37.262894, 55.716421], [37.260988, 55.718536], [37.27176119473427, 55.72366598961316], [37.37939904566122, 55.68972790557835], [37.372144, 55.685066], [37.374199, 55.681961], [37.368726, 55.683131], [37.36638, 55.681161], [37.369924, 55.679819], [37.372989, 55.680969], [37.375435, 55.679446], [37.373273, 55.675326], [37.377542, 55.67446], [37.377706, 55.672495], [37.372509, 55.671503], [37.365276, 55.677948], [37.362663, 55.674852], [37.358725, 55.674872], [37.354936, 55.680558], [37.354534, 55.678788], [37.345729, 55.675066], [37.338468, 55.677514], [37.33131, 55.680509], [37.33434, 55.684402], [37.332882, 55.685734], [37.326101, 55.681874], [37.324583, 55.678788], [37.329919, 55.678707], [37.344843, 55.672901], [37.339425, 55.671766], [37.335346, 55.673598], [37.330439, 55.67234], [37.331462, 55.6689], [37.336786, 55.667694], [37.337025, 55.665622], [37.332859, 55.666361], [37.330401, 55.66365], [37.332187, 55.662191], [37.327044, 55.66091], [37.325793, 55.672126], [37.321093, 55.672032], [37.323459, 55.667914], [37.315844, 55.671714], [37.307778, 55.664957], [37.310618, 55.66268], [37.307313, 55.660997], [37.308054, 55.658951], [37.305588, 55.658195], [37.302871, 55.659917], [37.297384, 55.656295], [37.296998, 55.658438], [37.301753, 55.660546], [37.300517, 55.661724], [37.307054, 55.666001], [37.307499, 55.668978], [37.31274, 55.671225], [37.33208, 55.690984], [37.328381, 55.690929], [37.323445, 55.688252], [37.325308, 55.686191], [37.322154, 55.684746], [37.318966, 55.68577], [37.318409, 55.683598], [37.31458, 55.682188], [37.310064, 55.684363], [37.311515, 55.685835], [37.308227, 55.684788], [37.305119, 55.68589], [37.296823, 55.683118], [37.299988, 55.679699], [37.284451, 55.672713], [37.290807, 55.672236], [37.291959, 55.671212], [37.288754, 55.670135], [37.290056, 55.667593], [37.295584, 55.666559], [37.287757, 55.664247], [37.288288, 55.66271], [37.291321, 55.662791], [37.287759, 55.660352], [37.289415, 55.65671], [37.277624, 55.662204], [37.274689, 55.667032], [37.270969, 55.667797], [37.267491, 55.666004], [37.262621, 55.665975], [37.273547, 55.669341], [37.272147, 55.671568], [37.258114, 55.667609], [37.255978, 55.663378], [37.251491, 55.6651], [37.24665, 55.663653], [37.24803, 55.662256], [37.253977, 55.66187], [37.249904, 55.660388], [37.250881, 55.658468], [37.256501, 55.657115], [37.262647, 55.652461], [37.267974, 55.652029], [37.260686, 55.651075], [37.254095, 55.655445], [37.246851, 55.657378], [37.241093, 55.655652], [37.236451, 55.656651], [37.235617, 55.653755], [37.231498, 55.651328], [37.232236, 55.649217], [37.223843, 55.648999], [37.224093, 55.650187], [37.216998, 55.652772], [37.214471, 55.651487], [37.212841, 55.645479], [37.216075, 55.643951], [37.207797, 55.64338], [37.201697, 55.644545], [37.20468, 55.64678], [37.200357, 55.64875], [37.203522, 55.65067], [37.20222, 55.651397], [37.188275, 55.650761], [37.183477, 55.648714], [37.184072, 55.645544], [37.179916, 55.640275], [37.180899, 55.633808], [37.184136, 55.630887], [37.182721, 55.626521], [37.174299, 55.622503], [37.161208, 55.621811], [37.158678, 55.623145], [37.155841, 55.622107], [37.156873, 55.618714], [37.161751, 55.615159], [37.16322, 55.615837], [37.16249, 55.613688], [37.15054085784072, 55.61786675730122], [37.150501816945834, 55.61831299677168], [37.153027, 55.619581], [37.152538, 55.621665], [37.15020997172992, 55.62164880285389], [37.149694630045936, 55.627539185255614], [37.150316, 55.629962], [37.154878, 55.624496], [37.159454, 55.62569], [37.174566, 55.624648], [37.177625, 55.630565], [37.176998, 55.637686], [37.173847, 55.63998], [37.176429, 55.647598], [37.184466, 55.652756], [37.193898, 55.654955], [37.210211, 55.653878], [37.211347, 55.657177], [37.210042, 55.658539], [37.206348, 55.657923], [37.208127, 55.656515], [37.206494, 55.6556], [37.195203, 55.6556], [37.193691, 55.656681], [37.197735, 55.657783], [37.194343, 55.659343], [37.190698, 55.655782], [37.1882, 55.655004], [37.183589, 55.65693], [37.18273, 55.655059], [37.177058, 55.654342], [37.176067, 55.652448], [37.169521, 55.65443], [37.169515, 55.656664], [37.180485, 55.657835], [37.179002, 55.659327], [37.172979, 55.658309], [37.17162, 55.66102], [37.174011, 55.662346], [37.170657, 55.6622], [37.167236, 55.664127], [37.170277, 55.666299], [37.16844245966174, 55.6680309599499], [37.169818015571124, 55.66987266254057], [37.16966064726126, 55.67041719608009], [37.170153, 55.671208], [37.16923812661366, 55.67187922273559], [37.16617439411043, 55.682480500118075], [37.168141, 55.680551], [37.171329, 55.679858], [37.168245, 55.678561], [37.17099, 55.675193], [37.178892, 55.676357], [37.182555, 55.67883], [37.187151, 55.678499], [37.186168, 55.68131], [37.179614, 55.682136], [37.180212, 55.683974], [37.188514, 55.682947], [37.185961, 55.686554], [37.194987, 55.684908], [37.190273, 55.680512], [37.193906, 55.677822], [37.21615, 55.680995], [37.231886, 55.681096], [37.240478, 55.687338], [37.24458, 55.688246], [37.235321, 55.69103], [37.228491, 55.690479], [37.226904, 55.688304], [37.229974, 55.684399], [37.225875, 55.684256], [37.223348, 55.690459], [37.227565, 55.692854], [37.227232, 55.696211], [37.21492, 55.689432], [37.21095, 55.689072], [37.21114, 55.685436], [37.205505, 55.688048], [37.196531, 55.687585], [37.197135, 55.689085], [37.205353, 55.690074], [37.21145, 55.69264], [37.207745, 55.694332], [37.206862, 55.692031], [37.204034, 55.692031], [37.205523, 55.69474], [37.202769, 55.697361], [37.208794, 55.696447], [37.212008, 55.699094], [37.207276, 55.701955], [37.209286, 55.703834], [37.207891, 55.705085], [37.203211, 55.702943], [37.200377, 55.70649], [37.204241, 55.710643], [37.196243, 55.712463], [37.195039, 55.710701], [37.19025, 55.710808], [37.194504, 55.714539], [37.194351281254804, 55.714737238420405], [37.1975769335212, 55.71629890188878], [37.199391, 55.714682]]], [[[37.402948, 55.681196], [37.400921, 55.682477], [37.398602, 55.68118], [37.400614, 55.671607], [37.396604, 55.670942], [37.392872, 55.675348], [37.390303, 55.673533], [37.387396, 55.674716], [37.383924, 55.67352], [37.381529, 55.676195], [37.384849, 55.676603], [37.386028, 55.678542], [37.38276, 55.680642], [37.38142, 55.687643], [37.379244, 55.688068], [37.380282, 55.688959], [37.38025978608188, 55.689456515166185], [37.404275519991515, 55.681884383350436], [37.402948, 55.681196]]], [[[37.331962, 55.639003], [37.32471, 55.638727], [37.324149, 55.643688], [37.310187, 55.644571], [37.310187, 55.646401], [37.320815, 55.645784], [37.326182, 55.646998], [37.331045, 55.645635], [37.333106, 55.642576], [37.342343, 55.648088], [37.340233, 55.650193], [37.337418, 55.649869], [37.336438, 55.652039], [37.341193, 55.651984], [37.346689, 55.655951], [37.365561, 55.654728], [37.368047, 55.653213], [37.364934, 55.651325], [37.367547, 55.648668], [37.37229, 55.651974], [37.370433, 55.653609], [37.374573, 55.653242], [37.374481, 55.656184], [37.380655, 55.65611], [37.380155, 55.653207], [37.382645, 55.654608], [37.381866, 55.656888], [37.387862, 55.658977], [37.396264, 55.65777], [37.405547, 55.660394], [37.389041, 55.659191], [37.385999, 55.662372], [37.382524, 55.663027], [37.378839, 55.657945], [37.372141, 55.657835], [37.370278, 55.655315], [37.365477, 55.656291], [37.365552, 55.658957], [37.369019, 55.660893], [37.375659, 55.661036], [37.377053, 55.664791], [37.388667, 55.66616], [37.392832, 55.662992], [37.398579, 55.662972], [37.418189, 55.66688], [37.406898, 55.675449], [37.41038509714549, 55.67995804107322], [37.48618, 55.65606], [37.333767988899744, 55.63599457807633], [37.331962, 55.639003]]]]}}, {"type": "Feature", "properties": {"lobe_id": "тор-it-school-dri40-1", "school_id": "тор-it-school", "mode": "driving", "min": 40, "azimuth": 175.2, "width_deg": 25, "r_max_km": 37.18, "area_km2": 69.05, "elongation": 3.3, "zone_share": 0.128, "thr_km": 26.0, "k_mad": 3, "suspicious": ""}, "geometry": {"type": "Polygon", "coordinates": [[[37.19612, 55.717506], [37.199429, 55.714054], [37.224139, 55.708541], [37.228916, 55.703782], [37.227163, 55.7018], [37.245448, 55.691428], [37.265317, 55.694072], [37.264326, 55.702992], [37.268827, 55.711576], [37.266467, 55.716201], [37.262592, 55.716596], [37.261046, 55.718532], [37.275988, 55.72564], [37.268411, 55.725704], [37.26893953176763, 55.72860009790269], [37.49, 55.6589], [37.34569031393278, 55.6399012694032], [37.34338, 55.640476], [37.339103, 55.647656], [37.343087, 55.651513], [37.350564, 55.651374], [37.350742, 55.654154], [37.344108, 55.653979], [37.34689, 55.655996], [37.365555, 55.654728], [37.366981, 55.652957], [37.36467, 55.651316], [37.367533, 55.648655], [37.37231, 55.651971], [37.370459, 55.653593], [37.37459, 55.653239], [37.374578, 55.656084], [37.380601, 55.65608], [37.380149, 55.653203], [37.382656, 55.654611], [37.381877, 55.656878], [37.387865, 55.65897], [37.396262, 55.657767], [37.405547, 55.660394], [37.389035, 55.659191], [37.385999, 55.662372], [37.382524, 55.663027], [37.378833, 55.657952], [37.372138, 55.657835], [37.370284, 55.655318], [37.365483, 55.656288], [37.365555, 55.658954], [37.369028, 55.66089], [37.375659, 55.661036], [37.377065, 55.664785], [37.388673, 55.666157], [37.392832, 55.662988], [37.398579, 55.662972], [37.418189, 55.66688], [37.406903, 55.675452], [37.409183, 55.679744], [37.412454, 55.680512], [37.408999, 55.682467], [37.406668, 55.683125], [37.402945, 55.6812], [37.400921, 55.682477], [37.398602, 55.68118], [37.400602, 55.671614], [37.396609, 55.670949], [37.392872, 55.675348], [37.390291, 55.673536], [37.387402, 55.674716], [37.383935, 55.673526], [37.381535, 55.676198], [37.384852, 55.676603], [37.386028, 55.678542], [37.382765, 55.680649], [37.38142, 55.68764], [37.37925, 55.688064], [37.380285, 55.688959], [37.380224, 55.690258], [37.372144, 55.685066], [37.37419, 55.681968], [37.368726, 55.683131], [37.366377, 55.681157], [37.370189, 55.679809], [37.372578, 55.681044], [37.375429, 55.679446], [37.373273, 55.675326], [37.377528, 55.67445], [37.377695, 55.672499], [37.372512, 55.671507], [37.365276, 55.677948], [37.36492, 55.675524], [37.358739, 55.674882], [37.354936, 55.680558], [37.354522, 55.678794], [37.345729, 55.675115], [37.338269, 55.677601], [37.33135, 55.680512], [37.334345, 55.684402], [37.332805, 55.685757], [37.324008, 55.678717], [37.332207, 55.678075], [37.339103, 55.673805], [37.329381, 55.672239], [37.331321, 55.669159], [37.32966, 55.667762], [37.325311, 55.67222], [37.315934, 55.671701], [37.308853, 55.666007], [37.306272, 55.666932], [37.307313, 55.668131], [37.332212, 55.690903], [37.326081, 55.690278], [37.322629, 55.684781], [37.31846, 55.686129], [37.314442, 55.684353], [37.31113, 55.685961], [37.306689, 55.685484], [37.304329, 55.687209], [37.304582, 55.684888], [37.297197, 55.683255], [37.296343, 55.679414], [37.292431, 55.680853], [37.290065, 55.679825], [37.295409, 55.677764], [37.284296, 55.672732], [37.287837, 55.671228], [37.28431, 55.67008], [37.285655, 55.668044], [37.288237, 55.669308], [37.291577, 55.666893], [37.287369, 55.664149], [37.283312, 55.664963], [37.28857, 55.661348], [37.287072, 55.658883], [37.28222, 55.660258], [37.2747, 55.667039], [37.266071, 55.667285], [37.273568, 55.669328], [37.27215, 55.671601], [37.246621, 55.66365], [37.24786, 55.662285], [37.253805, 55.661782], [37.24999, 55.660605], [37.249987, 55.658918], [37.257493, 55.656687], [37.263035, 55.651474], [37.260347, 55.651179], [37.25515, 55.655364], [37.246834, 55.657478], [37.241093, 55.655652], [37.236117, 55.656635], [37.234464, 55.653116], [37.231397, 55.652425], [37.232544, 55.656528], [37.225674, 55.657754], [37.228445, 55.658938], [37.23443, 55.658396], [37.234634, 55.659739], [37.225082, 55.659849], [37.220361, 55.654154], [37.232288, 55.650644], [37.226441, 55.648584], [37.223587, 55.64922], [37.22413, 55.650839], [37.217018, 55.652824], [37.214325, 55.651328], [37.213738, 55.646015], [37.208486, 55.645093], [37.204002, 55.645865], [37.201952, 55.651484], [37.191667, 55.65141], [37.184673, 55.649437], [37.185222, 55.646842], [37.179896, 55.640295], [37.182923, 55.627372], [37.17854866606936, 55.624849651288294], [37.17676614899191, 55.64522391471412], [37.17664325870891, 55.64837511843556], [37.183319, 55.652772], [37.193918, 55.654926], [37.210254, 55.653878], [37.211367, 55.657183], [37.210039, 55.658545], [37.206348, 55.657939], [37.208127, 55.656515], [37.206494, 55.6556], [37.198652, 55.6556], [37.19702, 55.659103], [37.19399, 55.659356], [37.190785, 55.655707], [37.1882, 55.655004], [37.183704, 55.656781], [37.181198, 55.654303], [37.176639, 55.65525], [37.17639412874268, 55.65476341259104], [37.176286874846895, 55.65751366157147], [37.182764, 55.658474], [37.181011, 55.659583], [37.1762469827057, 55.65853659243893], [37.17610802961843, 55.66209968526433], [37.176613, 55.664376], [37.17602827066088, 55.664144897609255], [37.175697652854545, 55.67262273683473], [37.173999477383, 55.67564046391772], [37.179278, 55.676464], [37.183601, 55.678778], [37.187151, 55.67849], [37.187505, 55.680717], [37.180683, 55.682473], [37.188482, 55.682963], [37.188287, 55.686606], [37.193426, 55.684794], [37.190236, 55.680503], [37.193889, 55.677809], [37.216153, 55.680979], [37.231886, 55.681096], [37.239351, 55.68668], [37.244629, 55.688301], [37.235338, 55.691055], [37.228451, 55.69053], [37.22676, 55.688612], [37.228916, 55.685753], [37.225881, 55.685549], [37.223282, 55.689902], [37.227605, 55.692844], [37.227237, 55.696234], [37.210869, 55.689114], [37.211154, 55.685446], [37.205339, 55.687902], [37.198287, 55.687494], [37.198267, 55.689075], [37.205733, 55.69007], [37.212744, 55.694127], [37.203743, 55.695751], [37.204255, 55.697189], [37.2088, 55.696444], [37.212956, 55.698006], [37.207276, 55.701955], [37.209763, 55.70399], [37.214914, 55.701417], [37.217682, 55.69648], [37.221641, 55.696642], [37.224176, 55.700377], [37.22127, 55.701097], [37.217527, 55.707083], [37.20771, 55.709315], [37.206098, 55.706847], [37.209219, 55.705528], [37.202887, 55.704343], [37.200314, 55.706759], [37.204312, 55.710773], [37.192328, 55.712321], [37.194524, 55.714853], [37.19296116142157, 55.716721016759536], [37.19766596327136, 55.7186859024533], [37.19612, 55.717506]]]}}, {"type": "Feature", "properties": {"lobe_id": "школа-на-проспекте-в-dri40-1", "school_id": "школа-на-проспекте-вернадского", "mode": "driving", "min": 40, "azimuth": 180.1, "width_deg": 25, "r_max_km": 36.8, "area_km2": 74.98, "elongation": 2.9, "zone_share": 0.1463, "thr_km": 28.38, "k_mad": 3, "suspicious": ""}, "geometry": {"type": "MultiPolygon", "coordinates": [[[[37.200256, 55.714844], [37.224119, 55.709176], [37.226617, 55.70767], [37.227209, 55.701839], [37.231685, 55.698547], [37.237917, 55.697513], [37.246581, 55.691467], [37.265294, 55.694092], [37.264283, 55.703225], [37.2684375149565, 55.710938681735506], [37.3754816562196, 55.68720756695028], [37.372149, 55.685066], [37.374242, 55.681935], [37.368726, 55.683128], [37.366386, 55.681161], [37.375349, 55.679705], [37.373279, 55.675326], [37.377608, 55.674496], [37.376033, 55.671533], [37.369039, 55.672907], [37.365276, 55.677945], [37.362715, 55.674823], [37.358662, 55.674836], [37.354933, 55.680548], [37.354609, 55.678746], [37.345148, 55.674995], [37.331284, 55.680146], [37.334311, 55.684402], [37.332868, 55.685731], [37.329896, 55.682308], [37.326107, 55.681867], [37.324753, 55.678376], [37.332212, 55.678075], [37.344843, 55.672564], [37.338933, 55.671815], [37.334805, 55.673676], [37.329355, 55.672259], [37.331663, 55.668689], [37.336927, 55.66627], [37.330683, 55.666286], [37.329229, 55.662531], [37.326952, 55.663001], [37.327714, 55.668835], [37.325345, 55.672236], [37.32095, 55.67208], [37.324261, 55.670135], [37.323459, 55.667116], [37.315586, 55.671549], [37.309601, 55.665544], [37.310555, 55.662411], [37.307405, 55.661056], [37.31228, 55.661322], [37.312642, 55.659596], [37.306059, 55.658163], [37.302894, 55.659901], [37.300483, 55.657796], [37.30259, 55.656181], [37.300885, 55.653057], [37.298013, 55.656171], [37.285658, 55.653781], [37.284411, 55.659784], [37.277328, 55.659136], [37.27842, 55.66148], [37.274907, 55.666857], [37.271012, 55.667694], [37.267074, 55.665534], [37.266755, 55.661922], [37.25415, 55.661289], [37.25016, 55.660495], [37.250042, 55.659155], [37.256731, 55.657219], [37.262883, 55.652201], [37.275025, 55.654887], [37.27932, 55.654708], [37.279331, 55.652477], [37.275485, 55.651059], [37.271018, 55.651951], [37.260692, 55.650495], [37.254497, 55.655218], [37.24713, 55.657245], [37.241093, 55.655617], [37.236474, 55.656606], [37.232797, 55.65117], [37.245902, 55.646813], [37.241027, 55.645411], [37.234243, 55.645836], [37.233343, 55.64825], [37.22885, 55.649622], [37.225326, 55.648078], [37.230356, 55.646501], [37.227881, 55.645178], [37.220129, 55.64729], [37.222026, 55.649979], [37.216969, 55.652704], [37.217326, 55.64873], [37.214204, 55.646177], [37.218562, 55.641664], [37.209774, 55.64045], [37.212732, 55.637689], [37.207354, 55.634755], [37.204025, 55.63618], [37.205876, 55.637309], [37.200863, 55.639282], [37.1961, 55.636258], [37.190029, 55.641002], [37.198264, 55.642183], [37.204494, 55.646634], [37.199521, 55.648081], [37.201288, 55.651231], [37.185826, 55.650054], [37.180022, 55.640298], [37.18296, 55.62668], [37.176613, 55.624126], [37.178231, 55.623418], [37.175449, 55.621853], [37.159623983607595, 55.622048964791304], [37.15936611869345, 55.623511389390835], [37.15808248450878, 55.62592750871049], [37.159454, 55.626339], [37.164324, 55.626171], [37.165597, 55.624489], [37.17573, 55.625242], [37.176003, 55.646819], [37.18419, 55.652941], [37.192903, 55.654537], [37.193685, 55.657313], [37.197589, 55.65777], [37.19374, 55.659165], [37.192072, 55.656282], [37.1882, 55.654952], [37.183679, 55.656681], [37.18164, 55.654381], [37.177694, 55.654018], [37.181681, 55.653272], [37.179286, 55.651828], [37.168069, 55.649074], [37.162809, 55.652246], [37.15835, 55.65105], [37.157169, 55.652999], [37.146251, 55.652308], [37.146222568506154, 55.652313956294876], [37.147445153747015, 55.65387100312725], [37.159379, 55.65441], [37.160708, 55.656132], [37.162866, 55.655101], [37.170852, 55.657225], [37.171461, 55.661056], [37.165847, 55.66388], [37.17001, 55.671212], [37.164732, 55.674084], [37.164557940347464, 55.67566532002137], [37.166830661548666, 55.678559787604435], [37.172943278448024, 55.68248382693925], [37.181485, 55.684295], [37.188304, 55.68985], [37.199618, 55.688793], [37.203099, 55.68996], [37.20291, 55.705162], [37.20077231708467, 55.70672379850926], [37.20072082947331, 55.70697978583255], [37.204396, 55.710429], [37.19980439092828, 55.711536156654994], [37.19871115967912, 55.71697150962305], [37.200256, 55.714844]]], [[[37.210335, 55.721168], [37.204327, 55.720984], [37.1985469081679, 55.7177881391694], [37.19792352550471, 55.72088748783072], [37.200952, 55.722243], [37.208049, 55.722457], [37.209682169165866, 55.72396442829903], [37.21029370953168, 55.723828853063935], [37.210335, 55.721168]]], [[[37.16299, 55.603277], [37.162309, 55.607499], [37.16207742934663, 55.60813478257613], [37.15978510274535, 55.62113521275456], [37.167782, 55.618383], [37.165813, 55.615617], [37.170337, 55.614656], [37.166753, 55.61173], [37.172899, 55.611084], [37.164953, 55.608648], [37.164108, 55.601494], [37.1632409751037, 55.60153598667779], [37.162937695315485, 55.60325597182694], [37.16299, 55.603277]]], [[[37.398573, 55.681135], [37.400666, 55.671578], [37.396561, 55.670923], [37.392872, 55.675345], [37.389791, 55.673455], [37.388236, 55.674703], [37.385091, 55.673419], [37.381624, 55.674817], [37.381604, 55.676493], [37.384849, 55.676606], [37.386034, 55.678422], [37.382722, 55.680626], [37.38175438642203, 55.6858169361442], [37.3997774087048, 55.681821328299414], [37.398573, 55.681135]]], [[[37.40112, 55.681274], [37.40107697666145, 55.681533221019684], [37.40224624711925, 55.681274], [37.40112, 55.681274]]], [[[37.320536, 55.632123], [37.334509, 55.634256], [37.335053, 55.63727], [37.328105, 55.642238], [37.334429, 55.643387], [37.333759, 55.646725], [37.338042, 55.649369], [37.335254, 55.65141], [37.34376, 55.653917], [37.340158, 55.656658], [37.338769, 55.65584], [37.338856, 55.657842], [37.347925, 55.65743], [37.356043, 55.655179], [37.359125, 55.656723], [37.365305, 55.654926], [37.369197, 55.653213], [37.365101, 55.651316], [37.367562, 55.648681], [37.372262, 55.651974], [37.370344, 55.653658], [37.372552, 55.654394], [37.374544, 55.653246], [37.374104, 55.656259], [37.380836, 55.656213], [37.380164, 55.653223], [37.382616, 55.654605], [37.381774, 55.65694], [37.387451, 55.658928], [37.39627, 55.657777], [37.405558, 55.66041], [37.388486, 55.65923], [37.385996, 55.662369], [37.382524, 55.663024], [37.378867, 55.657929], [37.372147, 55.657832], [37.370775, 55.65536], [37.366708, 55.655377], [37.365506, 55.658983], [37.368973, 55.660916], [37.375654, 55.661039], [37.37701, 55.664814], [37.388647, 55.666173], [37.392835, 55.662992], [37.398584, 55.662975], [37.418189, 55.666883], [37.40803, 55.673497], [37.406883, 55.677151], [37.408996, 55.676606], [37.407981, 55.678473], [37.40946825544147, 55.6796729193014], [37.475225, 55.665095], [37.31256635989974, 55.62903444765701], [37.320536, 55.632123]]], [[[37.298203, 55.626641], [37.30201291873563, 55.62669480607841], [37.299057277668446, 55.62603955622913], [37.298203, 55.626641]]]]}}, {"type": "Feature", "properties": {"lobe_id": "школа-1329-dri40-1", "school_id": "школа-1329", "mode": "driving", "min": 40, "azimuth": 185.0, "width_deg": 15, "r_max_km": 41.84, "area_km2": 60.57, "elongation": 4.9, "zone_share": 0.1183, "thr_km": 32.31, "k_mad": 3, "suspicious": ""}, "geometry": {"type": "Polygon", "coordinates": [[[37.168084, 55.682156], [37.17006309963532, 55.6827251528363], [37.466281, 55.669792], [37.33082740001615, 55.63976265984781], [37.32456, 55.642949], [37.326041, 55.64605], [37.321513, 55.645486], [37.328378, 55.646401], [37.333288, 55.64276], [37.332609, 55.646725], [37.336953, 55.649392], [37.334978, 55.651316], [37.336795, 55.652898], [37.333742, 55.653949], [37.333339, 55.657958], [37.331347, 55.657819], [37.331865, 55.65561], [37.326233, 55.656256], [37.31965, 55.661108], [37.306531, 55.657546], [37.302883, 55.65861], [37.303656, 55.653979], [37.300885, 55.652409], [37.298206, 55.65392], [37.298614, 55.656087], [37.276635, 55.651059], [37.272527, 55.651676], [37.264093, 55.649801], [37.259468, 55.650021], [37.257343, 55.653369], [37.247052, 55.657216], [37.241093, 55.655542], [37.236474, 55.656596], [37.234763, 55.651338], [37.246127, 55.647007], [37.231877, 55.642034], [37.226148, 55.645859], [37.222696, 55.645272], [37.218979, 55.64729], [37.220931, 55.650446], [37.216958, 55.652684], [37.214379, 55.646161], [37.218766, 55.641807], [37.212571, 55.637699], [37.216259, 55.635141], [37.210844, 55.632805], [37.213727, 55.631792], [37.208811, 55.631095], [37.205551, 55.630942], [37.201728, 55.632993], [37.203933, 55.636404], [37.201136, 55.637848], [37.196264, 55.636235], [37.188879, 55.641002], [37.190218, 55.644347], [37.196991, 55.641966], [37.204384, 55.646693], [37.199299, 55.647857], [37.201211, 55.651277], [37.18584, 55.65005], [37.180054, 55.640298], [37.183167, 55.626625], [37.174767, 55.622379], [37.161389, 55.621438], [37.169124, 55.618815], [37.166097, 55.615539], [37.171424, 55.615568], [37.167348, 55.61161], [37.180048, 55.611464], [37.183601, 55.613243], [37.183589, 55.611045], [37.187165, 55.610574], [37.187444, 55.609139], [37.18464949947051, 55.60735579950049], [37.18099875209657, 55.60654644829303], [37.178987, 55.608749], [37.167219, 55.608642], [37.165899, 55.604608], [37.170849, 55.605502], [37.171459129355554, 55.60443156484772], [37.153315849370856, 55.600409296512275], [37.151098, 55.600529], [37.151141, 55.602137], [37.158218, 55.602361], [37.161101, 55.603982], [37.160917, 55.607992], [37.157155, 55.607619], [37.154475, 55.609132], [37.158612, 55.613204], [37.156082, 55.613958], [37.152848, 55.611587], [37.144506, 55.610756], [37.141083, 55.612772], [37.135986, 55.613087], [37.143466, 55.61813], [37.144449, 55.620941], [37.129645, 55.619646], [37.128408, 55.61801], [37.125048, 55.618996], [37.119106, 55.616659], [37.108904, 55.616448], [37.101882, 55.61413], [37.108039, 55.603917], [37.118319, 55.603452], [37.113297, 55.601932], [37.117025, 55.601305], [37.115763, 55.595718], [37.104529, 55.603436], [37.09697402794874, 55.60201399126638], [37.09691393916105, 55.60235477171557], [37.098581, 55.60328], [37.096566751285216, 55.60432377200379], [37.09539705354289, 55.61095745754427], [37.098918, 55.611691], [37.09522846670334, 55.61191356102244], [37.09429634624409, 55.61719987883666], [37.095207, 55.61685], [37.097759, 55.618652], [37.09402125863831, 55.626314148623344], [37.094098913111104, 55.627556360981515], [37.096684, 55.62867], [37.094684, 55.631857], [37.09746, 55.639263], [37.102232, 55.637845], [37.103994, 55.632357], [37.107769, 55.631893], [37.100266, 55.627307], [37.102066, 55.619256], [37.121771, 55.621331], [37.11768, 55.624716], [37.120322, 55.62559], [37.122576, 55.62386], [37.124999, 55.626882], [37.126684, 55.624716], [37.124815, 55.622805], [37.127224, 55.621938], [37.133008, 55.624551], [37.137616, 55.62273], [37.145785, 55.623626], [37.146105, 55.634879], [37.142802, 55.641258], [37.145397, 55.644289], [37.148755, 55.644717], [37.147346, 55.638987], [37.155326, 55.630501], [37.154139, 55.627294], [37.156873, 55.625285], [37.17561, 55.625311], [37.175931, 55.646991], [37.184115, 55.652983], [37.192872, 55.65454], [37.193665, 55.657952], [37.197477, 55.657855], [37.19401, 55.659194], [37.190862, 55.655435], [37.187852, 55.654838], [37.183687, 55.656622], [37.181859, 55.654254], [37.177757, 55.653982], [37.18156, 55.652684], [37.168561, 55.649145], [37.166353, 55.643325], [37.162835, 55.65224], [37.149085, 55.647854], [37.146541, 55.648889], [37.155096, 55.652088], [37.14576, 55.652357], [37.133005, 55.655425], [37.124965, 55.650972], [37.125611, 55.653888], [37.129943, 55.656505], [37.127537, 55.657965], [37.113196, 55.657018], [37.113196, 55.65861], [37.117013, 55.659376], [37.128963, 55.659424], [37.140315, 55.655659], [37.141951, 55.659924], [37.150255, 55.667107], [37.151877, 55.665654], [37.144196, 55.655068], [37.153314, 55.654345], [37.156686, 55.657332], [37.159469, 55.655656], [37.161179, 55.656817], [37.166339, 55.655756], [37.171717, 55.657819], [37.169268, 55.659437], [37.171217, 55.661017], [37.165709, 55.664276], [37.169993, 55.666886], [37.168029, 55.66819], [37.169958, 55.671218], [37.166796, 55.672693], [37.164137, 55.677955], [37.15899343220319, 55.67866331628605], [37.16800345666839, 55.682230834815705], [37.168084, 55.682156]]]}}, {"type": "Feature", "properties": {"lobe_id": "школа-1534-академиче-dri40-1", "school_id": "школа-1534-академическая-школа-1534", "mode": "driving", "min": 40, "azimuth": 168.5, "width_deg": 50, "r_max_km": 44.18, "area_km2": 159.56, "elongation": 2.2, "zone_share": 0.3263, "thr_km": 24.93, "k_mad": 3, "suspicious": ""}, "geometry": {"type": "MultiPolygon", "coordinates": [[[[37.394698, 55.81453], [37.401171, 55.813987], [37.400142, 55.813183], [37.403632, 55.811852], [37.399714, 55.811655], [37.397219, 55.809303], [37.396977, 55.806747], [37.400151, 55.804783], [37.394563, 55.804133], [37.39364, 55.798317], [37.394893, 55.79558], [37.402508, 55.795049], [37.402333, 55.793647], [37.397317, 55.793301], [37.398699, 55.792231], [37.405794, 55.79301], [37.406774, 55.796], [37.41037, 55.795247], [37.410655, 55.793475], [37.400522, 55.785359], [37.397308, 55.779617], [37.409042, 55.773027], [37.418169, 55.775258], [37.433045, 55.773545], [37.438929, 55.775022], [37.445834, 55.778285], [37.435799, 55.774583], [37.429305, 55.774644], [37.430389, 55.777228], [37.438964, 55.779569], [37.420477, 55.784861], [37.415335, 55.783222], [37.418431, 55.78072], [37.409074, 55.779837], [37.406374, 55.778133], [37.405072, 55.782782], [37.411767, 55.784777], [37.408591, 55.787331], [37.411336, 55.791439], [37.414998, 55.791368], [37.421417, 55.78726], [37.429271, 55.785821], [37.43664191426979, 55.78826050682056], [37.574112, 55.682776], [37.44024074585558, 55.653097457474864], [37.438444, 55.654631], [37.434882, 55.653888], [37.43525213153009, 55.651991508304924], [37.4344327727233, 55.65180986083067], [37.429414, 55.652467], [37.430104, 55.656509], [37.434643, 55.656518], [37.432226, 55.659256], [37.429725, 55.659966], [37.427368, 55.658283], [37.41923, 55.659139], [37.420762, 55.658234], [37.415605, 55.657313], [37.414719, 55.654089], [37.41429276810827, 55.65442145256423], [37.413032380519006, 55.6615694657849], [37.40676445258871, 55.661673185210375], [37.406403, 55.663147], [37.418416, 55.666734], [37.414705, 55.671218], [37.42165, 55.66795], [37.424102, 55.668679], [37.419517, 55.676091], [37.409361, 55.67719], [37.411468, 55.681112], [37.40659, 55.683222], [37.403514, 55.681012], [37.400884, 55.682554], [37.398167, 55.681089], [37.397771, 55.67258], [37.395253, 55.675144], [37.389998, 55.674376], [37.383426, 55.675812], [37.386505, 55.678237], [37.379753, 55.686402], [37.381561, 55.687617], [37.380236, 55.690307], [37.371942, 55.684998], [37.373627, 55.682285], [37.368731, 55.683206], [37.36621, 55.681151], [37.374745, 55.679358], [37.372693, 55.675961], [37.376004, 55.673377], [37.37476, 55.67257], [37.365291, 55.67812], [37.360398, 55.675164], [37.355606, 55.679271], [37.355991, 55.682081], [37.344683, 55.675705], [37.34384, 55.677919], [37.347537, 55.679644], [37.345447, 55.681342], [37.350682, 55.682882], [37.350282, 55.683877], [37.346562, 55.682862], [37.348465, 55.685689], [37.34315, 55.686185], [37.343553, 55.689565], [37.33958, 55.693162], [37.336484, 55.691273], [37.325995, 55.69033], [37.323419, 55.688236], [37.324155, 55.685543], [37.3217, 55.684784], [37.318115, 55.686068], [37.315511, 55.682956], [37.308672, 55.686389], [37.308658, 55.687786], [37.312679, 55.687474], [37.313349, 55.689049], [37.319475, 55.690887], [37.314281, 55.693897], [37.313602, 55.698728], [37.309503, 55.700604], [37.317072, 55.701252], [37.315005, 55.702548], [37.315948, 55.707048], [37.312447, 55.707786], [37.308414, 55.702192], [37.299209, 55.697011], [37.275485, 55.690874], [37.277948, 55.685533], [37.283637, 55.687854], [37.285969, 55.687241], [37.297467, 55.689993], [37.293583, 55.6874], [37.295863, 55.685465], [37.300563, 55.685465], [37.296326, 55.681974], [37.287504, 55.679248], [37.292083, 55.678548], [37.280467, 55.669633], [37.286483, 55.667515], [37.283151, 55.666205], [37.284291947777476, 55.66369981633586], [37.28092399516585, 55.66375554800888], [37.278176, 55.667045], [37.271863, 55.667399], [37.271863, 55.668981], [37.275105, 55.668624], [37.272579, 55.671649], [37.261687, 55.667924], [37.258384, 55.668475], [37.270233, 55.673157], [37.268609, 55.675491], [37.256099, 55.672975], [37.253828, 55.670547], [37.250551, 55.674172], [37.242651, 55.676259], [37.24042, 55.672709], [37.247509, 55.67187], [37.237644, 55.669036], [37.235335, 55.670469], [37.231394, 55.670174], [37.233863, 55.672055], [37.231687, 55.674441], [37.233412, 55.675945], [37.231558, 55.676139], [37.225944, 55.670741], [37.22685295617967, 55.66465029618738], [37.22137802425578, 55.66474089339909], [37.222207, 55.666461], [37.219841, 55.671747], [37.2244, 55.677235], [37.220439, 55.678068], [37.216843, 55.676353], [37.200297, 55.675637], [37.194278719964316, 55.67474567578419], [37.20407226145294, 55.68020284769865], [37.22674, 55.68212], [37.23186, 55.681044], [37.244666, 55.688294], [37.228672, 55.690829], [37.22672, 55.688936], [37.228824, 55.686992], [37.225863, 55.686194], [37.22340414971849, 55.6909749915466], [37.22448050504239, 55.691574759878655], [37.227554, 55.692556], [37.22749458466657, 55.69325426985899], [37.23441443847607, 55.69711016120384], [37.243413, 55.692481], [37.247903, 55.691904], [37.265171, 55.693975], [37.266611, 55.695456], [37.264441, 55.702551], [37.268922, 55.711569], [37.266522, 55.716256], [37.26215998513951, 55.71753513420921], [37.26612417518949, 55.720475196537905], [37.275844, 55.724426], [37.27549723553119, 55.72542684116147], [37.27956910324242, 55.72711432419447], [37.283028, 55.724241], [37.274944, 55.721974], [37.283008, 55.721324], [37.282766, 55.719151], [37.27873, 55.719585], [37.275864, 55.716006], [37.272406, 55.720181], [37.268373, 55.718707], [37.273668, 55.714853], [37.271803, 55.713778], [37.273918, 55.712042], [37.271903, 55.707508], [37.273688, 55.705788], [37.270684, 55.700821], [37.274439, 55.698333], [37.297714, 55.702389], [37.297375, 55.706921], [37.302003, 55.704932], [37.310135, 55.708985], [37.308215, 55.715938], [37.312107, 55.72019], [37.31894, 55.723454], [37.308894, 55.730208], [37.311521, 55.730545], [37.321582, 55.725005], [37.327058, 55.728605], [37.331152, 55.728625], [37.325903, 55.725374], [37.325837, 55.723208], [37.331655, 55.726601], [37.34138, 55.726485], [37.349213, 55.729726], [37.344108, 55.734338], [37.3457, 55.73609], [37.347597, 55.7334], [37.353551, 55.731033], [37.36638, 55.731007], [37.367576, 55.732238], [37.368685, 55.731024], [37.371031, 55.731046], [37.370108, 55.733866], [37.373391, 55.734902], [37.370226, 55.735772], [37.366607, 55.742663], [37.365201, 55.76218], [37.346795, 55.758272], [37.342708, 55.754105], [37.330824, 55.748152], [37.311326, 55.746718], [37.31076142705929, 55.74643207698897], [37.30761577958585, 55.75656466182421], [37.309204, 55.755794], [37.309811, 55.752898], [37.317184, 55.754202], [37.31671, 55.757085], [37.321479, 55.758492], [37.323111, 55.75758], [37.3199, 55.752423], [37.328458, 55.751044], [37.342854, 55.761141], [37.36304, 55.765954], [37.364187, 55.768613], [37.360277, 55.768089], [37.358676, 55.769441], [37.36421, 55.771168], [37.359602, 55.773134], [37.356244520191375, 55.7738289968874], [37.356878042862775, 55.795860840346606], [37.356891303179594, 55.795870611753365], [37.358104, 55.795007], [37.368881, 55.798892], [37.372664, 55.805012], [37.372756210329676, 55.80756131742294], [37.37529810752681, 55.80943441833004], [37.37705940535016, 55.811246587571404], [37.380448, 55.811794], [37.384137, 55.816639], [37.38393370066435, 55.818319432583344], [37.38971560232227, 55.82426833242422], [37.39519121524852, 55.82006674685018], [37.394698, 55.81453]]], [[[37.354157, 55.770518], [37.346879, 55.767717], [37.34317699928937, 55.77174886503989], [37.347213763226186, 55.77214507534332], [37.34681, 55.771753], [37.349892548861945, 55.77240799942959], [37.35156528694608, 55.77257217946941], [37.354157, 55.770518]]], [[[37.307784, 55.762969], [37.309405, 55.76205], [37.30637161269809, 55.760572303063675], [37.30579786891533, 55.76242041465331], [37.307784, 55.762969]]], [[[37.305243, 55.733125], [37.303561, 55.732163], [37.29912040087795, 55.7352168671484], [37.301592209015894, 55.73624124578479], [37.305243, 55.733125]]], [[[37.235447, 55.66651], [37.244442, 55.665327], [37.254952, 55.66852], [37.256317, 55.667373], [37.24817272365633, 55.66429750431444], [37.23403045512745, 55.66453152550662], [37.235447, 55.66651]]]]}}, {"type": "Feature", "properties": {"lobe_id": "лицей-1533-лит-dri40-1", "school_id": "лицей-1533-лит", "mode": "driving", "min": 40, "azimuth": 180.3, "width_deg": 25, "r_max_km": 45.14, "area_km2": 114.45, "elongation": 3.7, "zone_share": 0.2151, "thr_km": 28.86, "k_mad": 3, "suspicious": ""}, "geometry": {"type": "MultiPolygon", "coordinates": [[[[37.222974, 55.709176], [37.228916, 55.703782], [37.22718, 55.701819], [37.245511, 55.69146], [37.265116, 55.694506], [37.264294, 55.702992], [37.268816, 55.711579], [37.266459, 55.716194], [37.262886, 55.716408], [37.260965, 55.718539], [37.275887, 55.725643], [37.269839, 55.725118], [37.26716, 55.726511], [37.270279, 55.728456], [37.270566, 55.73384], [37.267393, 55.737436], [37.258444, 55.736604], [37.256932, 55.738329], [37.272102, 55.740453], [37.282548, 55.748135], [37.285227, 55.747197], [37.284848, 55.7451], [37.289861, 55.745993], [37.289292, 55.748155], [37.28641123620775, 55.749339545690745], [37.5437, 55.6923], [37.39714876669739, 55.65981037377308], [37.389779, 55.659282], [37.382532, 55.663073], [37.378494, 55.65814], [37.372244, 55.657958], [37.371293, 55.65572], [37.367642, 55.655639], [37.36596, 55.658464], [37.3696, 55.661198], [37.375475, 55.661451], [37.377608, 55.664477], [37.386333, 55.666059], [37.392941, 55.662901], [37.398234, 55.662898], [37.418238, 55.666896], [37.408231, 55.67398], [37.406958, 55.676418], [37.409036, 55.67658], [37.408111, 55.678402], [37.41133, 55.681151], [37.406665, 55.683135], [37.404782, 55.68129], [37.400918, 55.682486], [37.398533, 55.681125], [37.400137, 55.671649], [37.396816, 55.671066], [37.392867, 55.675365], [37.389423, 55.67353], [37.381909, 55.674976], [37.386088, 55.67837], [37.38276, 55.680927], [37.380227, 55.690278], [37.372057, 55.685011], [37.37396, 55.682097], [37.368726, 55.683154], [37.366331, 55.681157], [37.375165, 55.679245], [37.373207, 55.675345], [37.377511, 55.673381], [37.375237, 55.671711], [37.369565, 55.673206], [37.365279, 55.677981], [37.364529, 55.675747], [37.359102, 55.675086], [37.354982, 55.680733], [37.350328, 55.678153], [37.348034, 55.681414], [37.343429, 55.678337], [37.337663, 55.68202], [37.333943, 55.679712], [37.333069, 55.685925], [37.320668, 55.677861], [37.322456, 55.681965], [37.327892, 55.684733], [37.32801, 55.687581], [37.331152, 55.688077], [37.333014, 55.69088], [37.328501, 55.690948], [37.323712, 55.688268], [37.326443, 55.68716], [37.325385, 55.686146], [37.314623, 55.682191], [37.312007, 55.682516], [37.310834, 55.685903], [37.297398, 55.683511], [37.299988, 55.679702], [37.284569, 55.672875], [37.289651, 55.67223], [37.290243, 55.667376], [37.295636, 55.666487], [37.286673, 55.663647], [37.291229, 55.662998], [37.287673, 55.660076], [37.289369, 55.656729], [37.277624, 55.662204], [37.274689, 55.667035], [37.270966, 55.667807], [37.263759, 55.665975], [37.27355, 55.669341], [37.27215, 55.671568], [37.258142, 55.667603], [37.255938, 55.663384], [37.251493, 55.66509], [37.246664, 55.663653], [37.248024, 55.662262], [37.254032, 55.661889], [37.249944, 55.659142], [37.256579, 55.657151], [37.262656, 55.652464], [37.271164, 55.653294], [37.269785, 55.651929], [37.260698, 55.651059], [37.254043, 55.655399], [37.24686, 55.657349], [37.241093, 55.655779], [37.236456, 55.656638], [37.235623, 55.653758], [37.231506, 55.651328], [37.232328, 55.649204], [37.228399, 55.649843], [37.222402, 55.646638], [37.221074, 55.648023], [37.224093, 55.650187], [37.21699, 55.652753], [37.216055, 55.648565], [37.21258, 55.64679], [37.217196, 55.643383], [37.214638, 55.642556], [37.21003, 55.643646], [37.208463, 55.641901], [37.202763, 55.641359], [37.200734, 55.643056], [37.198164, 55.642222], [37.204675, 55.64678], [37.199319, 55.648081], [37.203393, 55.650809], [37.191664, 55.6514], [37.185806, 55.650063], [37.179933, 55.640301], [37.183874, 55.627161], [37.174299, 55.622503], [37.155993, 55.622159], [37.156881, 55.618717], [37.164373, 55.616484], [37.164212, 55.613672], [37.149991, 55.618058], [37.153032, 55.621603], [37.148821, 55.621633], [37.147082, 55.616773], [37.14563845169555, 55.61664879772894], [37.14508258442551, 55.61980127767163], [37.146067, 55.620824], [37.14476302578872, 55.62161358475873], [37.1444608527298, 55.62332729333418], [37.148344, 55.623204], [37.150218, 55.63041], [37.152935, 55.62991], [37.152081, 55.627368], [37.154872, 55.624499], [37.158899, 55.625681], [37.175607, 55.625311], [37.176981, 55.637481], [37.173847, 55.641907], [37.180146, 55.650355], [37.194306, 55.655033], [37.209993, 55.653833], [37.211338, 55.657177], [37.210042, 55.658536], [37.206333, 55.657923], [37.208127, 55.656515], [37.206494, 55.6556], [37.195203, 55.6556], [37.193688, 55.656681], [37.197698, 55.65778], [37.19434, 55.659324], [37.190756, 55.655737], [37.1882, 55.655004], [37.184003, 55.656963], [37.18158, 55.65441], [37.177449, 55.654131], [37.179421, 55.652671], [37.177748, 55.651708], [37.172979, 55.65247], [37.170947, 55.654796], [37.153441, 55.652477], [37.15595, 55.654773], [37.159848, 55.654099], [37.160708, 55.655484], [37.1679, 55.655451], [37.171056, 55.65743], [37.180396, 55.657835], [37.179002, 55.659321], [37.172976, 55.658309], [37.171542, 55.660725], [37.173488, 55.662499], [37.169849, 55.662113], [37.166095, 55.664133], [37.170217, 55.666886], [37.168274, 55.66819], [37.170125, 55.671205], [37.16826457629844, 55.672576646635534], [37.170810918527806, 55.67575191676574], [37.171352, 55.675144], [37.187131, 55.678496], [37.185964, 55.681595], [37.17739198210563, 55.68200169811094], [37.179564078572575, 55.68404188527448], [37.179585, 55.684058], [37.188807, 55.682794], [37.1848, 55.68659], [37.196496, 55.685209], [37.19029, 55.680516], [37.193912, 55.677832], [37.206957, 55.680321], [37.231972, 55.681125], [37.23817, 55.686048], [37.24462, 55.688294], [37.236086, 55.690511], [37.228494, 55.690453], [37.22691, 55.688298], [37.229974, 55.684399], [37.225875, 55.684256], [37.223397, 55.691305], [37.227548, 55.692857], [37.227235, 55.696201], [37.214923, 55.689432], [37.210973, 55.689062], [37.211137, 55.685429], [37.20504, 55.6881], [37.197002, 55.687335], [37.193625, 55.688959], [37.204361, 55.689801], [37.211953, 55.693282], [37.207742, 55.694332], [37.206862, 55.692028], [37.203827, 55.692235], [37.202887, 55.698158], [37.208854, 55.696441], [37.212051, 55.699775], [37.207276, 55.701955], [37.209148, 55.703999], [37.206618, 55.704709], [37.203206, 55.702917], [37.201693438507725, 55.70482735072885], [37.2041401778862, 55.70712550200734], [37.20402815021946, 55.71006601630999], [37.204459, 55.710488], [37.20400797640387, 55.710595540801464], [37.20388049650502, 55.713941646962034], [37.222974, 55.709176]]], [[[37.382265, 55.656674], [37.388345, 55.658672], [37.39063453931354, 55.65836620433083], [37.38232715642035, 55.65652450188288], [37.382265, 55.656674]]]]}}, {"type": "Feature", "properties": {"lobe_id": "школа-1448-шуваловск-dri20-1", "school_id": "школа-1448-шуваловская-школа-1448", "mode": "driving", "min": 20, "azimuth": 14.9, "width_deg": 15, "r_max_km": 13.99, "area_km2": 9.77, "elongation": 4.6, "zone_share": 0.1018, "thr_km": 10.91, "k_mad": 3, "suspicious": ""}, "geometry": {"type": "Polygon", "coordinates": [[[37.602538, 55.717065], [37.599775, 55.7186], [37.589211, 55.711187], [37.5956466137069, 55.710757806727926], [37.594375186287294, 55.70994090436389], [37.493322, 55.696637], [37.565647143990695, 55.72659505554154], [37.565582, 55.726472], [37.576776, 55.726349], [37.577092, 55.728609], [37.572423, 55.729276], [37.57258334095409, 55.72946812239506], [37.580488150457846, 55.7327424016995], [37.581453, 55.732629], [37.584919, 55.73385], [37.584106, 55.731697], [37.589809, 55.731535], [37.588915, 55.734908], [37.592181, 55.734937], [37.589732365092964, 55.73657148077485], [37.5915710497912, 55.737333088913786], [37.592842, 55.736701], [37.595722867860225, 55.73824417703254], [37.59595903285028, 55.73759531905509], [37.594911, 55.735144], [37.59708966999409, 55.73448891903288], [37.597361916817995, 55.733740927031675], [37.594521, 55.729127], [37.578943, 55.714815], [37.58487, 55.712768], [37.584623, 55.714358], [37.589611, 55.71544], [37.596702, 55.720731], [37.593833, 55.723441], [37.596395, 55.724782], [37.600057, 55.722538], [37.60674878129001, 55.72708070663898], [37.61226964571293, 55.725142416149474], [37.609972, 55.724707], [37.60762, 55.721505], [37.60972971787315, 55.719806314656154], [37.60763988787581, 55.71846358204009], [37.602538, 55.717065]]]}}, {"type": "Feature", "properties": {"lobe_id": "школа-1448-шуваловск-dri20-2", "school_id": "школа-1448-шуваловская-школа-1448", "mode": "driving", "min": 20, "azimuth": 165.0, "width_deg": 15, "r_max_km": 14.6, "area_km2": 5.54, "elongation": 5.8, "zone_share": 0.0577, "thr_km": 10.91, "k_mad": 3, "suspicious": ""}, "geometry": {"type": "MultiPolygon", "coordinates": [[[[37.381414, 55.728894], [37.392108, 55.730179], [37.409361, 55.727637], [37.41753445986114, 55.72802922698441], [37.4260031864446, 55.724521365577516], [37.423918, 55.722758], [37.419307, 55.726174], [37.408806, 55.726585], [37.410051, 55.71657], [37.406211, 55.717515], [37.406935, 55.720851], [37.403649, 55.722204], [37.399829, 55.721728], [37.398142, 55.723302], [37.405768, 55.727242], [37.391326, 55.729308], [37.38259434686127, 55.72810495727379], [37.38004127523671, 55.72952280827363], [37.381414, 55.728894]]], [[[37.373989856785826, 55.732883469846314], [37.37269592241761, 55.73360205765248], [37.372872120590536, 55.73556930578117], [37.374457107110395, 55.73539662956746], [37.373989856785826, 55.732883469846314]]], [[[37.419874, 55.709338], [37.417764, 55.711579], [37.420038, 55.714394], [37.422768, 55.713357], [37.427923, 55.715168], [37.435776, 55.7136], [37.436612, 55.714931], [37.432855, 55.715355], [37.432249, 55.717583], [37.428245, 55.717292], [37.425746, 55.719637], [37.428621, 55.721596], [37.43214016153847, 55.72197934726169], [37.493322, 55.696637], [37.418649331951485, 55.7064678432501], [37.419874, 55.709338]]], [[[37.404632, 55.714355], [37.406291, 55.710112], [37.413894142338805, 55.707093875839114], [37.40415925300114, 55.708375498334156], [37.404848, 55.709007], [37.402620033475074, 55.7125322807748], [37.40292313331328, 55.71425124537675], [37.404632, 55.714355]]]]}}, {"type": "Feature", "properties": {"lobe_id": "школа-1448-шуваловск-dri40-1", "school_id": "школа-1448-шуваловская-школа-1448", "mode": "driving", "min": 40, "azimuth": 183.0, "width_deg": 30, "r_max_km": 45.15, "area_km2": 118.04, "elongation": 3.1, "zone_share": 0.2147, "thr_km": 28.01, "k_mad": 3, "suspicious": ""}, "geometry": {"type": "MultiPolygon", "coordinates": [[[[37.153788, 55.681041], [37.159903, 55.681851], [37.1543, 55.688622], [37.15459, 55.690381], [37.15833, 55.691175], [37.16318, 55.688443], [37.167538, 55.68167], [37.176805, 55.684664], [37.180393, 55.684324], [37.189045, 55.690385], [37.199808, 55.6889], [37.203545, 55.69066], [37.203381, 55.696668], [37.200469, 55.698009], [37.202386, 55.698881], [37.20228, 55.704916], [37.200015, 55.706879], [37.204361, 55.710377], [37.196243, 55.71233], [37.196514, 55.709506], [37.191374, 55.708223], [37.187821, 55.710319], [37.194125, 55.714219], [37.188272, 55.718225], [37.1853, 55.71702], [37.189822, 55.713616], [37.183886, 55.708878], [37.181014, 55.709428], [37.178639, 55.715323], [37.174675, 55.712758], [37.167595, 55.712535], [37.166621, 55.71017], [37.163786, 55.71017], [37.161475, 55.715012], [37.170849, 55.714588], [37.180738, 55.718312], [37.175842, 55.723422], [37.168653, 55.722302], [37.165635, 55.723445], [37.171335, 55.725866], [37.164867, 55.730027], [37.1698, 55.730127], [37.176426, 55.725708], [37.181192, 55.724953], [37.186154, 55.725701], [37.182031, 55.727854], [37.186179, 55.728314], [37.187907, 55.731189], [37.19399, 55.728356], [37.192903, 55.730668], [37.201998, 55.728327], [37.223276, 55.735232], [37.226407, 55.734131], [37.21057, 55.726741], [37.212703, 55.725439], [37.220292, 55.727424], [37.22526, 55.723755], [37.2224, 55.72248], [37.219249, 55.725426], [37.214943, 55.723127], [37.212359, 55.723649], [37.209162, 55.719886], [37.205399, 55.720786], [37.200728, 55.719484], [37.199489, 55.716006], [37.211019, 55.71156], [37.217007, 55.711362], [37.224403, 55.708693], [37.228097, 55.704518], [37.227237, 55.701858], [37.232929, 55.697977], [37.239394, 55.696405], [37.244462, 55.692135], [37.24907, 55.691477], [37.254474, 55.693353], [37.265286, 55.694095], [37.264245, 55.703225], [37.26877, 55.711586], [37.266433, 55.716178], [37.26225, 55.716411], [37.260842, 55.718775], [37.275646, 55.724539], [37.275712, 55.725828], [37.269839, 55.724779], [37.26712, 55.726278], [37.269974, 55.72846], [37.270052, 55.734497], [37.266513, 55.737579], [37.252537, 55.735989], [37.24947, 55.736902], [37.257191, 55.739673], [37.272426, 55.740679], [37.27886324793098, 55.74418136069077], [37.493322, 55.696637], [37.411952868381775, 55.67098141134864], [37.408082, 55.673526], [37.406926, 55.677125], [37.409002, 55.676606], [37.40801, 55.678461], [37.41131, 55.681154], [37.406668, 55.683125], [37.405282, 55.681297], [37.40116, 55.681297], [37.400921, 55.682477], [37.398567, 55.681135], [37.400608, 55.67161], [37.396607, 55.670946], [37.392872, 55.675348], [37.389814, 55.673468], [37.38823, 55.674707], [37.385111, 55.673426], [37.381679, 55.674849], [37.386028, 55.678542], [37.382762, 55.680649], [37.38142, 55.68764], [37.379255, 55.688064], [37.380285, 55.688959], [37.380224, 55.690258], [37.372141, 55.68507], [37.374179, 55.681974], [37.368726, 55.683131], [37.366374, 55.681161], [37.375265, 55.67966], [37.37327, 55.675326], [37.377683, 55.674259], [37.376361, 55.671669], [37.369143, 55.672966], [37.365276, 55.677948], [37.36264, 55.674865], [37.358751, 55.674888], [37.354936, 55.680561], [37.354505, 55.678804], [37.34549, 55.675225], [37.331543, 55.680289], [37.33436, 55.684402], [37.333017, 55.685779], [37.326075, 55.681893], [37.324511, 55.678221], [37.331827, 55.678182], [37.344838, 55.672564], [37.338933, 55.671815], [37.334805, 55.673682], [37.329384, 55.672239], [37.333543, 55.667943], [37.328786, 55.665683], [37.325313, 55.67222], [37.315939, 55.671695], [37.30921, 55.665453], [37.307011, 55.665427], [37.305059, 55.662541], [37.304156, 55.663592], [37.305323, 55.66508], [37.307675, 55.665651], [37.307508, 55.668349], [37.312628, 55.67127], [37.332132, 55.690864], [37.326127, 55.690258], [37.324051, 55.685575], [37.315042, 55.682046], [37.311251, 55.682153], [37.306689, 55.685154], [37.297318, 55.68319], [37.300037, 55.679712], [37.284629, 55.672703], [37.293411, 55.671134], [37.298134, 55.672732], [37.297907, 55.668897], [37.295463, 55.66819], [37.299603, 55.665599], [37.295814, 55.661763], [37.298007, 55.660751], [37.303308, 55.662483], [37.304757, 55.661746], [37.299988, 55.657689], [37.289283, 55.654303], [37.277543, 55.652821], [37.275485, 55.651059], [37.272185, 55.651546], [37.264113, 55.648993], [37.261405, 55.649989], [37.259818, 55.648662], [37.25989, 55.651277], [37.253989, 55.655296], [37.246868, 55.657261], [37.241093, 55.655552], [37.236356, 55.65656], [37.234815, 55.651338], [37.243643, 55.648243], [37.243068, 55.647244], [37.246055, 55.647471], [37.231868, 55.642034], [37.226427, 55.645658], [37.222696, 55.645272], [37.218982, 55.647286], [37.220893, 55.650446], [37.216958, 55.652681], [37.214399, 55.646161], [37.219781, 55.640622], [37.212873, 55.637715], [37.218458, 55.636414], [37.215817, 55.633788], [37.211085, 55.632951], [37.213862, 55.631831], [37.212393, 55.631], [37.205166, 55.631049], [37.201561, 55.633181], [37.203703, 55.636407], [37.201898, 55.63764], [37.195979, 55.636268], [37.188879, 55.641002], [37.190215, 55.644347], [37.193469, 55.642069], [37.19731, 55.642043], [37.204376, 55.646696], [37.199285, 55.647851], [37.201208, 55.65128], [37.18584, 55.65005], [37.180057, 55.640298], [37.183175, 55.626625], [37.175604, 55.622386], [37.162544, 55.621438], [37.169124, 55.618815], [37.166115, 55.615542], [37.172482, 55.614977], [37.167357, 55.611613], [37.179556, 55.611415], [37.184647, 55.613295], [37.184696, 55.611064], [37.18973, 55.609132], [37.181876, 55.605586], [37.178987, 55.60872], [37.168337, 55.608661], [37.165928, 55.604608], [37.170849, 55.605502], [37.172637, 55.602965], [37.168184, 55.600626], [37.170064, 55.598574], [37.16306186672983, 55.596649151557045], [37.16059031192174, 55.60587311967455], [37.161159, 55.606849], [37.16024519280367, 55.607161121757805], [37.15629083409384, 55.62191898937428], [37.14580605786065, 55.62542812501332], [37.146084, 55.634879], [37.142802, 55.641258], [37.145397, 55.644295], [37.149882, 55.645217], [37.147033, 55.639461], [37.155326, 55.630501], [37.155792, 55.625229], [37.175604, 55.625314], [37.175926, 55.646994], [37.18411, 55.652986], [37.192872, 55.65454], [37.193665, 55.657955], [37.19752, 55.657799], [37.19401, 55.659188], [37.190865, 55.655432], [37.187858, 55.654832], [37.183684, 55.656619], [37.181862, 55.654254], [37.17776, 55.653982], [37.181658, 55.652717], [37.168584, 55.649119], [37.166353, 55.643325], [37.162832, 55.652221], [37.149065, 55.647841], [37.146539, 55.648889], [37.155829, 55.651964], [37.146053, 55.652289], [37.135302, 55.654916], [37.125402, 55.650809], [37.123363, 55.65453], [37.127532, 55.654413], [37.129938, 55.656505], [37.127213, 55.658052], [37.11086318912805, 55.656659875559164], [37.11417011349123, 55.65884144494623], [37.128963, 55.659424], [37.140275, 55.655685], [37.141735, 55.6597], [37.150255, 55.667107], [37.151877, 55.665654], [37.144227, 55.655078], [37.153975, 55.654462], [37.156005, 55.658027], [37.15946, 55.655659], [37.161179, 55.656817], [37.166675, 55.655802], [37.171576, 55.657825], [37.169268, 55.659437], [37.171208, 55.661013], [37.165698, 55.664276], [37.169984, 55.666886], [37.167966, 55.668193], [37.169955, 55.671221], [37.164554, 55.675303], [37.164134, 55.677952], [37.158698, 55.678694], [37.154855, 55.677589], [37.14688838516142, 55.680425603528214], [37.14865090780024, 55.681588335121255], [37.14782471478664, 55.682688969091224], [37.153788, 55.681041]]], [[[37.143831, 55.695858], [37.146823, 55.695213], [37.144118, 55.693483], [37.146472, 55.692847], [37.145921, 55.691379], [37.14166610962357, 55.69089331110152], [37.13934312610996, 55.69398793248499], [37.143831, 55.695858]]], [[[37.146576, 55.677242], [37.149577, 55.677209], [37.147852, 55.675705], [37.14174308092614, 55.677031259728935], [37.14441386256139, 55.67879316741569], [37.146576, 55.677242]]], [[[37.099631, 55.641261], [37.102037, 55.640966], [37.10107854208334, 55.64039791704028], [37.0994616492704, 55.64093907271859], [37.099631, 55.641261]]], [[[37.365567, 55.658948], [37.369042, 55.660877], [37.375659, 55.661036], [37.377071, 55.664782], [37.388676, 55.666153], [37.39100638853989, 55.664377011623216], [37.38515581396715, 55.662532332546185], [37.382524, 55.663031], [37.38126668040703, 55.66130609344489], [37.36637683735968, 55.656611343965466], [37.365567, 55.658948]]], [[[37.334909, 55.646725], [37.338215, 55.649058], [37.336332, 55.651916], [37.343691, 55.653126], [37.346611, 55.655999], [37.36096497785845, 55.65490499121914], [37.33493624798746, 55.64669816421476], [37.334909, 55.646725]]]]}}, {"type": "Feature", "properties": {"lobe_id": "лицей-вторая-школа-в-dri20-1", "school_id": "лицей-вторая-школа-в-ф-овчинникова", "mode": "driving", "min": 20, "azimuth": 9.9, "width_deg": 15, "r_max_km": 20.07, "area_km2": 22.18, "elongation": 4.5, "zone_share": 0.0872, "thr_km": 17.58, "k_mad": 3, "suspicious": ""}, "geometry": {"type": "Polygon", "coordinates": [[[37.726324, 55.709791], [37.717988, 55.712136], [37.702086, 55.718879], [37.697871, 55.718115], [37.70256, 55.713558], [37.702732, 55.705136], [37.70672677347088, 55.70455166223641], [37.55644, 55.69799], [37.699676862005255, 55.74315240911308], [37.698573, 55.737436], [37.702077, 55.737782], [37.70285284222841, 55.737362588163165], [37.70460147338103, 55.73083660785789], [37.72387933202712, 55.724978321221215], [37.721992, 55.723775], [37.712037, 55.721327], [37.731188, 55.714355], [37.73286806386109, 55.709682633049034], [37.73286261323718, 55.70965531928589], [37.726324, 55.709791]]]}}, {"type": "Feature", "properties": {"lobe_id": "лицей-вторая-школа-в-dri40-1", "school_id": "лицей-вторая-школа-в-ф-овчинникова", "mode": "driving", "min": 40, "azimuth": 180.6, "width_deg": 25, "r_max_km": 46.04, "area_km2": 123.65, "elongation": 3.7, "zone_share": 0.2411, "thr_km": 27.56, "k_mad": 3, "suspicious": ""}, "geometry": {"type": "MultiPolygon", "coordinates": [[[[37.300603, 55.754205], [37.30019075853416, 55.754799089139276], [37.304797379779906, 55.75377782579628], [37.300603, 55.754205]]], [[[37.282536, 55.748113], [37.284839, 55.745042], [37.290433, 55.74631], [37.282237, 55.75095], [37.284787, 55.752617], [37.294035, 55.752788], [37.30555, 55.747834], [37.303555, 55.752846], [37.30544230550275, 55.75363484920572], [37.55644, 55.69799], [37.41799546559315, 55.66729758564991], [37.408499, 55.675381], [37.408131, 55.67813], [37.411379, 55.681135], [37.406653, 55.683164], [37.404414, 55.681436], [37.400913, 55.682512], [37.39842, 55.681102], [37.400151, 55.672729], [37.397765, 55.671286], [37.392847, 55.675436], [37.389423, 55.673812], [37.387511, 55.674872], [37.384548, 55.673867], [37.382144, 55.675971], [37.386269, 55.678341], [37.382875, 55.681362], [37.380227, 55.690281], [37.372037, 55.685005], [37.373914, 55.68212], [37.368726, 55.683164], [37.366311, 55.681157], [37.375044, 55.679216], [37.373179, 55.675358], [37.378304, 55.673377], [37.374371, 55.671166], [37.368447, 55.673867], [37.365279, 55.677997], [37.364417, 55.675793], [37.359915, 55.674953], [37.357291, 55.678626], [37.349923, 55.678334], [37.34846, 55.681368], [37.344024, 55.678898], [37.33987, 55.68142], [37.334251, 55.682068], [37.334699, 55.684989], [37.332261, 55.686505], [37.32504, 55.681968], [37.332296, 55.690851], [37.328501, 55.690952], [37.323706, 55.688265], [37.326446, 55.686823], [37.314605, 55.682214], [37.31188, 55.682694], [37.311205, 55.685841], [37.297427, 55.683462], [37.299988, 55.679699], [37.284574, 55.672872], [37.291945, 55.671594], [37.288958, 55.670135], [37.290056, 55.667593], [37.293934, 55.667817], [37.295728, 55.666471], [37.287757, 55.664243], [37.288286, 55.662713], [37.291379, 55.662794], [37.287762, 55.660352], [37.289447, 55.656668], [37.278768, 55.660858], [37.274559, 55.667424], [37.262604, 55.665946], [37.273547, 55.669341], [37.272147, 55.671565], [37.258137, 55.667606], [37.255935, 55.663374], [37.251493, 55.66509], [37.246661, 55.663653], [37.24788, 55.662294], [37.254023, 55.661889], [37.249935, 55.659142], [37.256561, 55.657141], [37.262653, 55.652464], [37.271432, 55.653395], [37.270112, 55.651841], [37.260744, 55.651062], [37.254052, 55.655409], [37.246857, 55.657355], [37.241093, 55.655792], [37.236453, 55.656642], [37.23562, 55.653758], [37.231503, 55.651332], [37.232274, 55.64921], [37.223682, 55.648811], [37.222402, 55.646638], [37.221074, 55.648023], [37.224093, 55.650187], [37.216995, 55.652762], [37.214477, 55.651484], [37.212948, 55.645473], [37.216093, 55.643919], [37.211206, 55.644256], [37.208897, 55.642848], [37.205048, 55.644276], [37.202786, 55.641505], [37.200446, 55.644152], [37.204678, 55.64678], [37.199319, 55.648081], [37.20339, 55.650813], [37.191664, 55.6514], [37.185803, 55.650063], [37.179933, 55.640301], [37.183874, 55.627161], [37.174299, 55.622503], [37.155987, 55.622162], [37.156879, 55.618717], [37.164143, 55.616149], [37.164171, 55.613678], [37.15101958392298, 55.617740285078796], [37.15079812323987, 55.61899625102466], [37.153044, 55.621607], [37.15033483876993, 55.62162366781637], [37.149373263178774, 55.62707703398467], [37.150247, 55.630377], [37.152935, 55.62991], [37.152081, 55.627368], [37.154872, 55.624499], [37.158899, 55.625681], [37.175607, 55.625311], [37.176992, 55.637481], [37.173847, 55.641907], [37.179873, 55.650187], [37.184432, 55.652785], [37.194309, 55.655033], [37.209996, 55.653833], [37.211341, 55.657177], [37.210042, 55.658536], [37.206328, 55.657929], [37.208127, 55.656515], [37.206494, 55.6556], [37.195203, 55.6556], [37.193688, 55.656681], [37.197707, 55.657783], [37.19434, 55.65933], [37.188499, 55.655072], [37.183101, 55.656739], [37.18158, 55.65441], [37.177122, 55.653946], [37.176702, 55.65176], [37.172976, 55.65247], [37.170947, 55.654799], [37.156697, 55.653093], [37.155691, 55.654303], [37.155947, 55.654773], [37.159874, 55.654053], [37.160708, 55.655484], [37.168337, 55.655399], [37.171056, 55.65743], [37.18043, 55.657835], [37.179002, 55.659321], [37.172976, 55.658309], [37.171542, 55.660725], [37.173494, 55.662512], [37.169849, 55.662113], [37.166095, 55.664133], [37.170217, 55.666886], [37.168274, 55.66819], [37.170131, 55.671208], [37.163582, 55.676029], [37.164183, 55.677984], [37.16395190332129, 55.678021729209675], [37.16544781468291, 55.680918912519196], [37.16696661245439, 55.68193456071373], [37.168219, 55.680574], [37.171332, 55.679864], [37.168291, 55.678561], [37.171355, 55.675141], [37.187131, 55.678496], [37.185975, 55.681614], [37.176963, 55.682026], [37.179585, 55.684058], [37.188824, 55.682794], [37.184797, 55.686586], [37.196752, 55.685005], [37.195375, 55.682311], [37.192351, 55.682652], [37.19029, 55.680516], [37.193912, 55.677828], [37.206957, 55.680318], [37.231972, 55.681125], [37.238172, 55.686048], [37.24462, 55.688301], [37.236474, 55.690547], [37.228419, 55.69056], [37.22676, 55.688612], [37.228916, 55.685753], [37.225878, 55.685549], [37.223291, 55.691195], [37.227479, 55.69265], [37.227237, 55.696246], [37.210832, 55.689134], [37.211151, 55.685452], [37.205342, 55.687902], [37.19829, 55.687491], [37.19827, 55.689079], [37.20579, 55.690035], [37.212749, 55.694131], [37.203827, 55.695475], [37.204298, 55.697115], [37.208803, 55.696441], [37.2131, 55.698009], [37.207276, 55.701955], [37.20861, 55.703342], [37.214914, 55.701414], [37.216262, 55.697364], [37.220114, 55.695994], [37.224193, 55.700377], [37.221273, 55.701097], [37.217237, 55.707245], [37.20789369755124, 55.709303260396304], [37.21109341550225, 55.71144297104178], [37.224119, 55.708528], [37.227766, 55.705726], [37.227157, 55.701796], [37.245477, 55.691438], [37.265116, 55.694506], [37.264297, 55.702992], [37.268816, 55.711576], [37.266459, 55.716194], [37.262886, 55.716411], [37.260971, 55.718539], [37.275896, 55.725643], [37.269839, 55.725157], [37.267289, 55.726352], [37.270334, 55.72846], [37.270518, 55.734701], [37.27028726064822, 55.734909810824234], [37.27174306689388, 55.73547106229889], [37.27518442191337, 55.742576038451624], [37.282536, 55.748113]]], [[[37.205919, 55.704547], [37.202884, 55.704343], [37.201957183449665, 55.70533340348558], [37.20766476440861, 55.70915016856449], [37.205919, 55.704547]]], [[[37.390291, 55.662492], [37.3968412306205, 55.662607804664184], [37.39105319332163, 55.66132462768785], [37.390291, 55.662492]]]]}}, {"type": "Feature", "properties": {"lobe_id": "университетская-гимн-dri20-1", "school_id": "университетская-гимназия-мгу", "mode": "driving", "min": 20, "azimuth": 167.5, "width_deg": 10, "r_max_km": 18.95, "area_km2": 5.78, "elongation": 10.1, "zone_share": 0.071, "thr_km": 12.55, "k_mad": 3, "suspicious": ""}, "geometry": {"type": "MultiPolygon", "coordinates": [[[[37.352688, 55.730616], [37.372399, 55.730933], [37.373914, 55.734704], [37.369404, 55.741459], [37.371025, 55.742407], [37.37503, 55.738478], [37.374021, 55.732374], [37.381414, 55.728923], [37.392105, 55.730208], [37.410134, 55.727673], [37.421943, 55.727757], [37.427793833624, 55.729518158489874], [37.43778513520484, 55.72636791320211], [37.412175, 55.726572], [37.40839, 55.724345], [37.411675, 55.717477], [37.409338, 55.716421], [37.406193, 55.717496], [37.406829, 55.720802], [37.403299, 55.72223], [37.399838, 55.720407], [37.397656, 55.723487], [37.406599, 55.727352], [37.38867, 55.729292], [37.381118, 55.727903], [37.380615, 55.72553], [37.378315, 55.727984], [37.372118, 55.729955], [37.354542, 55.730143], [37.351881659491205, 55.72949792440741], [37.35201647511214, 55.73026250178741], [37.352688, 55.730616]]], [[[37.443394, 55.711459], [37.452012, 55.711641], [37.448338, 55.716282], [37.440876, 55.714368], [37.438475, 55.711867], [37.432838, 55.714698], [37.432864, 55.717483], [37.421233, 55.718762], [37.422504, 55.720831], [37.426321, 55.721596], [37.440068, 55.721952], [37.44505266956857, 55.72407646841909], [37.519501, 55.700603], [37.44328994728282, 55.710636375433985], [37.443394, 55.711459]]]]}}, {"type": "Feature", "properties": {"lobe_id": "университетская-гимн-dri40-1", "school_id": "университетская-гимназия-мгу", "mode": "driving", "min": 40, "azimuth": 183.2, "width_deg": 30, "r_max_km": 48.08, "area_km2": 135.72, "elongation": 3.3, "zone_share": 0.2671, "thr_km": 29.52, "k_mad": 3, "suspicious": ""}, "geometry": {"type": "MultiPolygon", "coordinates": [[[[37.406932, 55.675744], [37.411316, 55.681154], [37.406668, 55.683128], [37.405233, 55.681323], [37.401209, 55.681323], [37.400918, 55.68248], [37.398599, 55.681183], [37.400795, 55.672275], [37.398265, 55.670985], [37.392872, 55.675355], [37.390231, 55.673572], [37.387419, 55.674723], [37.383987, 55.673556], [37.381572, 55.676204], [37.384858, 55.6766], [37.38604, 55.678538], [37.382811, 55.680674], [37.380224, 55.690265], [37.372135, 55.685073], [37.374107, 55.682016], [37.368726, 55.683138], [37.366363, 55.681157], [37.370229, 55.679793], [37.372558, 55.680995], [37.375349, 55.679439], [37.373256, 55.675329], [37.37741, 55.674386], [37.377677, 55.672703], [37.372537, 55.671542], [37.365331, 55.677942], [37.364811, 55.675588], [37.358843, 55.67494], [37.354942, 55.68058], [37.354399, 55.678862], [37.345436, 55.675177], [37.331796, 55.680396], [37.334409, 55.684402], [37.332787, 55.685773], [37.324227, 55.679012], [37.332207, 55.678075], [37.3391, 55.673815], [37.329381, 55.672239], [37.331321, 55.669159], [37.329608, 55.667833], [37.325311, 55.67222], [37.315934, 55.671701], [37.308399, 55.666063], [37.306255, 55.666896], [37.307511, 55.668342], [37.330927, 55.688174], [37.332169, 55.690855], [37.328487, 55.690923], [37.323827, 55.688324], [37.325911, 55.687202], [37.323819, 55.685407], [37.315042, 55.682042], [37.311251, 55.682149], [37.306706, 55.685157], [37.297306, 55.683196], [37.300025, 55.679718], [37.28471, 55.672797], [37.293411, 55.671134], [37.297493, 55.672956], [37.298878, 55.671688], [37.296237, 55.668222], [37.299525, 55.665599], [37.295814, 55.661763], [37.298007, 55.660751], [37.304662, 55.661724], [37.295415, 55.655727], [37.28364, 55.654274], [37.266295, 55.649226], [37.258381, 55.649424], [37.248944, 55.646894], [37.247889, 55.64522], [37.243399, 55.645872], [37.231891, 55.64203], [37.226427, 55.645658], [37.222696, 55.645272], [37.218982, 55.647286], [37.220899, 55.650446], [37.216958, 55.652681], [37.214399, 55.646161], [37.219718, 55.640353], [37.212847, 55.637702], [37.218458, 55.636414], [37.215817, 55.633795], [37.211088, 55.632951], [37.212445, 55.631792], [37.208501, 55.631039], [37.201722, 55.632993], [37.203723, 55.636407], [37.201912, 55.63765], [37.196258, 55.636199], [37.188879, 55.641002], [37.190215, 55.644347], [37.193461, 55.642069], [37.19731, 55.642043], [37.204376, 55.646696], [37.199282, 55.647851], [37.201211, 55.651277], [37.191656, 55.651367], [37.183569, 55.648766], [37.184509, 55.646758], [37.180057, 55.640298], [37.183181, 55.626625], [37.175607, 55.622383], [37.162544, 55.621438], [37.169124, 55.618815], [37.166123, 55.615545], [37.172482, 55.614977], [37.167359, 55.611616], [37.179556, 55.611415], [37.184647, 55.613295], [37.189822, 55.609191], [37.181876, 55.605586], [37.17899, 55.60871], [37.16834, 55.608658], [37.165942, 55.604608], [37.170849, 55.605502], [37.172637, 55.602965], [37.168184, 55.600626], [37.170064, 55.598574], [37.152279, 55.593685], [37.154185, 55.590806], [37.1505418259618, 55.59167729786459], [37.149562842341616, 55.59533091447492], [37.151443, 55.59644], [37.154524, 55.595686], [37.157471, 55.598918], [37.150244, 55.601068], [37.149367, 55.598587], [37.148642843169284, 55.59876439812899], [37.147957540270966, 55.60132198336407], [37.148643, 55.602163], [37.158212, 55.602364], [37.160909, 55.603767], [37.160866, 55.607333], [37.154475, 55.609132], [37.160863, 55.613032], [37.156094, 55.613954], [37.152828, 55.611577], [37.148039, 55.612009], [37.14544632898559, 55.61069395146962], [37.14368012413441, 55.617285517710805], [37.14280576447421, 55.61773521779217], [37.14346, 55.61813], [37.144449, 55.620935], [37.137696, 55.620928], [37.13717087946226, 55.620633348119654], [37.13142451049025, 55.62358881680364], [37.132453, 55.6257], [37.135411, 55.623152], [37.145127, 55.623441], [37.147197, 55.626002], [37.144127, 55.633804], [37.146067, 55.634879], [37.142781, 55.640943], [37.147628, 55.644843], [37.145656, 55.647144], [37.150646, 55.644866], [37.147111, 55.639448], [37.155326, 55.630501], [37.155801, 55.625236], [37.175598, 55.625317], [37.17592, 55.646991], [37.18411, 55.652986], [37.192872, 55.654543], [37.193665, 55.657955], [37.19752, 55.657799], [37.19401, 55.659188], [37.190865, 55.655432], [37.187858, 55.654832], [37.183684, 55.656619], [37.181862, 55.654254], [37.17776, 55.653982], [37.18164, 55.652691], [37.168584, 55.649119], [37.166353, 55.643325], [37.162829, 55.652224], [37.149068, 55.647831], [37.146539, 55.648889], [37.155855, 55.651964], [37.146053, 55.652292], [37.135302, 55.654926], [37.125387, 55.650835], [37.123378, 55.654527], [37.128687, 55.655059], [37.129941, 55.656505], [37.127537, 55.657955], [37.11516161555635, 55.65697802838588], [37.11895201460813, 55.659002798558674], [37.128963, 55.659424], [37.140278, 55.655682], [37.141735, 55.6597], [37.150255, 55.667107], [37.151877, 55.665654], [37.144222, 55.655078], [37.153668, 55.654387], [37.156108, 55.65743], [37.15946, 55.655659], [37.161179, 55.656817], [37.165965, 55.65575], [37.171588, 55.657822], [37.169268, 55.659437], [37.171203, 55.661013], [37.165686, 55.664273], [37.169978, 55.666886], [37.167952, 55.668193], [37.169952, 55.671221], [37.16456, 55.675306], [37.164134, 55.677952], [37.158698, 55.678697], [37.154863, 55.677595], [37.15419886465667, 55.67783109861053], [37.16596286278593, 55.68411523708765], [37.167538, 55.68167], [37.173356, 55.684016], [37.180393, 55.684331], [37.188235, 55.689876], [37.199819, 55.688894], [37.203697, 55.690657], [37.202343, 55.704913], [37.200078, 55.706876], [37.204367, 55.710384], [37.200903, 55.710086], [37.196243, 55.71234], [37.196508, 55.709509], [37.190227, 55.708871], [37.188879, 55.710909], [37.194165, 55.714228], [37.188232, 55.718254], [37.18513, 55.717256], [37.189822, 55.713616], [37.185038, 55.71017], [37.182879, 55.712489], [37.179671, 55.712292], [37.178976, 55.715161], [37.173149, 55.712645], [37.167109, 55.712739], [37.167221, 55.714993], [37.172019, 55.714578], [37.181157, 55.718244], [37.175601, 55.723723], [37.171775, 55.723694], [37.172603, 55.72517], [37.169406, 55.727194], [37.172387, 55.727955], [37.178447, 55.724902], [37.18889, 55.725866], [37.188649, 55.724383], [37.180335, 55.722619], [37.185863, 55.71987], [37.193964, 55.722337], [37.194019, 55.719831], [37.200857, 55.722285], [37.208026, 55.722473], [37.208665, 55.725018], [37.206581, 55.726731], [37.203088, 55.724986], [37.200636, 55.725063], [37.200745, 55.726776], [37.192616, 55.726614], [37.198621, 55.728728], [37.202346, 55.728081], [37.203154, 55.729314], [37.209294, 55.729557], [37.218128, 55.733206], [37.219508, 55.731529], [37.210332, 55.726459], [37.213388, 55.725601], [37.220292, 55.727424], [37.221031, 55.725212], [37.211991, 55.723451], [37.208794, 55.719769], [37.201797, 55.720148], [37.20057, 55.715346], [37.223112, 55.70926], [37.228134, 55.704288], [37.227232, 55.701855], [37.244669, 55.692011], [37.249062, 55.691473], [37.254477, 55.693353], [37.265286, 55.694095], [37.264245, 55.703228], [37.268767, 55.711586], [37.266433, 55.716178], [37.262244, 55.716405], [37.260842, 55.718775], [37.275646, 55.724539], [37.275712, 55.725828], [37.269839, 55.724779], [37.26712, 55.726278], [37.269974, 55.72846], [37.270052, 55.734497], [37.26651, 55.737579], [37.254877, 55.737206], [37.252019, 55.735925], [37.250735, 55.737268], [37.257191, 55.739673], [37.272421, 55.740679], [37.279369, 55.74445], [37.281441, 55.748139], [37.285072, 55.747391], [37.284577, 55.745197], [37.288334, 55.745259], [37.29062, 55.746576], [37.289427, 55.747928], [37.281685, 55.751093], [37.284639875566484, 55.752670457749225], [37.3046946902956, 55.74822441236349], [37.305527, 55.747847], [37.30552943110248, 55.748039354781916], [37.519501, 55.700603], [37.41657610363477, 55.66815090483055], [37.406932, 55.675744]]], [[[37.382527, 55.66305], [37.380908, 55.659372], [37.372092, 55.657855], [37.370244, 55.655484], [37.366047, 55.656301], [37.365667, 55.658659], [37.369519, 55.660806], [37.375697, 55.661004], [37.377562, 55.664727], [37.385582, 55.666072], [37.388885, 55.665943], [37.392933, 55.66294], [37.398268, 55.662933], [37.40297585566978, 55.663862763118736], [37.38897773535082, 55.659449172735584], [37.382527, 55.66305]]], [[[37.376481, 55.656012], [37.37692592237742, 55.65564925070127], [37.37612114934413, 55.65539550673856], [37.376481, 55.656012]]], [[[37.163177, 55.68844], [37.163247038563256, 55.68833127239778], [37.1622238788025, 55.68897763285407], [37.163177, 55.68844]]], [[[37.099294, 55.64131], [37.102054, 55.641102], [37.102224, 55.638847], [37.10150911662743, 55.63897488236283], [37.09825795964242, 55.6406470152702], [37.099294, 55.64131]]]]}}, {"type": "Feature", "properties": {"lobe_id": "школа-192-dri40-1", "school_id": "школа-192", "mode": "driving", "min": 40, "azimuth": 182.8, "width_deg": 30, "r_max_km": 54.25, "area_km2": 159.45, "elongation": 3.8, "zone_share": 0.2891, "thr_km": 27.9, "k_mad": 3, "suspicious": ""}, "geometry": {"type": "MultiPolygon", "coordinates": [[[[37.286325, 55.752258], [37.294351, 55.75284], [37.305539, 55.747841], [37.305605, 55.75172], [37.303429, 55.75285], [37.305568, 55.753697], [37.300431, 55.754736], [37.298896, 55.75888], [37.301627, 55.762338], [37.306649, 55.763703], [37.310774, 55.762542], [37.310409, 55.76063], [37.305191, 55.758007], [37.309635, 55.755846], [37.309995, 55.753629], [37.317049, 55.754299], [37.316488, 55.758207], [37.322778, 55.758676], [37.32456, 55.757386], [37.32149, 55.756344], [37.320277, 55.752442], [37.327731, 55.752245], [37.328475, 55.751073], [37.33803514800127, 55.757940899153326], [37.577842, 55.704777], [37.43166642072312, 55.658688016890316], [37.429736, 55.659959], [37.426983, 55.657803], [37.42769041595253, 55.65743438740157], [37.42028470805794, 55.655099376671615], [37.419195, 55.657092], [37.415504, 55.657122], [37.41613749334389, 55.653791764895054], [37.40752710532971, 55.65107691998241], [37.40396, 55.655756], [37.398363, 55.654715], [37.397495, 55.652191], [37.392303, 55.652928], [37.387629, 55.651637], [37.387028, 55.649801], [37.385497738938454, 55.65015395815292], [37.384715320889654, 55.65307398206382], [37.389685, 55.655704], [37.389141, 55.658601], [37.392861, 55.65695], [37.405857, 55.660488], [37.390676, 55.660141], [37.385672, 55.663854], [37.398219, 55.66208], [37.418399, 55.666889], [37.408499, 55.674732], [37.408122, 55.67813], [37.412503, 55.680506], [37.406656, 55.683157], [37.404425, 55.68142], [37.400916, 55.682509], [37.398435, 55.681106], [37.400151, 55.672729], [37.397771, 55.671283], [37.392849, 55.675423], [37.385212, 55.673666], [37.381115, 55.675809], [37.386244, 55.678341], [37.379399, 55.68808], [37.380224, 55.690271], [37.372075, 55.685011], [37.374009, 55.682068], [37.368726, 55.683148], [37.366346, 55.681157], [37.375211, 55.679414], [37.373233, 55.675335], [37.37764, 55.673381], [37.375265, 55.671623], [37.369444, 55.673134], [37.365276, 55.677971], [37.364696, 55.67565], [37.358958, 55.675002], [37.354959, 55.680642], [37.353022, 55.678344], [37.344303, 55.675815], [37.331678, 55.680354], [37.334555, 55.684408], [37.332991, 55.685835], [37.324477, 55.679527], [37.325135, 55.678298], [37.333477, 55.677232], [37.325793, 55.675971], [37.330516, 55.674065], [37.329898, 55.670638], [37.323606, 55.671938], [37.31986, 55.674979], [37.317244, 55.671935], [37.311176, 55.670297], [37.332146, 55.690936], [37.326113, 55.690265], [37.323747, 55.688275], [37.32546, 55.686104], [37.314712, 55.682101], [37.306611, 55.685212], [37.297504, 55.683368], [37.299956, 55.679764], [37.284531, 55.672684], [37.294247, 55.670936], [37.290151, 55.667428], [37.295141, 55.668407], [37.297907, 55.667483], [37.295409, 55.6622], [37.287271, 55.660209], [37.291876, 55.655795], [37.287929, 55.655678], [37.283663, 55.660122], [37.277135, 55.659123], [37.27842, 55.66148], [37.274358, 55.667146], [37.271012, 55.667694], [37.267266, 55.665751], [37.267465, 55.66211], [37.258082, 55.664782], [37.273608, 55.669331], [37.272145, 55.671529], [37.25822, 55.66759], [37.255202, 55.665414], [37.256929, 55.663504], [37.261054, 55.663235], [37.261126, 55.661763], [37.250378, 55.660576], [37.25003, 55.659155], [37.256406, 55.657371], [37.26222429758248, 55.652984077161335], [37.25764816253989, 55.65266137317139], [37.254006, 55.655334], [37.247167, 55.657255], [37.241093, 55.655636], [37.236471, 55.656612], [37.232777, 55.65116], [37.233531352708326, 55.6509606823734], [37.22174460610275, 55.65012949401846], [37.216969, 55.652707], [37.21722895780517, 55.64981105548698], [37.19996471705735, 55.64859360029372], [37.202116, 55.651364], [37.185826, 55.65005], [37.18429937062824, 55.64748889736222], [37.17615744252475, 55.64691473758321], [37.184288, 55.652886], [37.192903, 55.654537], [37.193688, 55.657313], [37.1976, 55.657767], [37.193731, 55.659168], [37.192064, 55.656285], [37.1882, 55.654965], [37.183679, 55.656687], [37.18162, 55.654387], [37.177604, 55.653914], [37.181551, 55.653434], [37.18043, 55.652464], [37.168072, 55.649074], [37.162809, 55.65225], [37.159454, 55.651111], [37.157169, 55.653057], [37.146251, 55.652308], [37.136184, 55.654417], [37.136176, 55.656655], [37.13989, 55.655646], [37.142253, 55.657391], [37.146797, 55.653803], [37.159382, 55.654397], [37.160708, 55.656132], [37.16744, 55.655675], [37.171318, 55.657524], [37.171645, 55.660842], [37.165916, 55.663676], [37.169984, 55.671387], [37.159595, 55.678636], [37.155249, 55.677666], [37.15372379852371, 55.6781935960687], [37.16496633018518, 55.685246083403065], [37.169225, 55.681508], [37.181514, 55.684292], [37.188304, 55.68985], [37.199641, 55.688819], [37.203395, 55.690122], [37.202608, 55.704916], [37.200323, 55.706853], [37.204453, 55.710326], [37.200952, 55.710054], [37.196235, 55.712369], [37.195378, 55.710157], [37.191377, 55.708871], [37.19074271285359, 55.70931044562251], [37.20149109681159, 55.71971070574317], [37.199411, 55.715342], [37.219519, 55.711119], [37.22672, 55.706435], [37.22716, 55.701913], [37.23063, 55.699208], [37.239072, 55.696872], [37.245819, 55.691924], [37.265277, 55.694698], [37.264285, 55.703225], [37.268787, 55.711582], [37.266444, 55.716184], [37.262339, 55.71646], [37.260922, 55.718769], [37.275669, 55.724526], [37.275764, 55.725821], [37.269839, 55.724918], [37.266131, 55.726346], [37.270069, 55.728476], [37.26831, 55.729748], [37.270101, 55.734876], [37.265973, 55.737977], [37.258916, 55.736572], [37.256918, 55.738326], [37.272383, 55.740637], [37.273033, 55.742848], [37.276879, 55.742608], [37.282487, 55.748734], [37.285374, 55.747236], [37.284623, 55.745213], [37.288355, 55.745246], [37.290654, 55.746576], [37.28945, 55.747957], [37.28110533753461, 55.751077499360896], [37.28492017418342, 55.75317689126884], [37.286325, 55.752258]]], [[[37.211669, 55.722036], [37.208794, 55.720417], [37.20235793823032, 55.72054947148446], [37.20297252700176, 55.72114415465872], [37.20813501039219, 55.72298633303957], [37.209185, 55.723105], [37.20905089607476, 55.72331315729762], [37.211669, 55.72424740039055], [37.211669, 55.722036]]], [[[37.274378, 55.654793], [37.27798184395227, 55.654095281930836], [37.267781466592076, 55.653375962583304], [37.274378, 55.654793]]]]}}, {"type": "Feature", "properties": {"lobe_id": "новая-школа-dri20-1", "school_id": "новая-школа", "mode": "driving", "min": 20, "azimuth": 15.4, "width_deg": 30, "r_max_km": 13.12, "area_km2": 15.87, "elongation": 2.1, "zone_share": 0.1901, "thr_km": 9.53, "k_mad": 3, "suspicious": ""}, "geometry": {"type": "Polygon", "coordinates": [[[37.580101, 55.707193], [37.571877, 55.702496], [37.57318045693336, 55.70122179771103], [37.49031, 55.70484], [37.560777997154666, 55.7497330653259], [37.560899, 55.749756], [37.56082375609049, 55.74976221698308], [37.56897420025581, 55.75495462257318], [37.574453, 55.75537], [37.577256, 55.759876], [37.57795399042848, 55.75979991404234], [37.58240312093468, 55.751962720708995], [37.578035, 55.751937], [37.575764, 55.749672], [37.573246, 55.751222], [37.574318, 55.74644], [37.57792, 55.747456], [37.582858, 55.745773], [37.573248, 55.744773], [37.565777, 55.73663], [37.549116, 55.728421], [37.555294, 55.728719], [37.552212, 55.72711], [37.553905, 55.72439], [37.555889, 55.727323], [37.561051, 55.728605], [37.562178, 55.726546], [37.55774, 55.723927], [37.55841157556448, 55.72385622412642], [37.555633771457586, 55.72234345180861], [37.57653882615086, 55.720156926623126], [37.573096, 55.718736], [37.576068, 55.717059], [37.58264996557467, 55.71886278688403], [37.58270572961933, 55.718813383909314], [37.578285, 55.714692], [37.583746, 55.712045], [37.58621, 55.712175], [37.585773, 55.71371], [37.587282695492874, 55.71475851789849], [37.59061494300491, 55.71180638376651], [37.589754, 55.710135], [37.58598, 55.70903], [37.58731509101161, 55.708027523904555], [37.585412915665074, 55.70687369810808], [37.580101, 55.707193]]]}}, {"type": "Feature", "properties": {"lobe_id": "новая-школа-dri20-2", "school_id": "новая-школа", "mode": "driving", "min": 20, "azimuth": 179.7, "width_deg": 35, "r_max_km": 13.5, "area_km2": 15.05, "elongation": 1.9, "zone_share": 0.1803, "thr_km": 9.53, "k_mad": 3, "suspicious": ""}, "geometry": {"type": "MultiPolygon", "coordinates": [[[[37.409361, 55.727628], [37.41688198159151, 55.727991765273984], [37.425949305323726, 55.72513284908284], [37.423918, 55.724222], [37.419319, 55.726527], [37.408792, 55.726588], [37.409583, 55.718306], [37.406734, 55.717237], [37.406967, 55.720867], [37.40155135950165, 55.722146723268445], [37.40760356697015, 55.72317557476895], [37.40337104892421, 55.72550543556696], [37.405843, 55.727265], [37.398207623396345, 55.72834773005695], [37.395937851658694, 55.72959716411359], [37.409361, 55.727628]]], [[[37.390205, 55.708813], [37.399789, 55.704307], [37.404529, 55.709004], [37.402821, 55.710546], [37.407375, 55.710342], [37.407657, 55.712408], [37.414449, 55.716942], [37.420667, 55.716664], [37.421357, 55.720184], [37.422691, 55.719342], [37.426218, 55.721544], [37.433266, 55.721269], [37.4337634570937, 55.72266905649365], [37.49031, 55.70484], [37.428099483967394, 55.685225099639375], [37.42746, 55.685724], [37.424295532022626, 55.684025718198235], [37.41230829750163, 55.68024615767176], [37.41265, 55.680483], [37.408881, 55.682652], [37.400608, 55.682587], [37.396339, 55.678759], [37.39435529524042, 55.67908471980537], [37.39367278872219, 55.68163186880792], [37.398081, 55.683773], [37.395985988021145, 55.68516015098739], [37.398874896688476, 55.68708731577377], [37.412405, 55.684224], [37.412684, 55.686979], [37.40824384487942, 55.69333725619013], [37.409548438406844, 55.6942075387072], [37.40568350807255, 55.69540733285277], [37.400901, 55.699023], [37.39815, 55.698599], [37.39829716177633, 55.697700283637595], [37.39406073512737, 55.69901540175148], [37.394321, 55.699124], [37.395704, 55.701576], [37.393134, 55.704634], [37.38981676001007, 55.70485588033376], [37.39013011171842, 55.708957956625895], [37.390205, 55.708813]]], [[[37.386445, 55.716091], [37.3896495406471, 55.70988816839639], [37.38461682752989, 55.716682217665586], [37.386445, 55.716091]]], [[[37.385295, 55.718681], [37.384163468641745, 55.717294241945716], [37.38291567838451, 55.71897873066738], [37.38402576465393, 55.719167440973486], [37.385295, 55.718681]]]]}}, {"type": "Feature", "properties": {"lobe_id": "новая-школа-dri40-1", "school_id": "новая-школа", "mode": "driving", "min": 40, "azimuth": 185.5, "width_deg": 25, "r_max_km": 44.46, "area_km2": 111.14, "elongation": 3.6, "zone_share": 0.2228, "thr_km": 26.47, "k_mad": 3, "suspicious": ""}, "geometry": {"type": "MultiPolygon", "coordinates": [[[[37.178984, 55.608814], [37.16721, 55.608652], [37.165842, 55.604634], [37.170289, 55.6052], [37.170671357441954, 55.60405832312252], [37.15764276912038, 55.599950425003925], [37.157632, 55.599983], [37.150747, 55.601338], [37.16107, 55.603348], [37.160886, 55.607973], [37.157155, 55.607619], [37.154475, 55.609132], [37.160929, 55.613032], [37.155993, 55.615191], [37.152837, 55.61222], [37.145553, 55.610814], [37.138458, 55.61223], [37.136078, 55.613678], [37.143483, 55.61812], [37.144457, 55.620948], [37.129642, 55.619656], [37.128408, 55.61801], [37.125048, 55.619006], [37.119106, 55.616659], [37.10889, 55.616471], [37.10339385133048, 55.61445620618765], [37.10222874123509, 55.618804456260065], [37.10212249726545, 55.61926181307392], [37.121504, 55.621256], [37.121564, 55.623723], [37.127224, 55.621912], [37.132453, 55.62373], [37.137952, 55.622691], [37.146501, 55.623541], [37.146168, 55.634875], [37.142822, 55.641271], [37.14718, 55.644062], [37.147171, 55.638984], [37.152342, 55.631659], [37.155326, 55.630501], [37.154358, 55.627359], [37.156867, 55.625275], [37.175627, 55.625298], [37.175949, 55.646988], [37.18413, 55.652976], [37.192874, 55.65454], [37.193668, 55.657952], [37.19748, 55.657858], [37.193806, 55.659142], [37.192239, 55.656181], [37.188554, 55.654848], [37.183495, 55.656573], [37.181764, 55.654309], [37.177699, 55.653917], [37.181341, 55.652603], [37.168532, 55.649184], [37.166353, 55.644399], [37.162863, 55.652263], [37.150255, 55.647945], [37.148835, 55.649535], [37.155096, 55.652091], [37.145716, 55.652383], [37.133002, 55.655429], [37.12608, 55.652169], [37.125643, 55.653862], [37.129946, 55.656505], [37.127543, 55.657975], [37.113199, 55.657018], [37.113199, 55.65861], [37.117013, 55.659376], [37.128963, 55.659424], [37.140361, 55.655633], [37.149169, 55.666468], [37.151785, 55.665596], [37.144164, 55.655056], [37.153668, 55.654368], [37.156729, 55.657326], [37.15948, 55.655656], [37.161179, 55.656817], [37.165965, 55.65574], [37.171878, 55.657819], [37.169268, 55.659437], [37.171234, 55.661017], [37.165741, 55.664286], [37.170007, 55.666886], [37.168049, 55.66819], [37.169967, 55.671218], [37.1646, 55.675313], [37.164137, 55.677955], [37.158698, 55.678704], [37.154846, 55.677592], [37.145732831025036, 55.68084751978629], [37.148648450121556, 55.68244413125133], [37.153788, 55.681028], [37.160038, 55.681851], [37.156084546900075, 55.68651618489711], [37.160756913633186, 55.68907480248329], [37.16867, 55.682234], [37.181419, 55.684334], [37.181028, 55.685847], [37.188312, 55.689843], [37.199817, 55.6889], [37.203614, 55.690657], [37.20341, 55.696668], [37.200469, 55.698009], [37.202487, 55.699525], [37.200314, 55.708703], [37.204364, 55.710381], [37.196243, 55.712337], [37.196508, 55.709506], [37.191377, 55.708223], [37.189783173454764, 55.709162443318], [37.20109793890656, 55.717162620120725], [37.200374, 55.714909], [37.223133, 55.709273], [37.228157, 55.704291], [37.227235, 55.701855], [37.232918, 55.697973], [37.238224, 55.69704], [37.244652, 55.692066], [37.249067, 55.691473], [37.254477, 55.693346], [37.265289, 55.694095], [37.264251, 55.703228], [37.268773, 55.711582], [37.266436, 55.716178], [37.262267, 55.716418], [37.260853, 55.718775], [37.275652, 55.724536], [37.275721, 55.725824], [37.269839, 55.724801], [37.267149, 55.726291], [37.269986, 55.72846], [37.270045396379416, 55.73383838519675], [37.49031, 55.70484], [37.40882950626169, 55.679149299007044], [37.411307, 55.681154], [37.406671, 55.683122], [37.405308, 55.681277], [37.401131, 55.681277], [37.400921, 55.682477], [37.398573, 55.681135], [37.39963714903512, 55.67625095990657], [37.39368543143794, 55.67437439055642], [37.392872, 55.675348], [37.389799, 55.673462], [37.388299, 55.674694], [37.385094, 55.673419], [37.381636, 55.674823], [37.381613, 55.676483], [37.384849, 55.676606], [37.386034, 55.678422], [37.382737, 55.680629], [37.381417, 55.68764], [37.37923, 55.688074], [37.380279, 55.688959], [37.380224, 55.690258], [37.372147, 55.685066], [37.374222, 55.681948], [37.368726, 55.683128], [37.366383, 55.681157], [37.37532, 55.679692], [37.373279, 55.675326], [37.377577, 55.67448], [37.376427, 55.67163], [37.369074, 55.672927], [37.365276, 55.677945], [37.36496, 55.675504], [37.358696, 55.674856], [37.354936, 55.680551], [37.354571, 55.678765], [37.345306, 55.675083], [37.331341, 55.680175], [37.334322, 55.684402], [37.333032, 55.685763], [37.329896, 55.682305], [37.326104, 55.681871], [37.324638, 55.67858], [37.329916, 55.678707], [37.344958, 55.672729], [37.339425, 55.671766], [37.334805, 55.673676], [37.330424, 55.672369], [37.331672, 55.668692], [37.336786, 55.667694], [37.33716, 55.666037], [37.332773, 55.666432], [37.329614, 55.661338], [37.325776, 55.661672], [37.327866, 55.666568], [37.325791, 55.672275], [37.323882, 55.671218], [37.320835, 55.6721], [37.324353, 55.66878], [37.322732, 55.667687], [37.315853, 55.67164], [37.309595, 55.665547], [37.310555, 55.662411], [37.307405, 55.661056], [37.310949, 55.660439], [37.310348, 55.658964], [37.305588, 55.658195], [37.303173, 55.659976], [37.291583, 55.654303], [37.283634, 55.654076], [37.266298, 55.649288], [37.261805, 55.650073], [37.259511, 55.648688], [37.258315, 55.649739], [37.231854, 55.642037], [37.226151, 55.64595], [37.222696, 55.645272], [37.218976, 55.64729], [37.221914, 55.650024], [37.216866, 55.652655], [37.217418, 55.648788], [37.214359, 55.646167], [37.218734, 55.641813], [37.213117, 55.637699], [37.216162, 55.635096], [37.210746, 55.632918], [37.213859, 55.631825], [37.212399, 55.631004], [37.205169, 55.631049], [37.201444, 55.63349], [37.204111, 55.636404], [37.200843, 55.637932], [37.196266, 55.636264], [37.188879, 55.641002], [37.190221, 55.644347], [37.196988, 55.641946], [37.20439, 55.646686], [37.199314, 55.647864], [37.201214, 55.651273], [37.185837, 55.65005], [37.180051, 55.640298], [37.183147, 55.626632], [37.175584, 55.622408], [37.161386, 55.621435], [37.168917, 55.618396], [37.166057, 55.615526], [37.171424, 55.615568], [37.167334, 55.611594], [37.179556, 55.611415], [37.182943, 55.612548], [37.18567264405144, 55.608788210622116], [37.1804752598962, 55.60714948169263], [37.178984, 55.608814]]], [[[37.251496, 55.735908], [37.251100006434534, 55.736332593100755], [37.25302712315696, 55.73607888337111], [37.251496, 55.735908]]], [[[37.223273, 55.735232], [37.224208, 55.733452], [37.210323, 55.726974], [37.213146, 55.725449], [37.220292, 55.727424], [37.225257, 55.723755], [37.222402, 55.72248], [37.219252, 55.725433], [37.21494, 55.723127], [37.212048, 55.723435], [37.208794, 55.719769], [37.20221045917409, 55.72021725359914], [37.204460051326926, 55.729027409502656], [37.223273, 55.735232]]], [[[37.143342, 55.677913], [37.14964, 55.676947], [37.14461, 55.675705], [37.13876968128345, 55.67703445493037], [37.144014833437375, 55.67990673343712], [37.143342, 55.677913]]], [[[37.09878, 55.638273], [37.103583, 55.636342], [37.103583, 55.633863], [37.100562, 55.632996], [37.106619, 55.631237], [37.10022368263591, 55.62743579049594], [37.09799268457395, 55.63703974419592], [37.09878, 55.638273]]], [[[37.10745, 55.604427], [37.110114, 55.603023], [37.115349, 55.603293], [37.112029, 55.600909], [37.117183, 55.600318], [37.115631, 55.597313], [37.111997, 55.597872], [37.10683684416296, 55.60160678200672], [37.104999412977136, 55.60846416854763], [37.10745, 55.604427]]]]}}, {"type": "Feature", "properties": {"lobe_id": "ломоносовская-школа-dri20-1", "school_id": "ломоносовская-школа", "mode": "driving", "min": 20, "azimuth": 14.9, "width_deg": 15, "r_max_km": 13.05, "area_km2": 6.89, "elongation": 6.0, "zone_share": 0.1062, "thr_km": 10.14, "k_mad": 3, "suspicious": ""}, "geometry": {"type": "MultiPolygon", "coordinates": [[[[37.571854, 55.742929], [37.573427, 55.742213], [37.572193, 55.739835], [37.571535, 55.741582], [37.567378, 55.741191], [37.569434, 55.742909], [37.566896, 55.744314], [37.561899, 55.741835], [37.556058, 55.742116], [37.550688, 55.738666], [37.546198, 55.741068], [37.540923, 55.738326], [37.54512596190214, 55.733989344322126], [37.47168, 55.72432], [37.53314605436988, 55.74978007334557], [37.53441, 55.744511], [37.551551, 55.749381], [37.55308, 55.748307], [37.560882, 55.749763], [37.55231, 55.750472], [37.558375, 55.756121], [37.55868649676955, 55.756048846295755], [37.560089081531714, 55.75219527633285], [37.57741099723193, 55.75052555041895], [37.576612, 55.74776], [37.579535, 55.746381], [37.583298, 55.749527], [37.583929432108015, 55.747543479573736], [37.58248072942003, 55.746115987438486], [37.571854, 55.742929]]], [[[37.539779, 55.751947], [37.538009, 55.75031], [37.53336041860187, 55.74986886591775], [37.53893907453731, 55.752179620866016], [37.539779, 55.751947]]]]}}, {"type": "Feature", "properties": {"lobe_id": "ломоносовская-школа-dri20-2", "school_id": "ломоносовская-школа", "mode": "driving", "min": 20, "azimuth": 159.9, "width_deg": 15, "r_max_km": 13.12, "area_km2": 6.89, "elongation": 5.7, "zone_share": 0.1062, "thr_km": 10.14, "k_mad": 3, "suspicious": ""}, "geometry": {"type": "Polygon", "coordinates": [[[37.426623, 55.746598], [37.427077, 55.744475], [37.433778, 55.740815], [37.43811, 55.739061], [37.440292, 55.740249], [37.44832014770935, 55.73648036940826], [37.47168, 55.72432], [37.40420417021919, 55.73927903131981], [37.402959, 55.739948], [37.405782, 55.740915], [37.399547, 55.743385], [37.404785, 55.749401], [37.400835, 55.748323], [37.396673, 55.743187], [37.391421, 55.743754], [37.391415, 55.746191], [37.403391, 55.75239], [37.396259, 55.755755], [37.38917, 55.75613], [37.391938, 55.75755], [37.386152, 55.760902], [37.381087, 55.761626], [37.375904, 55.756127], [37.369125, 55.753714], [37.36845, 55.751258], [37.36830348656127, 55.75183181902334], [37.369559288745215, 55.75651853657809], [37.368747914535504, 55.75806020942168], [37.369352, 55.75845], [37.369005, 55.762264], [37.36635679801103, 55.76260351307551], [37.364721216131095, 55.76571124331585], [37.367996, 55.766627], [37.36466690665593, 55.770954359614514], [37.36615065000654, 55.772136659598594], [37.368525, 55.771074], [37.369838, 55.772542], [37.370425, 55.770861], [37.382811, 55.768079], [37.386353, 55.76599], [37.384608, 55.763933], [37.388569, 55.764842], [37.405529, 55.753655], [37.40601743017593, 55.75850177030496], [37.410248173164476, 55.75629938490577], [37.408829, 55.752355], [37.411598, 55.752458], [37.41268973738696, 55.75502838701974], [37.42776230343423, 55.74718210576827], [37.426623, 55.746598]]]}}, {"type": "Feature", "properties": {"lobe_id": "ломоносовская-школа-dri40-1", "school_id": "ломоносовская-школа", "mode": "driving", "min": 40, "azimuth": 7.5, "width_deg": 10, "r_max_km": 26.88, "area_km2": 33.21, "elongation": 5.9, "zone_share": 0.0645, "thr_km": 25.84, "k_mad": 3, "suspicious": ""}, "geometry": {"type": "Polygon", "coordinates": [[[37.708191, 55.740608], [37.705319, 55.740495], [37.704776, 55.743475], [37.698512, 55.742838], [37.698167, 55.738394], [37.7035, 55.736313], [37.70288038959526, 55.73441442701054], [37.47168, 55.72432], [37.70004077648389, 55.77494636530348], [37.693657, 55.76989], [37.697334, 55.768015], [37.699889, 55.771578], [37.7040216046917, 55.77146251803257], [37.70437174521452, 55.76947677245117], [37.702873, 55.768542], [37.704663109404265, 55.767824364019], [37.705139736485464, 55.765121277518666], [37.704722, 55.764098], [37.69961, 55.76293], [37.697104, 55.758919], [37.70333, 55.753293], [37.706024, 55.755464], [37.706872089501324, 55.75529661535465], [37.70687432791353, 55.75528392068821], [37.7106024451209, 55.742647943960044], [37.708191, 55.740608]]]}}, {"type": "Feature", "properties": {"lobe_id": "ломоносовская-школа-dri40-2", "school_id": "ломоносовская-школа", "mode": "driving", "min": 40, "azimuth": 190.3, "width_deg": 25, "r_max_km": 51.7, "area_km2": 106.01, "elongation": 3.2, "zone_share": 0.2058, "thr_km": 25.84, "k_mad": 3, "suspicious": ""}, "geometry": {"type": "MultiPolygon", "coordinates": [[[[37.1600317631074, 55.595816192512345], [37.15765290072694, 55.602352063186636], [37.158212, 55.602364], [37.160909, 55.603767], [37.160866, 55.607333], [37.15526627465903, 55.6089092644169], [37.15505613218528, 55.60948662611839], [37.160866, 55.613032], [37.156091, 55.613954], [37.15398778973472, 55.61242187287754], [37.1501578794861, 55.62294446480416], [37.140395316593505, 55.62300752071158], [37.145147, 55.623438], [37.147197, 55.626002], [37.14507, 55.629264], [37.146073, 55.634879], [37.142781, 55.640943], [37.147778, 55.64484], [37.145653, 55.647186], [37.150646, 55.644863], [37.14707, 55.639451], [37.155326, 55.630501], [37.155798, 55.625233], [37.175601, 55.625317], [37.175923, 55.646991], [37.18411, 55.652986], [37.192872, 55.65454], [37.193665, 55.657955], [37.19752, 55.657799], [37.19401, 55.659188], [37.190865, 55.655429], [37.187858, 55.654828], [37.183684, 55.656619], [37.181865, 55.654254], [37.177757, 55.653982], [37.181669, 55.652691], [37.168598, 55.64911], [37.166353, 55.643325], [37.162829, 55.652214], [37.14906, 55.647835], [37.146536, 55.648889], [37.155763, 55.651964], [37.133028, 55.65479], [37.126109, 55.649814], [37.123349, 55.654511], [37.128687, 55.655062], [37.129935, 55.656509], [37.127535, 55.657952], [37.117784, 55.657919], [37.118546, 55.655896], [37.115372, 55.654303], [37.114507, 55.656781], [37.107447, 55.656366], [37.111264, 55.658727], [37.128963, 55.659424], [37.14026, 55.655694], [37.141735, 55.6597], [37.150255, 55.667107], [37.151877, 55.665654], [37.144233, 55.655081], [37.153975, 55.654468], [37.156005, 55.658027], [37.159454, 55.655659], [37.161179, 55.656817], [37.166664, 55.655808], [37.171539, 55.657829], [37.169268, 55.659437], [37.171203, 55.661013], [37.165689, 55.664276], [37.169981, 55.666886], [37.16796, 55.668193], [37.169955, 55.671221], [37.166784, 55.67269], [37.164131, 55.677952], [37.158698, 55.678694], [37.154855, 55.677611], [37.15293841157705, 55.67828881334734], [37.16624979864486, 55.68367425086659], [37.16754, 55.68167], [37.173252, 55.683964], [37.180393, 55.684327], [37.189045, 55.690385], [37.199805, 55.6889], [37.203536, 55.69066], [37.203378, 55.696668], [37.200469, 55.698009], [37.202375, 55.698881], [37.202274, 55.704916], [37.200006, 55.706879], [37.204402, 55.710322], [37.196243, 55.71233], [37.196514, 55.709506], [37.191374, 55.708223], [37.187821, 55.710319], [37.194125, 55.714219], [37.19184, 55.716949], [37.188266, 55.718221], [37.185441, 55.717399], [37.189885, 55.713885], [37.183886, 55.708878], [37.181011, 55.709415], [37.178237, 55.715297], [37.174299, 55.712645], [37.167224, 55.712421], [37.164315, 55.706918], [37.160314, 55.706824], [37.163467, 55.710002], [37.161182, 55.71485], [37.170849, 55.714588], [37.174109, 55.716942], [37.180663, 55.718118], [37.175839, 55.723419], [37.172102, 55.722302], [37.165468, 55.723412], [37.171335, 55.725866], [37.164856, 55.730043], [37.169809, 55.730153], [37.176429, 55.725708], [37.181192, 55.724953], [37.186154, 55.725701], [37.18202, 55.727858], [37.186179, 55.728314], [37.187907, 55.731189], [37.191739, 55.728829], [37.194214, 55.728528], [37.193628, 55.73082], [37.201996, 55.72834], [37.22278125370793, 55.735187153951856], [37.222972503085764, 55.73517880382369], [37.22616, 55.734918], [37.22624960721882, 55.73503572236723], [37.22967560423064, 55.73488614010729], [37.229848, 55.734775], [37.22125, 55.732506], [37.210559, 55.726945], [37.213086, 55.725484], [37.220396, 55.728019], [37.22526, 55.723752], [37.222397, 55.72248], [37.219249, 55.725426], [37.214943, 55.723127], [37.212367, 55.723629], [37.209162, 55.719886], [37.205399, 55.720783], [37.200731, 55.719484], [37.199362, 55.715534], [37.224403, 55.708693], [37.228103, 55.704518], [37.227237, 55.701858], [37.232929, 55.69798], [37.239397, 55.696405], [37.244465, 55.692147], [37.249073, 55.691477], [37.254474, 55.693353], [37.265286, 55.694095], [37.264245, 55.703225], [37.268767, 55.711586], [37.266433, 55.716178], [37.26225, 55.716411], [37.260842, 55.718775], [37.275646, 55.724539], [37.275709, 55.725828], [37.269839, 55.724775], [37.267114, 55.726278], [37.269971, 55.72846], [37.26999206986467, 55.73312588520297], [37.47168, 55.72432], [37.381153101031394, 55.68682253068762], [37.380227, 55.690265], [37.372135, 55.685073], [37.373143328549254, 55.683504774294], [37.37107675242755, 55.68264877043671], [37.368726, 55.683138], [37.366363, 55.681161], [37.366967885191386, 55.6809468219015], [37.35743265612768, 55.67699720070298], [37.354942, 55.680584], [37.354387, 55.678869], [37.345729, 55.675115], [37.338269, 55.677601], [37.33135, 55.680512], [37.334345, 55.684402], [37.333026, 55.685773], [37.32609, 55.681884], [37.324733, 55.678376], [37.332212, 55.678075], [37.344841, 55.672564], [37.338933, 55.671815], [37.334805, 55.673676], [37.329352, 55.672259], [37.331661, 55.668686], [37.3343661870117, 55.66744275635909], [37.33158829295747, 55.666292114966986], [37.330652, 55.666296], [37.330756113569244, 55.665947414978056], [37.32793350633062, 55.66477825277857], [37.325345, 55.672239], [37.3213, 55.67222], [37.323111, 55.670135], [37.32047, 55.669263], [37.317259, 55.671575], [37.314608, 55.671241], [37.302432, 55.660806], [37.300615, 55.661857], [37.303098, 55.66175], [37.307505, 55.668349], [37.313059, 55.671053], [37.317857, 55.678075], [37.328567, 55.686279], [37.327081, 55.687799], [37.330847, 55.688243], [37.332112, 55.690867], [37.328487, 55.690923], [37.323109, 55.688272], [37.32529, 55.686178], [37.322157, 55.684749], [37.317983, 55.685789], [37.316879, 55.682836], [37.314715, 55.6839], [37.313257, 55.682311], [37.310647, 55.686003], [37.29732, 55.68319], [37.300043, 55.679709], [37.284715, 55.672797], [37.29396, 55.671205], [37.297499, 55.672959], [37.298884, 55.671704], [37.297648, 55.667544], [37.300189, 55.664983], [37.295711, 55.662353], [37.298781, 55.65959], [37.293431, 55.658795], [37.290488, 55.660679], [37.287722, 55.66018], [37.290335, 55.656408], [37.295116, 55.658023], [37.29542, 55.655724], [37.277578, 55.652791], [37.275485, 55.651059], [37.261396, 55.650488], [37.253983, 55.655292], [37.247058, 55.657219], [37.241093, 55.655549], [37.236474, 55.656586], [37.234824, 55.651338], [37.24364, 55.648247], [37.243074, 55.647247], [37.246055, 55.647468], [37.231871, 55.642034], [37.226418, 55.645648], [37.224995, 55.644623], [37.218982, 55.647286], [37.222141, 55.650021], [37.216872, 55.652652], [37.214405, 55.646161], [37.219781, 55.640622], [37.212908, 55.637715], [37.218458, 55.636414], [37.215828, 55.633778], [37.211102, 55.632935], [37.213862, 55.631831], [37.212655, 55.631062], [37.205166, 55.631049], [37.201559, 55.633181], [37.203671, 55.636378], [37.201869, 55.637627], [37.195967, 55.636261], [37.188879, 55.641002], [37.190218, 55.64435], [37.193492, 55.642073], [37.19731, 55.64205], [37.204376, 55.646699], [37.199279, 55.647848], [37.201076, 55.651361], [37.191653, 55.651367], [37.183569, 55.648766], [37.184509, 55.646758], [37.180057, 55.640298], [37.183181, 55.626625], [37.174761, 55.62237], [37.162544, 55.621438], [37.169124, 55.618815], [37.16612, 55.615542], [37.172482, 55.614977], [37.167359, 55.611616], [37.179556, 55.611415], [37.184647, 55.613295], [37.189822, 55.609191], [37.181876, 55.605586], [37.17899, 55.608717], [37.16834, 55.608658], [37.165936, 55.604608], [37.170849, 55.605502], [37.172637, 55.602965], [37.168184, 55.600626], [37.16952434363201, 55.59916302918463], [37.16423161360941, 55.59697070862729], [37.1600317631074, 55.595816192512345]]], [[[37.158324, 55.691182], [37.16318, 55.688443], [37.164513310431836, 55.68637178175348], [37.15712475827472, 55.69092495086381], [37.158324, 55.691182]]], [[[37.148013, 55.675971], [37.147474973534365, 55.676078449839075], [37.148499664569876, 55.67649301291354], [37.148013, 55.675971]]], [[[37.131936, 55.625616], [37.13707661922397, 55.623028956012575], [37.13110261793111, 55.62306754178934], [37.131936, 55.625616]]], [[[37.120857, 55.623376], [37.11781, 55.624876], [37.122952, 55.625213], [37.125005, 55.626882], [37.126684, 55.624067], [37.12540098441938, 55.623104368356174], [37.12076163463224, 55.62313433368535], [37.120857, 55.623376]]], [[[37.093522, 55.626921], [37.096733, 55.628621], [37.094684, 55.631857], [37.096768, 55.63349], [37.096765, 55.639665], [37.099671, 55.641261], [37.102028, 55.64106], [37.100812, 55.639269], [37.098705, 55.639487], [37.103583, 55.636991], [37.103994, 55.632357], [37.108427, 55.632951], [37.100329, 55.627323], [37.10102963297946, 55.62326178170111], [37.09536025586358, 55.62329839992549], [37.093522, 55.626921]]]]}}, {"type": "Feature", "properties": {"lobe_id": "школа-67-dri20-1", "school_id": "школа-67", "mode": "driving", "min": 20, "azimuth": 15.0, "width_deg": 25, "r_max_km": 11.73, "area_km2": 12.4, "elongation": 2.7, "zone_share": 0.1119, "thr_km": 10.43, "k_mad": 3, "suspicious": ""}, "geometry": {"type": "Polygon", "coordinates": [[[37.61917, 55.742831], [37.619414549197934, 55.741136468831996], [37.532965, 55.737362], [37.60835947199215, 55.77660987791286], [37.610207, 55.774838], [37.612541, 55.775912], [37.617282, 55.774314], [37.614559, 55.775672], [37.619751, 55.778689], [37.621076425536096, 55.77851418993914], [37.6221933160091, 55.776119010590314], [37.622522, 55.774275], [37.62325066675203, 55.774426594818365], [37.625963144758515, 55.77300524343037], [37.622016, 55.772021], [37.618621, 55.772891], [37.617374, 55.769664], [37.612723, 55.769273], [37.614022, 55.764049], [37.609678, 55.76338], [37.613349, 55.760003], [37.617627, 55.7592], [37.613435, 55.74921], [37.620541, 55.750785], [37.62174, 55.75395], [37.629005228090975, 55.75213773820448], [37.63387649522257, 55.75064725038133], [37.633521276334044, 55.748941982723174], [37.631545, 55.749313], [37.630496, 55.746822], [37.632765032840354, 55.745311551985665], [37.63274196748331, 55.74520082418189], [37.627466, 55.743029], [37.624983, 55.745352], [37.62258, 55.743993], [37.626693, 55.742935], [37.624915836165215, 55.741376660208196], [37.623393640583224, 55.741310199713794], [37.61917, 55.742831]]]}}, {"type": "Feature", "properties": {"lobe_id": "школа-67-dri20-2", "school_id": "школа-67", "mode": "driving", "min": 20, "azimuth": 182.3, "width_deg": 60, "r_max_km": 32.97, "area_km2": 59.39, "elongation": 2.4, "zone_share": 0.5364, "thr_km": 10.43, "k_mad": 3, "suspicious": ""}, "geometry": {"type": "MultiPolygon", "coordinates": [[[[37.316063, 55.707041], [37.312478, 55.707832], [37.306696321519546, 55.70147198154651], [37.29868073455812, 55.70114278999978], [37.302092, 55.70249], [37.307499, 55.709202], [37.311317, 55.709678], [37.307522, 55.715019], [37.310064, 55.716359], [37.311199, 55.715368], [37.315951, 55.716048], [37.32383, 55.723007], [37.33269, 55.725692], [37.342213, 55.726446], [37.35257, 55.730933], [37.372227, 55.731017], [37.37342, 55.734895], [37.370203, 55.736009], [37.3669491323399, 55.743581202830434], [37.36977706616629, 55.74448693906247], [37.36557491195953, 55.746782489645106], [37.365184, 55.762277], [37.346588, 55.757741], [37.34612215346549, 55.75740913229021], [37.341678817622565, 55.759836435449785], [37.344303, 55.76162], [37.363109, 55.765906], [37.364253, 55.768648], [37.358969, 55.769227], [37.364233, 55.771239], [37.35253, 55.775313], [37.346272, 55.772471], [37.348284, 55.769072], [37.344303, 55.770366], [37.344568, 55.774437], [37.356351, 55.780241], [37.352657, 55.782546], [37.348603, 55.781214], [37.34741334494761, 55.781747761582444], [37.34840931459256, 55.78373943449926], [37.353841, 55.788236], [37.359478, 55.786526], [37.364402, 55.78747], [37.36143, 55.784741], [37.363511, 55.783131], [37.360191, 55.777037], [37.366136, 55.77425], [37.368812, 55.774909], [37.368938, 55.782136], [37.366047, 55.784098], [37.368953, 55.788165], [37.357552, 55.792293], [37.360648, 55.793317], [37.364175, 55.791691], [37.366323, 55.792768], [37.371071, 55.789868], [37.376131, 55.794872], [37.37389772347694, 55.80000386547169], [37.374521582160234, 55.80018933384461], [37.376671, 55.799994], [37.37846710753007, 55.80135754113856], [37.38414017345246, 55.79933360266801], [37.375257, 55.79056], [37.379155, 55.789128], [37.385085, 55.790065], [37.39084, 55.786846], [37.393229, 55.783461], [37.389785, 55.785876], [37.375277, 55.788766], [37.372805, 55.787105], [37.374004, 55.777043], [37.389423, 55.777955], [37.393252, 55.776985], [37.371195, 55.773354], [37.370862, 55.771847], [37.385097, 55.767436], [37.384663, 55.763962], [37.388575, 55.764845], [37.397138, 55.758709], [37.402939, 55.762257], [37.405771, 55.76162], [37.400456, 55.756994], [37.421322, 55.746436], [37.431685, 55.752254], [37.439128, 55.749964], [37.435417, 55.748307], [37.433174, 55.749459], [37.424844, 55.746074], [37.423743, 55.744022], [37.426638, 55.740595], [37.421616, 55.742974], [37.41898, 55.741825], [37.42675, 55.736546], [37.433082, 55.736604], [37.434273, 55.734105], [37.43918, 55.734086], [37.439953, 55.736407], [37.443443, 55.734714], [37.453239, 55.737171], [37.4572, 55.735436], [37.459178, 55.739022], [37.464263, 55.739436], [37.466103, 55.741158], [37.489534, 55.747834], [37.488376, 55.751151], [37.480686, 55.752199], [37.481042, 55.754739], [37.50043975949131, 55.75429356852009], [37.532965, 55.737362], [37.47587527371537, 55.70099183318642], [37.475713, 55.701327], [37.469892, 55.698003], [37.47012555185839, 55.69732885638342], [37.464362998668896, 55.693657705120074], [37.461593, 55.695258], [37.459532, 55.699749], [37.457344, 55.699457], [37.449853, 55.693039], [37.458718, 55.696214], [37.458678, 55.69461], [37.451641, 55.690699], [37.4548849792024, 55.68761954078661], [37.44924966877656, 55.68402945210389], [37.452049, 55.686664], [37.448924, 55.687782], [37.443523, 55.682882], [37.44032194180292, 55.683755662550354], [37.437933869689175, 55.68789192478349], [37.41424899793386, 55.68778069878159], [37.413972, 55.6889], [37.41155063754895, 55.690374596683164], [37.40996787153512, 55.692789378513055], [37.410347, 55.692958], [37.40952922625649, 55.693458607343686], [37.40682182717539, 55.69758921038304], [37.39494627137607, 55.701599387376476], [37.392798, 55.704029], [37.389423, 55.703627], [37.386057, 55.705415], [37.3855095126813, 55.70470875465202], [37.37755322616782, 55.70438199851098], [37.37693, 55.70695], [37.372241, 55.70618], [37.37135, 55.707964], [37.367587, 55.708573], [37.367838505459375, 55.70398302536635], [37.35372495227502, 55.70340339689684], [37.362666, 55.709846], [37.382774, 55.714245], [37.380121, 55.718218], [37.371025, 55.713992], [37.359513, 55.719271], [37.352352, 55.718597], [37.353326, 55.724743], [37.358093, 55.721168], [37.361815, 55.720974], [37.36515, 55.721974], [37.36141, 55.723056], [37.366538, 55.724471], [37.368332, 55.728029], [37.372241, 55.725109], [37.376688, 55.725115], [37.378008, 55.726507], [37.372118, 55.7298], [37.356126, 55.729806], [37.349112, 55.727835], [37.347241, 55.724814], [37.330706, 55.722661], [37.320179, 55.712875], [37.32128, 55.702584], [37.32190209432358, 55.70209646630261], [37.31705950307266, 55.701897586281504], [37.316063, 55.707041]]], [[[37.325908, 55.705289], [37.328754, 55.705289], [37.327815068671406, 55.70233930580778], [37.32385778322152, 55.70217678434499], [37.325908, 55.705289]]], [[[37.484831, 55.762273], [37.478556, 55.760501], [37.472996, 55.761277], [37.472281, 55.763043], [37.47644, 55.76237], [37.479214, 55.764314], [37.48106694678989, 55.76437841648896], [37.48513997786501, 55.76225813071538], [37.484831, 55.762273]]], [[[37.2701742784492, 55.69997206046698], [37.26502603432994, 55.699760627610885], [37.264665, 55.700601], [37.268091, 55.70547], [37.26826567630182, 55.70943734857968], [37.27250000247579, 55.711008415475156], [37.2701742784492, 55.69997206046698]]]]}}, {"type": "Feature", "properties": {"lobe_id": "школа-67-dri40-1", "school_id": "школа-67", "mode": "driving", "min": 40, "azimuth": 192.7, "width_deg": 40, "r_max_km": 63.49, "area_km2": 287.87, "elongation": 3.5, "zone_share": 0.4228, "thr_km": 27.12, "k_mad": 3, "suspicious": ""}, "geometry": {"type": "MultiPolygon", "coordinates": [[[[37.092815, 55.607233], [37.086649, 55.607437], [37.084993, 55.609152], [37.098602, 55.611698], [37.091205, 55.611873], [37.089317, 55.613717], [37.078899, 55.61047], [37.078224, 55.607976], [37.070548, 55.606719], [37.068611, 55.609178], [37.05702, 55.60721], [37.05692130299588, 55.605804078193074], [37.02705606460438, 55.608805861942216], [37.051311, 55.610373], [37.05477, 55.61225], [37.066254, 55.612308], [37.06876, 55.613042], [37.06655, 55.61476], [37.068269, 55.617305], [37.076654, 55.614279], [37.08706, 55.6156], [37.092855, 55.618133], [37.095198, 55.62038], [37.092996, 55.627547], [37.096336, 55.628813], [37.092976, 55.631413], [37.094451, 55.633503], [37.096325, 55.633194], [37.095152, 55.637128], [37.086859, 55.633801], [37.090843, 55.631208], [37.088963, 55.62991], [37.090722, 55.6278], [37.086951, 55.626369], [37.084335, 55.627313], [37.085019, 55.630335], [37.082331, 55.633275], [37.075599, 55.63335], [37.068042, 55.63091], [37.061122, 55.632097], [37.061821, 55.633421], [37.069712, 55.633496], [37.082507, 55.638925], [37.082734, 55.639856], [37.077344, 55.639704], [37.079278, 55.64095], [37.077833, 55.645736], [37.060369, 55.641015], [37.056259, 55.636248], [37.046494, 55.635907], [37.048454, 55.632185], [37.045516, 55.630293], [37.042162, 55.63189], [37.04098, 55.629689], [37.037579, 55.63078], [37.035271, 55.629696], [37.032672, 55.630643], [37.030591, 55.629027], [37.020763, 55.629903], [37.028769, 55.63163], [37.032693, 55.635262], [37.036481, 55.636625], [37.037712, 55.635696], [37.039595, 55.637858], [37.042242, 55.63705], [37.041081, 55.640561], [37.046663, 55.639383], [37.062014, 55.644094], [37.070031, 55.648561], [37.06845, 55.651974], [37.07066, 55.654073], [37.077807, 55.650388], [37.088178, 55.655523], [37.092942, 55.655922], [37.091895, 55.661013], [37.089058, 55.661549], [37.090719, 55.662314], [37.086088, 55.665716], [37.083565, 55.664788], [37.074469, 55.666627], [37.0704366791441, 55.668144454735085], [37.07391222062087, 55.670143416351245], [37.081259, 55.667927], [37.083835, 55.668679], [37.08034836015175, 55.67384516929088], [37.082991450404826, 55.67536534564304], [37.08518, 55.672084], [37.089331, 55.669266], [37.088842, 55.673319], [37.091395, 55.673964], [37.093105, 55.678561], [37.091225, 55.682713], [37.092763, 55.683964], [37.097463, 55.68329], [37.102235, 55.685527], [37.100542, 55.68843], [37.104546, 55.689085], [37.108114, 55.6861], [37.135385, 55.686988], [37.132373, 55.687283], [37.130751, 55.691571], [37.123887, 55.696739], [37.120253, 55.696768], [37.118422, 55.693275], [37.114162, 55.694516], [37.114674, 55.69936], [37.10151823525082, 55.703024212839374], [37.108570110357185, 55.71681938573154], [37.114584, 55.717253], [37.137716, 55.721903], [37.135917, 55.723924], [37.140304, 55.726941], [37.137136, 55.729159], [37.138458, 55.731192], [37.143333, 55.72889], [37.157229, 55.729677], [37.13951, 55.734283], [37.141764, 55.739058], [37.148099, 55.739401], [37.150255, 55.741615], [37.153969, 55.739631], [37.152662, 55.738611], [37.16324, 55.73707], [37.161691, 55.73295], [37.167101, 55.732141], [37.172749, 55.733348], [37.17408, 55.731014], [37.170887, 55.730434], [37.170895, 55.729052], [37.180085, 55.725779], [37.181471, 55.726517], [37.176184, 55.730399], [37.177208, 55.733008], [37.180721, 55.732662], [37.184751, 55.72967], [37.187835, 55.731571], [37.192708, 55.729661], [37.188689, 55.733853], [37.190888, 55.73595], [37.195378, 55.735086], [37.194869, 55.732387], [37.199592, 55.729072], [37.206675, 55.729713], [37.205402, 55.737197], [37.199265, 55.7353], [37.198123, 55.736844], [37.20853, 55.742896], [37.213212, 55.740776], [37.210102, 55.738653], [37.221149, 55.737349], [37.228134, 55.740258], [37.230917, 55.739977], [37.233375, 55.744168], [37.224616, 55.744637], [37.233843, 55.74687], [37.23612, 55.753904], [37.234203, 55.756693], [37.238046, 55.75558], [37.238218, 55.749168], [37.238023, 55.74399], [37.234082, 55.738705], [37.237649, 55.738054], [37.240518, 55.73976], [37.247656, 55.738278], [37.256809, 55.739945], [37.262888, 55.739417], [37.268287, 55.741275], [37.272191, 55.740731], [37.272593, 55.74309], [37.27679, 55.742673], [37.282134, 55.748964], [37.285698, 55.747459], [37.284733, 55.745259], [37.288283, 55.745272], [37.290579, 55.746582], [37.289407, 55.747899], [37.281507, 55.750882], [37.284388, 55.752947], [37.2949, 55.752918], [37.30551, 55.74786], [37.305536, 55.751733], [37.303262, 55.752895], [37.305522, 55.753701], [37.300002, 55.754496], [37.298666, 55.758877], [37.301167, 55.7626], [37.30578, 55.763884], [37.311064, 55.762985], [37.310932, 55.760336], [37.306597, 55.759543], [37.305433, 55.757583], [37.309831, 55.756143], [37.310052, 55.753678], [37.313142, 55.754911], [37.317009, 55.754328], [37.316143, 55.758702], [37.323629, 55.758731], [37.324776, 55.757078], [37.321551, 55.756305], [37.320375, 55.752429], [37.328268, 55.752287], [37.328481, 55.75109], [37.328682, 55.752937], [37.33081, 55.75239], [37.335403, 55.754979], [37.34246, 55.761361], [37.345493004353266, 55.76204315645458], [37.532965, 55.737362], [37.390102534305, 55.64634857172009], [37.389066, 55.646599], [37.386534, 55.646144], [37.385863983068504, 55.6436483167784], [37.379930149538446, 55.639868047903825], [37.378646, 55.640898], [37.383214, 55.645917], [37.379606, 55.648944], [37.383938, 55.649986], [37.379825, 55.650904], [37.37415, 55.649363], [37.374573, 55.639779], [37.370692, 55.639996], [37.369878, 55.646586], [37.364739, 55.643218], [37.368766, 55.639847], [37.366461, 55.639292], [37.365039349968335, 55.64006234165505], [37.36241814949992, 55.64460239404316], [37.373081, 55.651968], [37.370747, 55.65343], [37.374762, 55.653155], [37.376476, 55.656016], [37.380486, 55.655383], [37.378543, 55.653602], [37.380152, 55.653087], [37.382409, 55.65659], [37.388241, 55.658821], [37.39623, 55.657722], [37.405581, 55.66041], [37.389009, 55.65923], [37.386011, 55.662379], [37.382524, 55.663037], [37.378726, 55.65801], [37.37223, 55.657868], [37.370563, 55.65548], [37.367196, 55.655409], [37.365693, 55.658876], [37.369473, 55.660903], [37.375671, 55.661023], [37.3772, 55.66471], [37.388333, 55.66615], [37.392809, 55.662985], [37.39857, 55.662959], [37.418198, 55.666873], [37.406855, 55.675741], [37.411316, 55.681154], [37.406668, 55.683128], [37.405236, 55.68132], [37.401206, 55.68132], [37.400921, 55.68248], [37.398599, 55.681183], [37.400795, 55.672269], [37.398265, 55.670985], [37.39287, 55.675355], [37.390236, 55.673569], [37.387419, 55.674723], [37.383981, 55.673552], [37.381569, 55.676204], [37.384858, 55.6766], [37.38604, 55.678538], [37.382808, 55.680674], [37.381411, 55.68764], [37.379209, 55.68808], [37.380273, 55.688959], [37.380224, 55.690255], [37.372149, 55.685063], [37.374256, 55.681932], [37.368726, 55.683125], [37.366389, 55.681157], [37.375372, 55.679718], [37.373285, 55.675326], [37.377634, 55.674512], [37.377761, 55.672505], [37.372124, 55.6715], [37.365276, 55.677942], [37.365012, 55.675472], [37.358644, 55.674826], [37.354933, 55.680542], [37.354629, 55.678733], [37.345027, 55.674927], [37.331175, 55.680085], [37.334291, 55.684402], [37.333049, 55.685741], [37.329039, 55.68214], [37.326133, 55.681848], [37.324825, 55.6786], [37.331959, 55.678269], [37.345988, 55.672246], [37.342279, 55.669801], [37.341377, 55.671578], [37.335331, 55.673539], [37.330284, 55.671857], [37.331707, 55.669347], [37.338933, 55.667279], [37.34735, 55.668131], [37.344852, 55.664795], [37.339686, 55.665443], [37.332589, 55.663605], [37.334256, 55.662045], [37.339103, 55.662505], [37.335116, 55.659593], [37.344961, 55.656045], [37.344792, 55.654426], [37.335389, 55.657887], [37.331643, 55.657981], [37.331827, 55.654952], [37.322476, 55.656359], [37.32412, 55.657796], [37.320978, 55.660066], [37.312507, 55.659366], [37.306531, 55.656898], [37.303185, 55.658033], [37.301931, 55.652357], [37.299281, 55.652652], [37.298565, 55.656071], [37.274148, 55.649986], [37.301931, 55.64705], [37.305746, 55.646287], [37.304794, 55.644659], [37.274519, 55.648247], [37.269463, 55.644185], [37.274804, 55.640132], [37.266965, 55.642546], [37.260707, 55.639392], [37.261457, 55.645479], [37.256412, 55.648529], [37.231771, 55.640353], [37.231877, 55.632127], [37.22162, 55.630981], [37.220686, 55.634002], [37.218076, 55.633824], [37.218369, 55.627157], [37.212051, 55.627816], [37.210053, 55.629472], [37.194004, 55.62433], [37.185136, 55.623577], [37.180913, 55.6236], [37.176708, 55.62408], [37.175575, 55.624077], [37.174089, 55.622178], [37.173255, 55.623421], [37.166385, 55.623434], [37.166017, 55.621662], [37.162843, 55.621496], [37.169518, 55.619097], [37.169553, 55.617997], [37.166319, 55.616308], [37.166299, 55.615607], [37.171827, 55.615857], [37.171694, 55.613909], [37.167463, 55.611701], [37.178941, 55.611665], [37.184368, 55.614214], [37.191219, 55.611769], [37.191109, 55.609438], [37.183584, 55.605248], [37.1881, 55.604316], [37.190121, 55.606054], [37.195168, 55.606356], [37.193337, 55.604592], [37.194924, 55.602851], [37.192391, 55.602215], [37.189146, 55.59693], [37.182992, 55.594858], [37.189231145197695, 55.58996763275038], [37.13670560517294, 55.5722894874578], [37.136682, 55.574172], [37.128854, 55.575342], [37.12729139583024, 55.56912101435888], [37.12600030810971, 55.56868648219989], [37.12420859970408, 55.56885481149277], [37.114957223917, 55.58208474700698], [37.120587, 55.584445], [37.118089, 55.586485], [37.113487286729544, 55.584186831566896], [37.104592552327624, 55.596906751853524], [37.1101, 55.598736], [37.105345, 55.602699], [37.10018019898419, 55.60145608507542], [37.09497379977167, 55.6019793852528], [37.092815, 55.607233]]], [[[37.011446, 55.6314], [37.013004, 55.628394], [37.010667, 55.624074], [37.013487, 55.622512], [37.016023, 55.6226], [37.01928, 55.62694], [37.02993, 55.625401], [37.021214, 55.622915], [37.014108, 55.616214], [37.01283054957926, 55.61023568209854], [37.00250641543076, 55.61127337072184], [37.003188, 55.611642], [37.01046, 55.618922], [37.007218, 55.62385], [37.010328, 55.630523], [37.003179, 55.628995], [37.002666353283566, 55.62916627507155], [37.00698898363238, 55.63165244081173], [37.011446, 55.6314]]], [[[36.980941, 55.61448], [36.993463, 55.617188], [36.997806, 55.614948], [36.996027, 55.612941], [36.999873, 55.612519], [37.00028950821527, 55.61149619419191], [36.9796669387538, 55.61356898842389], [36.980941, 55.61448]]]]}}, {"type": "Feature", "properties": {"lobe_id": "образовательный-цент-dri20-1", "school_id": "образовательный-центр-протон", "mode": "driving", "min": 20, "azimuth": 2.5, "width_deg": 10, "r_max_km": 14.4, "area_km2": 8.63, "elongation": 6.5, "zone_share": 0.0866, "thr_km": 13.04, "k_mad": 3, "suspicious": ""}, "geometry": {"type": "Polygon", "coordinates": [[[37.619093, 55.742929], [37.619091517561095, 55.74234343663215], [37.498559, 55.747606], [37.6100901380055, 55.76228935287719], [37.613208, 55.759918], [37.61653342601029, 55.75925170665043], [37.61665178782037, 55.75789882497056], [37.615876, 55.757554], [37.613499, 55.74907], [37.619078168240236, 55.75077490859542], [37.62507564051446, 55.74469256533611], [37.622502, 55.744187], [37.62269933646397, 55.742185915857], [37.62044000200409, 55.74228456052987], [37.619093, 55.742929]]]}}, {"type": "Feature", "properties": {"lobe_id": "образовательный-цент-dri20-2", "school_id": "образовательный-центр-протон", "mode": "driving", "min": 20, "azimuth": 185.1, "width_deg": 25, "r_max_km": 20.6, "area_km2": 13.22, "elongation": 3.3, "zone_share": 0.1326, "thr_km": 13.04, "k_mad": 3, "suspicious": ""}, "geometry": {"type": "MultiPolygon", "coordinates": [[[[37.433468, 55.732516], [37.420207, 55.73284], [37.42019, 55.734419], [37.427405, 55.736349], [37.431964, 55.735993], [37.433767, 55.734151], [37.441272, 55.734326], [37.442523, 55.733649], [37.438904, 55.7315], [37.445785, 55.732341], [37.441091, 55.735533], [37.438599, 55.735426], [37.427727, 55.742255], [37.420492, 55.743569], [37.420213, 55.744793], [37.429368, 55.750611], [37.441172, 55.75019], [37.453216, 55.752432], [37.454388663125705, 55.75342113516877], [37.498559, 55.747606], [37.43903879869534, 55.728839352614806], [37.433468, 55.732516]]], [[[37.369554, 55.755211], [37.371405, 55.754344], [37.369582, 55.750685], [37.372555, 55.749815], [37.372928, 55.74464], [37.377246, 55.738753], [37.375214, 55.73686], [37.379963, 55.733487], [37.384125, 55.733594], [37.380141, 55.729677], [37.39251, 55.730299], [37.403419, 55.729104], [37.403747, 55.732322], [37.40066, 55.73284], [37.40139, 55.734873], [37.398331, 55.737129], [37.401209, 55.737666], [37.405521, 55.735099], [37.408243, 55.738812], [37.411664, 55.739165], [37.413831, 55.738006], [37.407976, 55.73428], [37.412765, 55.733636], [37.407516, 55.732497], [37.406558, 55.729625], [37.409232, 55.72925], [37.409005, 55.72779], [37.421619, 55.727686], [37.436567, 55.728777], [37.43789616891587, 55.7284790828292], [37.39114549811804, 55.71373865294736], [37.389236, 55.713642], [37.389552983726915, 55.71323653508857], [37.384651732482524, 55.71169117650722], [37.384147543149915, 55.71203055884575], [37.38363412662454, 55.71394665540388], [37.384884, 55.714063], [37.38298286322212, 55.716377203510845], [37.381564920696775, 55.721669037057644], [37.378569822258264, 55.72174908154238], [37.378238, 55.722153], [37.367326, 55.723101], [37.367636, 55.726122], [37.377416, 55.725216], [37.378008, 55.726624], [37.372098, 55.729836], [37.353858, 55.729849], [37.34683, 55.72496], [37.332571252918584, 55.722978400663884], [37.325663165877366, 55.72316302039477], [37.329683, 55.724837], [37.344476, 55.727035], [37.352266, 55.730826], [37.372259, 55.731001], [37.373495, 55.734882], [37.369404, 55.736281], [37.36702294859055, 55.74126483107073], [37.3690223631417, 55.74195030829357], [37.365971900272406, 55.75339487779161], [37.365807213633246, 55.75354006896009], [37.365748, 55.762697], [37.35686549723166, 55.761423272231674], [37.35512776200556, 55.76295529577215], [37.36401552803933, 55.7653189841177], [37.369792863160534, 55.76455838351959], [37.369554, 55.755211]]]]}}, {"type": "Feature", "properties": {"lobe_id": "образовательный-цент-dri40-1", "school_id": "образовательный-центр-протон", "mode": "driving", "min": 40, "azimuth": 194.7, "width_deg": 35, "r_max_km": 48.52, "area_km2": 192.66, "elongation": 3.3, "zone_share": 0.3234, "thr_km": 25.12, "k_mad": 3, "suspicious": ""}, "geometry": {"type": "Polygon", "coordinates": [[[37.305588, 55.658195], [37.303188, 55.659969], [37.295409, 55.655065], [37.290496, 55.655224], [37.279038, 55.65176], [37.277716, 55.652691], [37.273562, 55.649875], [37.267304, 55.649531], [37.266398, 55.647283], [37.266344, 55.648701], [37.259203, 55.648574], [37.259821, 55.651267], [37.253914, 55.655279], [37.246857, 55.657238], [37.241429, 55.655474], [37.236479, 55.656564], [37.23522, 55.65127], [37.247242, 55.647445], [37.231854, 55.641813], [37.226246, 55.645528], [37.220979, 55.645817], [37.219479, 55.648302], [37.221681, 55.650021], [37.216952, 55.652662], [37.214537, 55.646144], [37.224032, 55.636268], [37.219605, 55.635534], [37.201125, 55.626518], [37.195076, 55.626365], [37.193846, 55.62445], [37.187424, 55.625771], [37.186174, 55.623915], [37.181896, 55.623752], [37.17901, 55.625048], [37.175949, 55.622285], [37.16276, 55.621512], [37.169464, 55.618672], [37.166267, 55.615591], [37.171786, 55.615425], [37.16744, 55.611685], [37.17518988782881, 55.611663228613644], [37.14323106319609, 55.60042434948577], [37.09248606101078, 55.61776106325122], [37.092792, 55.617883], [37.095339, 55.619737], [37.093085, 55.627329], [37.096449, 55.628836], [37.093321, 55.632075], [37.096334, 55.63309], [37.096331, 55.635236], [37.093913, 55.637264], [37.08689, 55.634256], [37.088699, 55.630887], [37.087014, 55.630059], [37.082694, 55.633314], [37.08268752977835, 55.63331541148371], [37.08044718441949, 55.637964058805984], [37.090553, 55.642329], [37.080998, 55.643396], [37.083973, 55.644834], [37.079856, 55.645969], [37.080115, 55.647647], [37.07639350729573, 55.64637531345131], [37.074716186319584, 55.64985570259467], [37.077709, 55.649116], [37.095316, 55.657002], [37.089992, 55.66306], [37.091248, 55.665346], [37.094163, 55.665103], [37.093203, 55.663631], [37.09974, 55.658182], [37.122659, 55.659084], [37.130113, 55.660722], [37.133379, 55.659113], [37.131763, 55.65838], [37.139915, 55.655127], [37.139435, 55.658403], [37.150255, 55.667181], [37.152935, 55.664299], [37.149022, 55.662434], [37.150635, 55.660407], [37.144411, 55.655166], [37.15386, 55.65454], [37.156108, 55.658727], [37.164082, 55.655795], [37.171027, 55.657754], [37.171016, 55.661098], [37.165385, 55.664506], [37.169892, 55.666893], [37.167742, 55.668193], [37.169886, 55.671406], [37.166626, 55.672502], [37.164045, 55.677958], [37.160552, 55.677388], [37.158365, 55.678629], [37.15447, 55.677446], [37.1445, 55.681219], [37.143308, 55.67976], [37.149773, 55.677482], [37.148315, 55.675572], [37.131775, 55.678694], [37.127259, 55.675757], [37.114714, 55.676885], [37.112782, 55.67149], [37.109261, 55.669668], [37.110411, 55.677251], [37.10626, 55.677118], [37.105138, 55.678717], [37.114056, 55.680175], [37.123706, 55.679595], [37.125338, 55.682454], [37.12376, 55.68389], [37.115016, 55.68399], [37.11346, 55.682888], [37.109453, 55.684065], [37.106458, 55.682188], [37.097104, 55.681303], [37.095534, 55.675381], [37.092459, 55.675086], [37.091335, 55.683057], [37.101074, 55.684253], [37.102985, 55.686995], [37.100433, 55.68764], [37.10281, 55.689085], [37.108105, 55.686006], [37.135451, 55.686979], [37.132758, 55.687478], [37.130918, 55.69148], [37.123967, 55.696775], [37.120098, 55.696214], [37.118014, 55.693871], [37.114343, 55.694626], [37.114846, 55.699431], [37.090179, 55.706921], [37.08602342435658, 55.70926703534844], [37.08522113488261, 55.71274877359181], [37.091346, 55.708875], [37.097656, 55.707874], [37.103954, 55.704385], [37.116807, 55.703458], [37.120765, 55.700342], [37.124628, 55.701414], [37.131737, 55.694707], [37.134344, 55.696133], [37.137604, 55.693372], [37.142445, 55.69544], [37.130429, 55.702386], [37.130432, 55.706588], [37.132545, 55.707077], [37.13759, 55.701566], [37.142207, 55.703407], [37.145561, 55.703002], [37.143098, 55.705302], [37.151109, 55.708521], [37.154001, 55.708227], [37.154608, 55.70983], [37.161938, 55.708249], [37.163254, 55.712875], [37.159305, 55.714209], [37.161501, 55.716304], [37.168696, 55.71474], [37.176414, 55.718244], [37.180387, 55.718312], [37.175926, 55.722855], [37.173252, 55.721764], [37.154076, 55.723797], [37.1491, 55.72021], [37.147421, 55.721657], [37.149106, 55.724128], [37.141945, 55.722787], [37.143615, 55.721165], [37.13648, 55.718934], [37.132706, 55.719811], [37.137895, 55.721819], [37.140761, 55.726656], [37.143931, 55.725565], [37.15196, 55.726825], [37.154861, 55.72563], [37.159834, 55.727158], [37.153441, 55.72766], [37.153441, 55.72925], [37.157439, 55.72992], [37.148841, 55.732192], [37.14275228158266, 55.737891344168204], [37.15155034549801, 55.739109917749964], [37.153415, 55.737368], [37.160897, 55.737663], [37.163283, 55.735575], [37.161613, 55.732904], [37.167101, 55.73137], [37.172436, 55.73317], [37.173824, 55.73127], [37.170605, 55.729146], [37.178447, 55.726197], [37.181689, 55.726517], [37.17738, 55.729806], [37.17759, 55.732484], [37.183707, 55.730133], [37.188143, 55.731296], [37.192354, 55.729373], [37.189945, 55.733319], [37.191753, 55.735193], [37.199423, 55.728958], [37.206813, 55.729677], [37.206063, 55.737197], [37.207851, 55.73843], [37.21381, 55.737125], [37.20957, 55.734873], [37.2116, 55.730648], [37.226999, 55.736375], [37.231817, 55.736281], [37.225921, 55.733076], [37.227545, 55.732183], [37.221261, 55.732497], [37.210964, 55.727427], [37.213092, 55.72564], [37.220675, 55.727964], [37.225234, 55.723924], [37.224116, 55.722467], [37.222402, 55.721832], [37.216987, 55.724678], [37.21494, 55.722483], [37.21243, 55.723474], [37.209196, 55.719242], [37.205422, 55.72076], [37.200768, 55.719462], [37.199535, 55.715547], [37.22336, 55.709399], [37.22816, 55.704712], [37.227252, 55.701868], [37.232969, 55.697986], [37.238322, 55.697095], [37.245635, 55.691512], [37.265274, 55.694101], [37.264205, 55.703222], [37.26875, 55.711589], [37.266424, 55.716172], [37.262121, 55.716337], [37.260824, 55.718973], [37.275629, 55.724549], [37.275669, 55.725837], [37.269442, 55.724711], [37.266697, 55.7263], [37.269917, 55.728456], [37.26996, 55.734733], [37.266459, 55.737546], [37.253825, 55.736423], [37.250346, 55.733335], [37.24312, 55.735423], [37.239518, 55.738786], [37.248768, 55.737122], [37.256429, 55.739835], [37.272081, 55.740682], [37.272858, 55.742941], [37.276827, 55.74266], [37.281723, 55.748258], [37.285517, 55.747427], [37.284692, 55.745242], [37.2883, 55.745268], [37.290594, 55.746579], [37.289415, 55.747909], [37.281593, 55.750882], [37.284402, 55.752888], [37.294811, 55.752869], [37.305516, 55.747854], [37.30555, 55.75173], [37.303294, 55.752872], [37.305533, 55.753701], [37.300106, 55.754555], [37.29956566586561, 55.75629423660081], [37.309760937215195, 55.75584910144048], [37.310043, 55.753671], [37.31702, 55.754325], [37.31680954269929, 55.755541352678854], [37.321257247570905, 55.75534716169038], [37.320389, 55.752377], [37.328202, 55.752248], [37.328478, 55.751086], [37.33357530098075, 55.75480934386371], [37.498559, 55.747606], [37.38344895500719, 55.67427281361486], [37.381644, 55.676198], [37.384864, 55.676593], [37.386057, 55.678532], [37.382734, 55.680924], [37.38142, 55.68764], [37.379253, 55.688064], [37.380285, 55.688959], [37.380224, 55.690258], [37.372144, 55.68507], [37.374185, 55.681971], [37.368726, 55.683131], [37.366374, 55.681161], [37.370192, 55.679809], [37.372578, 55.681038], [37.375421, 55.679446], [37.373273, 55.675326], [37.377516, 55.674447], [37.377686, 55.672499], [37.372115, 55.671533], [37.37044434839599, 55.67310007560165], [37.366975647279105, 55.67910804217237], [37.358026081177115, 55.675960770868656], [37.354939, 55.680561], [37.354508, 55.678804], [37.345729, 55.674989], [37.338459, 55.677472], [37.331192, 55.680318], [37.33432, 55.684402], [37.333037, 55.685757], [37.329896, 55.682308], [37.326107, 55.681874], [37.324692, 55.678597], [37.329927, 55.67871], [37.344958, 55.672729], [37.338933, 55.671815], [37.335386, 55.673815], [37.330284, 55.672074], [37.33033, 55.669886], [37.3347257567329, 55.667766804629956], [37.32682952644646, 55.66498995727168], [37.327797, 55.666831], [37.325609, 55.672084], [37.322758, 55.671124], [37.321243, 55.672483], [37.324353, 55.668248], [37.321637, 55.667908], [37.317262, 55.670942], [37.314433, 55.670926], [37.313789, 55.668034], [37.309592, 55.66555], [37.310555, 55.662411], [37.307405, 55.661056], [37.310851, 55.660414], [37.310436046336214, 55.65922490353263], [37.30914040902126, 55.65876927003097], [37.305588, 55.658195]]]}}]}